trip,date,post_count
00pmcGWv,2025-11-29,1
00pmcGWv,2025-12-02,1
00pmcGWv,2025-12-09,1
00pmcGWv,2025-12-10,1
00pmcGWv,2025-12-13,1
00pmcGWv,2025-12-15,1
00pmcGWv,2025-12-17,1
00pmcGWv,2025-12-18,1
00pmcGWv,2025-12-19,1
00pmcGWv,2025-12-24,2
00pmcGWv,2025-12-26,1
01YElSMx,2026-09-06,3
01YElSMx,2026-09-09,1
01YElSMx,2026-09-12,2
01YElSMx,2026-09-13,4
01YElSMx,2026-09-20,2
01YElSMx,2026-09-21,1
030cL9xv,2025-02-16,1
030cL9xv,2025-02-20,1
03OGf7GN,2025-05-02,1
04Bs6pox,2025-03-02,1
04Bs6pox,2025-03-08,1
06NRrcHg,2026-03-03,1
06NRrcHg,2026-03-07,2
06NRrcHg,2026-03-10,1
06NRrcHg,2026-03-11,1
06NRrcHg,2026-03-12,1
06NRrcHg,2026-03-14,3
06NRrcHg,2026-03-15,1
06NRrcHg,2026-03-16,1
06NRrcHg,2026-03-17,1
06QB4KUH,2026-01-02,1
07Z0TgzT,2025-11-29,1
07Z0TgzT,2025-12-01,2
07Z0TgzT,2025-12-05,1
07Z0TgzT,2025-12-08,1
07Z0TgzT,2025-12-11,1
07Z0TgzT,2025-12-12,1
07Z0TgzT,2025-12-15,1
07Z0TgzT,2025-12-18,1
07Z0TgzT,2025-12-20,1
07Z0TgzT,2025-12-22,1
07Z0TgzT,2025-12-25,1
07Z0TgzT,2025-12-26,2
088kxKAO,2025-03-24,1
088kxKAO,2025-03-25,1
08QseaH1,2025-12-15,1
08YJvaSI,2025-02-19,1
098ki6dO,2025-09-30,1
09VC37wx,2025-02-10,1
09VC37wx,2025-02-11,1
09WSOXaa,2025-06-03,1
09WSOXaa,2025-06-06,2
09WSOXaa,2025-06-07,1
09WSOXaa,2025-06-08,1
09WSOXaa,2025-06-10,4
09dWElJ2,2025-10-05,1
09m24eG6,2025-05-03,1
09mU2DKb,2026-09-12,1
09sEz999,2026-04-07,1
0AVcnMHd,2026-06-07,1
0Ad2ke3j,2026-04-21,1
0Ad2ke3j,2026-04-22,1
0Ad2ke3j,2026-05-11,1
0B3fKJt5,2025-04-26,1
0By7gLUl,2025-02-09,1
0By7gLUl,2025-02-11,2
0CFv15uP,2025-11-23,1
0CFv15uP,2025-11-28,1
0CLPy8K4,2025-03-07,1
0CN5ZtgY,2026-06-23,1
0CN5ZtgY,2026-07-05,1
0CN5ZtgY,2026-07-07,1
0CN5ZtgY,2026-07-12,1
0CN5ZtgY,2026-07-13,2
0CN5ZtgY,2026-07-15,1
0CrZZdQg,2025-04-04,2
0DAiQ1RS,2026-03-09,1
0EJJnyxx,2026-06-23,1
0EJJnyxx,2026-07-01,1
0EJJnyxx,2026-07-07,1
0EJJnyxx,2026-07-12,1
0FMFkKAl,2025-09-04,1
0Gt55R98,2025-03-01,1
0H7cQYES,2025-11-18,1
0H7cQYES,2025-11-19,1
0H7cQYES,2025-11-23,7
0H7cQYES,2025-11-24,4
0H7cQYES,2025-11-25,1
0HTZgkyS,2025-07-23,1
0HTZgkyS,2025-07-25,1
0HTZgkyS,2025-07-26,1
0Hli7nFe,2025-08-12,1
0Hli7nFe,2025-08-19,1
0Hli7nFe,2025-08-20,1
0IUaof9J,2026-05-22,1
0IUaof9J,2026-06-04,1
0IUaof9J,2026-06-05,1
0IUaof9J,2026-06-09,1
0IUaof9J,2026-06-16,1
0IUaof9J,2026-06-17,1
0IkkdOIh,2025-09-15,1
0IkkdOIh,2025-09-17,2
0IkkdOIh,2025-09-19,1
0IkkdOIh,2025-09-21,4
0IkkdOIh,2025-09-22,2
0IkkdOIh,2025-09-23,2
0IkkdOIh,2025-09-26,1
0IkkdOIh,2025-09-28,1
0JJSZcKZ,2026-08-20,4
0JJSZcKZ,2026-08-22,2
0JJSZcKZ,2026-08-23,4
0JJSZcKZ,2026-08-24,5
0JJSZcKZ,2026-08-25,1
0JJSZcKZ,2026-08-26,1
0JJSZcKZ,2026-08-27,5
0JJSZcKZ,2026-08-28,2
0JJSZcKZ,2026-08-29,1
0JJSZcKZ,2026-08-30,3
0JJSZcKZ,2026-08-31,8
0JJSZcKZ,2026-09-04,5
0JJSZcKZ,2026-09-06,1
0JJSZcKZ,2026-09-08,2
0JJSZcKZ,2026-09-09,1
0JJSZcKZ,2026-09-11,1
0JJSZcKZ,2026-09-12,1
0JJSZcKZ,2026-09-13,8
0JJSZcKZ,2026-09-14,2
0JJSZcKZ,2026-09-15,6
0JJSZcKZ,2026-09-16,2
0JJSZcKZ,2026-09-17,4
0JJSZcKZ,2026-09-18,3
0JJSZcKZ,2026-09-19,8
0JJSZcKZ,2026-09-20,18
0JJSZcKZ,2026-09-21,2
0KSUXuaS,2025-03-22,1
0KstUllp,2026-02-03,1
0KstUllp,2026-02-05,2
0KstUllp,2026-02-06,1
0KstUllp,2026-02-09,1
0KstUllp,2026-02-13,2
0KstUllp,2026-02-17,1
0KstUllp,2026-02-20,2
0KstUllp,2026-02-21,2
0KstUllp,2026-02-22,1
0KstUllp,2026-02-25,1
0KstUllp,2026-02-26,1
0Kysb6MP,2026-08-23,1
0Kysb6MP,2026-09-06,2
0Kysb6MP,2026-09-11,1
0NO3QchO,2025-09-06,1
0NO3QchO,2025-09-09,3
0NO3QchO,2025-09-12,1
0NO3QchO,2025-09-13,1
0NO3QchO,2025-09-14,1
0NjmMcGl,2025-03-12,1
0O5bKulu,2025-11-29,1
0O5bKulu,2025-12-02,1
0O5bKulu,2025-12-03,1
0O5bKulu,2025-12-20,2
0OnblFgW,2026-04-17,1
0OrEcRaL,2026-06-30,1
0PEgFSrC,2025-12-08,1
0PEgFSrC,2025-12-09,1
0PM7ZdhV,2026-05-21,1
0PM7ZdhV,2026-06-20,1
0PeA5xap,2025-09-06,1
0PeA5xap,2025-09-13,1
0PljMKZ9,2025-09-24,1
0QKHkF6b,2026-03-24,1
0QKHkF6b,2026-03-25,5
0QKHkF6b,2026-03-29,1
0QKHkF6b,2026-03-31,2
0QKHkF6b,2026-04-02,2
0QKHkF6b,2026-04-04,1
0QKHkF6b,2026-04-05,1
0QKHkF6b,2026-04-06,1
0QKHkF6b,2026-04-07,1
0QKHkF6b,2026-04-09,1
0QKHkF6b,2026-04-11,1
0QKHkF6b,2026-04-12,1
0QKHkF6b,2026-04-13,4
0QKHkF6b,2026-04-14,1
0QNTKEya,2026-08-23,2
0QNTKEya,2026-09-16,1
0QNTKEya,2026-09-19,1
0QNTKEya,2026-09-21,2
0QUY2DT3,2026-08-01,1
0QUY2DT3,2026-08-07,1
0QUY2DT3,2026-08-13,1
0QW4eerF,2025-07-16,2
0S5BLZ1J,2026-01-13,1
0S5BLZ1J,2026-01-15,1
0S5BLZ1J,2026-01-18,1
0S5BLZ1J,2026-01-19,1
0S5BLZ1J,2026-01-23,1
0S5BLZ1J,2026-01-31,2
0SZTERmL,2025-12-05,1
0TArSJFw,2025-03-13,1
0Ttt4Wmu,2026-08-19,1
0Ttt4Wmu,2026-08-29,1
0Ttt4Wmu,2026-09-09,1
0Ttt4Wmu,2026-09-16,1
0Ttt4Wmu,2026-09-19,1
0Ttt4Wmu,2026-09-20,1
0UqQPlhM,2026-05-17,1
0UqQPlhM,2026-05-18,1
0UqQPlhM,2026-05-26,1
0UqQPlhM,2026-05-30,1
0UqQPlhM,2026-05-31,1
0UqQPlhM,2026-06-01,3
0UqQPlhM,2026-06-02,3
0UqQPlhM,2026-06-04,1
0UqQPlhM,2026-06-07,1
0UqQPlhM,2026-06-09,2
0UqQPlhM,2026-06-16,1
0UqQPlhM,2026-06-19,1
0UqQPlhM,2026-06-20,1
0V0Z0sQ7,2025-11-18,2
0V0Z0sQ7,2025-11-19,1
0VlnxaNk,2025-07-18,1
0VlnxaNk,2025-07-19,1
0VlnxaNk,2025-07-20,1
0VlnxaNk,2025-07-24,1
0VlnxaNk,2025-07-26,1
0WCD6K2p,2025-03-02,1
0WCD6K2p,2025-03-04,1
0WHb35DS,2025-11-30,1
0WHb35DS,2025-12-04,1
0WHb35DS,2025-12-05,2
0WHb35DS,2025-12-07,1
0WHb35DS,2025-12-09,1
0WHb35DS,2025-12-13,1
0WHb35DS,2025-12-19,1
0WHb35DS,2025-12-21,1
0WHb35DS,2025-12-23,1
0WHb35DS,2025-12-24,1
0WRyLoo7,2025-04-30,1
0WRyLoo7,2025-05-01,1
0WRyLoo7,2025-05-04,1
0WRyLoo7,2025-05-08,9
0WRyLoo7,2025-05-09,1
0WRyLoo7,2025-05-13,2
0WRyLoo7,2025-05-14,1
0X18DbfW,2025-07-24,1
0XFv4hCD,2026-06-26,1
0XFv4hCD,2026-06-27,1
0XFv4hCD,2026-06-29,2
0XFv4hCD,2026-07-08,1
0XFv4hCD,2026-07-11,1
0XFv4hCD,2026-07-14,1
0XTQOAgV,2026-04-22,1
0XTQOAgV,2026-04-26,2
0XTQOAgV,2026-04-28,1
0Xfuv2M2,2026-02-13,44
0Xfuv2M2,2026-02-14,1
0Xfuv2M2,2026-02-15,1
0Xfuv2M2,2026-02-18,1
0Xfuv2M2,2026-02-22,2
0Xfuv2M2,2026-02-26,1
0Xpdnbog,2026-09-19,2
0XvkruOq,2026-09-13,2
0YYDNgQX,2025-06-19,2
0YluGR7f,2025-08-27,1
0ZZqM1An,2026-04-16,1
0ZZqM1An,2026-04-17,1
0ZZqM1An,2026-04-19,3
0ZZqM1An,2026-04-23,2
0ZZqM1An,2026-04-25,1
0ZZqM1An,2026-04-26,2
0ZZqM1An,2026-04-27,1
0ZZqM1An,2026-04-28,2
0ZZqM1An,2026-04-30,2
0ZZqM1An,2026-05-02,3
0ZZqM1An,2026-05-04,3
0ZZqM1An,2026-05-05,4
0ZZqM1An,2026-05-09,1
0ZZqM1An,2026-05-11,2
0ZZqM1An,2026-05-13,2
0ZZqM1An,2026-05-14,1
0Zzsr7Sk,2025-10-30,1
0a8RGiOQ,2025-12-01,1
0a8RGiOQ,2025-12-06,1
0aQTdX7o,2025-05-31,1
0aWFHxQW,2025-09-08,1
0aWFHxQW,2025-09-09,2
0aWFHxQW,2025-09-10,4
0aWFHxQW,2025-09-11,2
0aWFHxQW,2025-09-13,1
0bwN0YsM,2026-09-05,1
0eIOrFIA,2025-07-30,1
0eIOrFIA,2025-08-06,1
0eJKgFES,2026-01-09,1
0eJKgFES,2026-01-27,1
0eJKgFES,2026-02-01,1
0eWrLC8u,2025-12-01,2
0eWrLC8u,2025-12-15,1
0eWrLC8u,2025-12-21,2
0eWrLC8u,2025-12-27,1
0eqvMI7W,2025-04-01,1
0f11qits,2026-01-02,1
0f11qits,2026-01-03,2
0f11qits,2026-01-19,1
0f1KKp5i,2025-06-27,1
0f80lFw6,2025-07-20,1
0fY4QbTG,2026-04-28,1
0fY4QbTG,2026-05-03,1
0fY4QbTG,2026-05-10,1
0fY4QbTG,2026-05-11,1
0g1s3qNf,2026-02-27,1
0g1s3qNf,2026-02-28,1
0g1s3qNf,2026-03-01,1
0g1s3qNf,2026-03-02,1
0g1s3qNf,2026-03-03,1
0g1s3qNf,2026-03-04,1
0g1s3qNf,2026-03-05,1
0g1s3qNf,2026-03-06,1
0g1s3qNf,2026-03-07,3
0g1s3qNf,2026-03-08,1
0g1s3qNf,2026-03-09,8
0g1s3qNf,2026-03-10,4
0g1s3qNf,2026-03-11,1
0g1s3qNf,2026-03-12,2
0g1s3qNf,2026-03-13,3
0g1s3qNf,2026-03-14,3
0g1s3qNf,2026-03-15,2
0g1s3qNf,2026-03-16,1
0g1s3qNf,2026-03-17,1
0g1s3qNf,2026-03-18,2
0g1s3qNf,2026-03-19,1
0g1s3qNf,2026-03-20,2
0g1s3qNf,2026-03-21,1
0g1s3qNf,2026-03-22,1
0g890Mj4,2026-02-03,1
0g890Mj4,2026-02-06,1
0g890Mj4,2026-02-10,3
0g890Mj4,2026-02-11,1
0g890Mj4,2026-02-15,1
0g890Mj4,2026-02-16,3
0g890Mj4,2026-02-17,1
0g890Mj4,2026-02-19,1
0g890Mj4,2026-02-21,1
0g890Mj4,2026-02-25,6
0gDLDHI7,2025-05-08,1
0gebrtSU,2026-02-05,1
0gebrtSU,2026-02-07,1
0gebrtSU,2026-02-14,2
0gebrtSU,2026-02-20,1
0gebrtSU,2026-02-21,1
0hG3fJ6w,2025-08-26,1
0hG3fJ6w,2025-08-27,1
0hG3fJ6w,2025-08-31,1
0hG3fJ6w,2025-09-03,1
0hznFURG,2026-08-19,1
0hznFURG,2026-09-06,1
0iQWm1HQ,2025-08-11,1
0jJYLf7d,2026-08-29,2
0jJYLf7d,2026-08-31,1
0kY3mK4Q,2026-01-13,1
0kY3mK4Q,2026-01-18,2
0kY3mK4Q,2026-01-23,1
0kY3mK4Q,2026-01-24,1
0kY3mK4Q,2026-01-26,1
0l3S39U9,2026-07-01,1
0l3S39U9,2026-07-14,1
0lhKMQn8,2025-07-13,1
0luprA2E,2025-04-09,2
0luprA2E,2025-04-11,1
0n1CFCD7,2026-06-01,1
0n1CFCD7,2026-06-15,1
0n1CFCD7,2026-06-21,2
0nniXKRm,2025-10-10,1
0nunkX8u,2025-10-04,1
0nunkX8u,2025-10-05,1
0nunkX8u,2025-10-06,1
0oEIm08N,2025-03-25,1
0oh0uKsk,2025-07-10,1
0onrfe9S,2025-06-02,1
0oqyJSDj,2026-05-16,2
0oqyJSDj,2026-05-19,1
0oqyJSDj,2026-06-06,1
0oqyJSDj,2026-06-07,1
0oqyJSDj,2026-06-08,1
0oqyJSDj,2026-06-09,2
0oqyJSDj,2026-06-10,3
0oqyJSDj,2026-06-11,2
0oqyJSDj,2026-06-12,2
0oqyJSDj,2026-06-13,1
0oqyJSDj,2026-06-14,3
0oqyJSDj,2026-06-15,2
0oqyJSDj,2026-06-16,1
0oqyJSDj,2026-06-17,1
0oqyJSDj,2026-06-18,2
0oqyJSDj,2026-06-19,2
0oqyJSDj,2026-06-20,1
0oqyJSDj,2026-06-21,2
0oqyJSDj,2026-06-22,2
0qBZYzZK,2025-03-22,1
0qBZYzZK,2025-03-24,1
0qRw1Gbr,2026-02-28,1
0qRw1Gbr,2026-03-09,1
0qWA9FAL,2025-04-12,1
0r9NDv9g,2026-02-03,1
0r9NDv9g,2026-02-04,1
0r9NDv9g,2026-02-05,1
0r9NDv9g,2026-02-08,2
0r9NDv9g,2026-02-12,1
0r9NDv9g,2026-02-13,1
0r9NDv9g,2026-02-14,2
0r9NDv9g,2026-02-15,2
0r9NDv9g,2026-02-16,1
0r9NDv9g,2026-02-17,3
0r9NDv9g,2026-02-20,1
0r9NDv9g,2026-02-21,2
0r9NDv9g,2026-02-22,2
0r9NDv9g,2026-02-25,2
0r9NDv9g,2026-02-26,1
0r9NDv9g,2026-02-27,1
0sx7q7Q0,2025-08-01,1
0uSQ9viJ,2025-05-03,1
0uSQ9viJ,2025-05-05,1
0uSQ9viJ,2025-05-06,1
0uSQ9viJ,2025-05-10,1
0uSQ9viJ,2025-05-11,4
0wHwOqTo,2026-06-01,1
0wNHfclv,2026-07-17,1
0wNHfclv,2026-08-08,1
0wNHfclv,2026-08-13,1
0wsZvRru,2026-04-18,1
0wsZvRru,2026-04-19,1
0wsZvRru,2026-04-25,2
0wsZvRru,2026-04-30,1
0wsZvRru,2026-05-02,6
0wsZvRru,2026-05-03,1
0wsZvRru,2026-05-05,2
0wsZvRru,2026-05-07,1
0wsZvRru,2026-05-08,1
0wsZvRru,2026-05-09,1
0wsZvRru,2026-05-10,2
0wsZvRru,2026-05-14,5
0wzaJ1Xb,2026-02-06,1
0wzaJ1Xb,2026-02-12,1
0wzaJ1Xb,2026-02-15,1
0wzaJ1Xb,2026-02-16,1
0wzaJ1Xb,2026-02-21,1
0wzaJ1Xb,2026-02-26,1
0xAYwbpX,2025-12-26,1
0xZbXKiE,2025-06-27,1
0xZbXKiE,2025-06-28,1
0xZbXKiE,2025-07-13,4
0yA9jMkb,2026-02-27,1
0yA9jMkb,2026-03-06,1
0yA9jMkb,2026-03-09,1
0yA9jMkb,2026-03-10,1
0yA9jMkb,2026-03-14,1
0yA9jMkb,2026-03-20,2
0ynguNXb,2025-07-08,1
0ynguNXb,2025-07-10,1
0zItrJkQ,2026-02-25,1
0zNZ3gLQ,2025-04-09,1
0zNZ3gLQ,2025-04-12,1
117thR0K,2025-08-08,1
117thR0K,2025-08-22,1
117thR0K,2025-08-24,1
11CjZ84k,2025-08-25,1
11UlUdvd,2025-04-11,1
11zaUzTb,2025-07-12,1
135jlgeX,2025-10-09,1
13LzhYSG,2025-09-24,1
13LzhYSG,2025-09-30,1
13PqQMjl,2025-10-17,1
13PqQMjl,2025-10-18,1
13PqQMjl,2025-10-20,1
13PqQMjl,2025-10-25,2
13PqQMjl,2025-10-30,1
13PqQMjl,2025-10-31,1
13PqQMjl,2025-11-01,1
15TBngwC,2025-08-26,1
15TBngwC,2025-08-29,1
15eXkIuX,2025-10-18,1
15eXkIuX,2025-10-22,1
15eXkIuX,2025-10-24,1
15j9KzyM,2025-05-02,4
15j9KzyM,2025-05-05,1
15j9KzyM,2025-05-06,1
15j9KzyM,2025-05-07,2
15j9KzyM,2025-05-08,1
15j9KzyM,2025-05-09,2
15j9KzyM,2025-05-11,1
15j9KzyM,2025-05-12,1
15j9KzyM,2025-05-13,2
15j9KzyM,2025-05-14,2
15j9KzyM,2025-05-15,1
15kRbVBq,2025-11-19,1
16Jagjoa,2025-12-08,3
16RpGNUY,2026-03-28,1
16RpGNUY,2026-04-01,1
16RpGNUY,2026-04-02,1
16RpGNUY,2026-04-05,1
16RpGNUY,2026-04-09,3
16RpGNUY,2026-04-11,1
16RpGNUY,2026-04-13,1
16xKPnRy,2026-05-19,1
16xKPnRy,2026-05-25,1
16xKPnRy,2026-05-26,1
16xKPnRy,2026-06-06,1
16xKPnRy,2026-06-07,2
16xKPnRy,2026-06-14,2
16xKPnRy,2026-06-18,1
16xKPnRy,2026-06-20,1
170KB2kf,2026-08-18,2
170KB2kf,2026-08-23,1
170KB2kf,2026-08-31,4
170KB2kf,2026-09-02,1
170KB2kf,2026-09-03,2
170KB2kf,2026-09-05,1
170KB2kf,2026-09-06,1
170KB2kf,2026-09-07,1
170KB2kf,2026-09-08,1
170KB2kf,2026-09-12,1
170KB2kf,2026-09-13,2
170KB2kf,2026-09-15,2
170KB2kf,2026-09-19,2
170KB2kf,2026-09-20,1
18TwkYRl,2026-04-16,1
18TwkYRl,2026-04-17,1
18TwkYRl,2026-04-23,1
18TwkYRl,2026-05-04,2
18TwkYRl,2026-05-05,3
18TwkYRl,2026-05-09,3
18TwkYRl,2026-05-14,1
18Ufntg6,2025-05-24,1
18t81Txt,2026-03-28,1
19DlfSkb,2026-05-19,1
19DlfSkb,2026-06-06,1
19jIsqmT,2025-12-01,1
19jIsqmT,2025-12-02,1
19jIsqmT,2025-12-04,1
19jIsqmT,2025-12-05,1
19jIsqmT,2025-12-09,1
19jIsqmT,2025-12-14,1
1AssQObX,2025-06-02,1
1AssQObX,2025-06-15,1
1BNO37hB,2025-10-27,1
1BNO37hB,2025-10-30,2
1BVNf6KE,2025-04-04,2
1CCzaAjG,2025-03-21,1
1CCzaAjG,2025-03-23,1
1CCzaAjG,2025-03-25,1
1CK2qYXL,2025-12-28,2
1CK2qYXL,2025-12-31,1
1CK2qYXL,2026-01-13,1
1CK2qYXL,2026-01-15,1
1CK2qYXL,2026-01-16,1
1CK2qYXL,2026-01-18,1
1CK2qYXL,2026-01-19,1
1CK2qYXL,2026-01-23,1
1CK2qYXL,2026-01-24,1
1CK2qYXL,2026-01-27,1
1CLdQAZY,2026-06-23,1
1CLdQAZY,2026-06-24,1
1CLdQAZY,2026-06-25,2
1CLdQAZY,2026-06-26,1
1CLdQAZY,2026-06-27,2
1CLdQAZY,2026-06-28,2
1CLdQAZY,2026-06-29,3
1CLdQAZY,2026-07-01,1
1CLdQAZY,2026-07-02,1
1CLdQAZY,2026-07-04,2
1CLdQAZY,2026-07-05,1
1CLdQAZY,2026-07-06,2
1CLdQAZY,2026-07-07,2
1CLdQAZY,2026-07-08,2
1CLdQAZY,2026-07-09,1
1CLdQAZY,2026-07-10,1
1CLdQAZY,2026-07-13,1
1CLdQAZY,2026-07-14,1
1CLdQAZY,2026-07-16,1
1CcLbidk,2025-05-15,1
1D3EWGNv,2026-05-25,1
1DfiKkg0,2026-01-14,1
1ErdcHzX,2025-03-03,1
1ErdcHzX,2025-03-06,1
1FUKTzbw,2025-11-21,3
1FUKTzbw,2025-11-22,1
1FUKTzbw,2025-11-25,1
1FUKTzbw,2025-11-27,1
1GShAqJb,2025-10-19,1
1GShAqJb,2025-10-20,1
1GShAqJb,2025-10-23,1
1GShAqJb,2025-10-27,1
1GShAqJb,2025-10-29,1
1Gq5se7l,2025-12-09,2
1Gt33elv,2026-06-24,1
1Gt33elv,2026-06-25,3
1Gt33elv,2026-07-13,1
1HDG0Xil,2025-10-26,1
1HDG0Xil,2025-10-27,1
1HDG0Xil,2025-10-30,1
1HKejNmZ,2025-11-01,1
1HS4D0vK,2026-04-16,1
1HS4D0vK,2026-04-20,1
1HS4D0vK,2026-04-27,1
1HS4D0vK,2026-05-02,1
1HS4D0vK,2026-05-04,1
1HS4D0vK,2026-05-11,1
1HS4D0vK,2026-05-13,3
1JFPsvMN,2025-12-29,1
1JFPsvMN,2025-12-31,1
1JFPsvMN,2026-01-27,1
1JFPsvMN,2026-01-30,1
1JrHUshl,2026-03-24,1
1JrHUshl,2026-03-30,1
1JrHUshl,2026-04-15,2
1KrCojpb,2026-06-23,1
1KrCojpb,2026-06-24,1
1KrCojpb,2026-06-25,1
1KrCojpb,2026-06-26,1
1KrCojpb,2026-06-27,1
1KrCojpb,2026-06-28,1
1KrCojpb,2026-06-29,1
1KrCojpb,2026-06-30,1
1KrCojpb,2026-07-01,1
1KrCojpb,2026-07-02,1
1KrCojpb,2026-07-03,1
1KrCojpb,2026-07-04,1
1KrCojpb,2026-07-05,1
1KrCojpb,2026-07-06,1
1KrCojpb,2026-07-07,1
1KrCojpb,2026-07-08,1
1KrCojpb,2026-07-09,1
1KrCojpb,2026-07-10,1
1KrCojpb,2026-07-11,1
1KrCojpb,2026-07-12,1
1KrCojpb,2026-07-13,1
1KrCojpb,2026-07-14,1
1KrCojpb,2026-07-15,1
1LKweHyZ,2025-02-11,1
1MXzWLCv,2025-04-18,1
1MXzWLCv,2025-04-20,1
1MXzWLCv,2025-04-22,1
1MXzWLCv,2025-04-24,1
1MXzWLCv,2025-04-25,2
1MXzWLCv,2025-04-26,1
1MvVlEBZ,2025-03-14,1
1NCapTSD,2025-10-15,2
1NCapTSD,2025-10-16,2
1NCapTSD,2025-10-17,3
1NCapTSD,2025-10-20,2
1NCapTSD,2025-10-21,1
1NCapTSD,2025-10-22,1
1NCapTSD,2025-10-23,1
1NCapTSD,2025-10-24,1
1NCapTSD,2025-10-26,6
1NCapTSD,2025-10-28,2
1NWsSb92,2025-11-03,3
1NWsSb92,2025-11-04,1
1NWsSb92,2025-11-05,4
1NWsSb92,2025-11-06,3
1NWsSb92,2025-11-09,1
1NWsSb92,2025-11-10,1
1NWsSb92,2025-11-11,2
1NWsSb92,2025-11-12,1
1NWsSb92,2025-11-13,1
1NWsSb92,2025-11-14,8
1NWsSb92,2025-11-15,12
1NWsSb92,2025-11-16,1
1NWsSb92,2025-11-17,1
1P9Pwkoz,2025-05-11,1
1PpdqLaH,2026-08-03,1
1PvIgh8m,2025-04-02,1
1PvIgh8m,2025-04-05,1
1Q061p2f,2025-08-30,1
1Q061p2f,2025-09-03,1
1QS1hXfv,2025-05-30,1
1SJrdbNc,2025-10-01,1
1SJrdbNc,2025-10-05,1
1SJrdbNc,2025-10-06,1
1SJrdbNc,2025-10-07,2
1SJrdbNc,2025-10-08,1
1SXhYKOq,2026-01-01,1
1SXhYKOq,2026-01-02,1
1SXhYKOq,2026-01-11,1
1SXhYKOq,2026-01-14,2
1SXhYKOq,2026-01-17,1
1SXhYKOq,2026-01-19,1
1SXhYKOq,2026-01-26,1
1SXhYKOq,2026-01-27,2
1SXhYKOq,2026-01-28,1
1SXhYKOq,2026-01-29,1
1SXhYKOq,2026-01-30,4
1SpwdKWi,2025-05-24,1
1VGiOKpg,2025-11-05,2
1VGiOKpg,2025-11-07,1
1VGiOKpg,2025-11-09,1
1VS3KKFy,2025-10-24,4
1VS3KKFy,2025-10-25,1
1VrtYpKy,2025-08-26,3
1VrtYpKy,2025-08-27,2
1VrtYpKy,2025-08-28,2
1VrtYpKy,2025-09-02,3
1WsQjL1X,2025-11-02,2
1XFoMVsq,2026-08-26,1
1XFoMVsq,2026-09-21,1
1Xe58AXr,2026-01-05,1
1Xe58AXr,2026-01-27,1
1XwV71Qi,2026-03-26,1
1XwV71Qi,2026-03-27,1
1XwV71Qi,2026-03-29,1
1XwV71Qi,2026-03-30,1
1Y5atntI,2025-08-30,1
1YGaBDwc,2025-09-25,2
1YbCSsqD,2026-03-07,1
1Yt8ywwy,2026-03-23,1
1a82wJxN,2026-03-23,3
1a82wJxN,2026-03-24,4
1a82wJxN,2026-04-05,1
1a82wJxN,2026-04-11,1
1adckH1Y,2025-06-27,1
1adckH1Y,2025-07-01,1
1adckH1Y,2025-07-09,1
1aeEoYFi,2026-07-20,1
1aeEoYFi,2026-07-22,1
1aeEoYFi,2026-07-23,1
1aeEoYFi,2026-07-26,1
1aeEoYFi,2026-07-27,1
1aeEoYFi,2026-07-29,1
1aeEoYFi,2026-08-01,2
1aeEoYFi,2026-08-03,1
1aeEoYFi,2026-08-05,8
1aeEoYFi,2026-08-07,1
1aeEoYFi,2026-08-08,1
1aeEoYFi,2026-08-10,1
1aeEoYFi,2026-08-12,1
1aeEoYFi,2026-08-13,2
1aeEoYFi,2026-08-15,1
1aeEoYFi,2026-08-17,1
1bWPObQ5,2025-05-19,1
1bWPObQ5,2025-05-24,1
1bWPObQ5,2025-05-27,1
1cyhXbru,2025-12-29,1
1cyhXbru,2025-12-31,1
1cyhXbru,2026-01-01,1
1cyhXbru,2026-01-04,1
1cyhXbru,2026-01-05,1
1cyhXbru,2026-01-06,1
1cyhXbru,2026-01-09,2
1cyhXbru,2026-01-11,1
1cyhXbru,2026-01-12,1
1cyhXbru,2026-01-16,1
1cyhXbru,2026-01-18,1
1cyhXbru,2026-01-19,1
1cyhXbru,2026-01-22,1
1cyhXbru,2026-01-23,1
1cyhXbru,2026-01-25,1
1cyhXbru,2026-01-26,1
1cyhXbru,2026-01-30,1
1cyhXbru,2026-02-02,1
1eAHhPtq,2026-02-06,1
1eAHhPtq,2026-02-08,1
1eAHhPtq,2026-02-09,2
1eAHhPtq,2026-02-17,1
1eeLUDJ1,2025-03-10,1
1eg0KFUK,2026-05-04,1
1eg0KFUK,2026-05-08,1
1eg0KFUK,2026-05-12,1
1fCjIQgi,2026-08-19,1
1fCjIQgi,2026-08-21,2
1fCjIQgi,2026-08-22,1
1fCjIQgi,2026-08-23,1
1fCjIQgi,2026-08-24,1
1fCjIQgi,2026-08-25,1
1fCjIQgi,2026-08-27,1
1fCjIQgi,2026-08-28,1
1fCjIQgi,2026-08-31,2
1fCjIQgi,2026-09-02,1
1fCjIQgi,2026-09-04,1
1fCjIQgi,2026-09-07,1
1fCjIQgi,2026-09-10,1
1fCjIQgi,2026-09-13,3
1fCjIQgi,2026-09-14,2
1fCjIQgi,2026-09-16,1
1fCjIQgi,2026-09-18,1
1fCjIQgi,2026-09-19,1
1fCjIQgi,2026-09-20,1
1fMaHpYB,2025-10-06,1
1fMaHpYB,2025-10-09,1
1fMaHpYB,2025-10-10,1
1fMaHpYB,2025-10-11,1
1fMaHpYB,2025-10-14,1
1fa3hIzj,2026-04-18,1
1fa3hIzj,2026-04-19,5
1fa3hIzj,2026-04-21,2
1fa3hIzj,2026-04-22,1
1fa3hIzj,2026-04-30,3
1fa3hIzj,2026-05-01,3
1fa3hIzj,2026-05-03,1
1fa3hIzj,2026-05-09,3
1fa3hIzj,2026-05-12,2
1fa3hIzj,2026-05-13,1
1hJfje8u,2025-10-26,1
1hQoWPjn,2026-07-27,1
1hQoWPjn,2026-08-10,1
1hQoWPjn,2026-08-13,1
1iHrQLsH,2026-06-28,1
1iHrQLsH,2026-07-05,1
1iHrQLsH,2026-07-12,1
1iN9pQKT,2026-07-16,1
1iN9pQKT,2026-07-17,1
1iN9pQKT,2026-07-19,1
1iN9pQKT,2026-07-21,1
1iN9pQKT,2026-07-22,2
1iN9pQKT,2026-07-24,1
1iN9pQKT,2026-07-25,2
1iN9pQKT,2026-07-26,1
1iN9pQKT,2026-07-28,2
1iN9pQKT,2026-08-02,1
1iN9pQKT,2026-08-04,1
1iN9pQKT,2026-08-06,2
1iN9pQKT,2026-08-09,1
1iN9pQKT,2026-08-10,2
1iN9pQKT,2026-08-12,1
1iN9pQKT,2026-08-13,2
1iN9pQKT,2026-08-15,2
1iN9pQKT,2026-08-16,1
1iN9pQKT,2026-08-17,2
1il1WbzZ,2026-03-19,1
1ilsQq3Q,2025-11-05,1
1ilsQq3Q,2025-11-06,2
1ilsQq3Q,2025-11-09,1
1ilsQq3Q,2025-11-10,1
1ilsQq3Q,2025-11-11,1
1isjRuMP,2025-03-11,1
1isjRuMP,2025-03-12,1
1isjRuMP,2025-03-16,1
1isjRuMP,2025-03-18,2
1jjBMDC6,2026-02-15,1
1jvwS84c,2026-07-01,1
1kB8vDsx,2025-04-17,1
1kTPoAc4,2026-03-27,1
1kXrzKsD,2025-10-24,1
1kXrzKsD,2025-10-26,1
1kia4hZB,2026-03-29,1
1lMEmzud,2026-09-20,1
1lWH4Bry,2025-02-05,1
1lWH4Bry,2025-02-06,2
1mArFagc,2026-05-15,1
1mArFagc,2026-05-31,1
1mArFagc,2026-06-01,1
1mArFagc,2026-06-02,1
1mArFagc,2026-06-12,2
1mVKquNF,2025-02-20,4
1mYTqnrX,2025-09-15,2
1mYTqnrX,2025-09-16,1
1mYTqnrX,2025-09-27,3
1mpxGuwj,2025-04-03,1
1n7sUd7P,2026-09-12,1
1n7sUd7P,2026-09-15,2
1n7sUd7P,2026-09-17,2
1n7sUd7P,2026-09-20,2
1n7sUd7P,2026-09-21,2
1nJZqD9v,2025-05-17,1
1nJZqD9v,2025-05-19,2
1nJZqD9v,2025-05-20,2
1nJZqD9v,2025-05-21,1
1nJZqD9v,2025-05-22,2
1nJZqD9v,2025-05-23,1
1nJZqD9v,2025-05-24,1
1nJZqD9v,2025-05-25,2
1nJZqD9v,2025-05-26,1
1nJZqD9v,2025-05-27,3
1nJZqD9v,2025-05-28,1
1nMffJnK,2026-06-23,1
1nMffJnK,2026-06-26,1
1nMffJnK,2026-07-02,2
1nMffJnK,2026-07-03,1
1nMffJnK,2026-07-04,1
1nMffJnK,2026-07-06,1
1nMffJnK,2026-07-07,2
1nMffJnK,2026-07-10,1
1nMffJnK,2026-07-14,1
1oJcRBzH,2025-10-03,1
1oJcRBzH,2025-10-07,1
1oJcRBzH,2025-10-08,1
1oJcRBzH,2025-10-13,1
1onzhjqW,2026-09-04,1
1onzhjqW,2026-09-06,1
1onzhjqW,2026-09-15,1
1onzhjqW,2026-09-21,2
1pvg5koT,2025-11-22,1
1qUFh4dH,2026-02-28,1
1qUFh4dH,2026-03-01,1
1qUFh4dH,2026-03-05,1
1qUFh4dH,2026-03-06,2
1qUFh4dH,2026-03-09,1
1qUFh4dH,2026-03-12,1
1qUFh4dH,2026-03-13,1
1qUFh4dH,2026-03-15,1
1qUFh4dH,2026-03-18,1
1qUFh4dH,2026-03-19,2
1qUFh4dH,2026-03-20,4
1qUFh4dH,2026-03-21,1
1qvasivW,2026-07-20,1
1qvasivW,2026-08-09,1
1qvasivW,2026-08-13,1
1qvasivW,2026-08-16,1
1rFQhefB,2025-12-11,1
1rdtGmM8,2025-02-23,1
1reGn4iC,2025-06-08,1
1reGn4iC,2025-06-10,1
1soHN9dM,2026-09-20,2
1t2SEr7L,2026-05-30,1
1t8Dy6pE,2026-03-25,1
1t8Dy6pE,2026-03-28,1
1t8Dy6pE,2026-04-01,4
1tBQG1dR,2026-02-04,1
1tBQG1dR,2026-02-05,1
1tBQG1dR,2026-02-07,2
1tBQG1dR,2026-02-08,1
1tBQG1dR,2026-02-09,2
1tBQG1dR,2026-02-11,2
1tBQG1dR,2026-02-15,1
1tBQG1dR,2026-02-19,1
1tBQG1dR,2026-02-20,1
1tBQG1dR,2026-02-21,1
1tBQG1dR,2026-02-25,1
1tBQG1dR,2026-02-26,3
1tVvp2ia,2025-06-05,1
1tVvp2ia,2025-06-10,2
1tiTegXN,2025-03-31,1
1u3519Bs,2025-08-13,1
1uwD6zdf,2026-06-23,2
1uwD6zdf,2026-06-24,3
1uwD6zdf,2026-06-26,3
1uwD6zdf,2026-06-28,1
1uwD6zdf,2026-06-29,2
1uwD6zdf,2026-06-30,1
1uwD6zdf,2026-07-01,1
1uwD6zdf,2026-07-03,1
1uwD6zdf,2026-07-04,1
1uwD6zdf,2026-07-05,1
1uwD6zdf,2026-07-06,2
1uwD6zdf,2026-07-07,2
1uwD6zdf,2026-07-08,2
1uwD6zdf,2026-07-09,3
1uwD6zdf,2026-07-10,3
1uwD6zdf,2026-07-11,1
1uwD6zdf,2026-07-12,5
1uwD6zdf,2026-07-13,4
1uwD6zdf,2026-07-14,2
1v312pt8,2026-09-17,1
1v312pt8,2026-09-19,1
1v312pt8,2026-09-20,2
1v312pt8,2026-09-21,3
1vM80MK2,2026-01-29,2
1vboDxIY,2026-04-12,1
1wMaYWrV,2025-09-27,1
1xeIbR5m,2025-11-02,2
1xeIbR5m,2025-11-15,1
1xeIbR5m,2025-11-16,2
1yAN4VnP,2026-09-19,2
1yAN4VnP,2026-09-20,2
1yAN4VnP,2026-09-21,1
1yQal91P,2025-06-28,2
1yQal91P,2025-07-04,1
20Orzd6Y,2025-07-30,1
20Orzd6Y,2025-07-31,1
20Orzd6Y,2025-08-02,2
20Orzd6Y,2025-08-03,4
20Orzd6Y,2025-08-04,2
20Orzd6Y,2025-08-05,1
20Orzd6Y,2025-08-06,2
214OJTWG,2025-05-03,1
214OJTWG,2025-05-13,1
21Rhrf1u,2026-02-22,1
21oPonv9,2025-05-28,1
21oPonv9,2025-06-01,1
21oPonv9,2025-06-03,1
21oPonv9,2025-06-05,1
21oPonv9,2025-06-07,1
21oPonv9,2025-06-11,1
2481oA3Z,2025-11-10,1
2481oA3Z,2025-11-11,1
2481oA3Z,2025-11-13,1
2481oA3Z,2025-11-15,1
2481oA3Z,2025-11-17,1
24OZIRjP,2025-06-26,1
24UtWGoJ,2025-10-06,2
24iXJl24,2025-07-23,1
25CiGo6n,2025-03-04,1
25CiGo6n,2025-03-06,1
25CiGo6n,2025-03-08,1
25argdSH,2025-08-01,1
25argdSH,2025-08-03,1
25rC5Bgv,2026-07-25,8
2604UzgE,2025-11-10,1
2604UzgE,2025-11-14,2
26Ukhgse,2026-02-18,1
276yW4KZ,2025-04-09,1
27ToOAmE,2026-06-27,1
27ToOAmE,2026-06-28,1
27ToOAmE,2026-07-03,1
27ToOAmE,2026-07-05,1
27Z7W9hc,2025-03-30,1
286ikQ4p,2025-04-18,1
286ikQ4p,2025-04-23,1
28C7fuGy,2025-12-02,1
28C7fuGy,2025-12-06,1
28C7fuGy,2025-12-07,1
28C7fuGy,2025-12-08,2
28C7fuGy,2025-12-09,3
28C7fuGy,2025-12-15,1
28C7fuGy,2025-12-26,1
29DF47NR,2026-04-17,1
29DF47NR,2026-04-29,1
29IPsyF1,2026-08-30,1
29IPsyF1,2026-09-19,4
29IPsyF1,2026-09-20,2
29IaSHnW,2026-01-01,1
29IaSHnW,2026-01-14,1
2Ay9GKyf,2026-08-31,1
2Ay9GKyf,2026-09-03,1
2Ay9GKyf,2026-09-05,2
2Ay9GKyf,2026-09-06,6
2Ay9GKyf,2026-09-07,3
2Ay9GKyf,2026-09-13,1
2Ay9GKyf,2026-09-14,1
2Ay9GKyf,2026-09-15,2
2Ay9GKyf,2026-09-16,1
2Ay9GKyf,2026-09-20,1
2Ay9GKyf,2026-09-21,1
2Aznewsm,2026-06-19,1
2B5aLYBr,2025-12-28,1
2B5aLYBr,2025-12-30,1
2B5aLYBr,2025-12-31,1
2B5aLYBr,2026-01-01,1
2B5aLYBr,2026-01-07,1
2B5aLYBr,2026-01-09,1
2B5aLYBr,2026-01-10,1
2B5aLYBr,2026-01-14,1
2B5aLYBr,2026-01-28,2
2B5aLYBr,2026-02-01,1
2B5yd6bJ,2026-08-07,1
2B5yd6bJ,2026-08-08,1
2B5yd6bJ,2026-08-09,1
2B5yd6bJ,2026-08-10,3
2B5yd6bJ,2026-08-11,2
2B5yd6bJ,2026-08-12,2
2B5yd6bJ,2026-08-13,1
2B5yd6bJ,2026-08-14,4
2B5yd6bJ,2026-08-15,2
2B5yd6bJ,2026-08-17,3
2CFDav4C,2026-03-24,1
2CFDav4C,2026-04-04,1
2CFDav4C,2026-04-07,1
2CFDav4C,2026-04-09,1
2CFDav4C,2026-04-15,1
2ClFAYJm,2025-02-21,1
2ClFAYJm,2025-02-22,8
2ClFAYJm,2025-02-24,1
2ClFAYJm,2025-02-26,3
2ClFAYJm,2025-02-28,8
2DlTHZ9h,2026-07-03,1
2E2dLf2d,2025-03-29,1
2E2dLf2d,2025-03-30,1
2ETh5iWV,2025-03-29,1
2ETh5iWV,2025-04-01,1
2ETh5iWV,2025-04-03,1
2ETh5iWV,2025-04-04,1
2EoMpsJK,2025-05-25,1
2Eosi5Tb,2025-06-12,1
2Eosi5Tb,2025-06-15,1
2Eosi5Tb,2025-06-19,1
2Eosi5Tb,2025-06-20,1
2Eosi5Tb,2025-06-22,1
2Eosi5Tb,2025-06-23,2
2Eosi5Tb,2025-06-26,1
2FHIcBIk,2025-03-07,1
2FmD34iW,2026-05-16,1
2FmD34iW,2026-05-25,2
2FmD34iW,2026-05-27,2
2FmD34iW,2026-05-30,1
2FmD34iW,2026-06-01,1
2FmD34iW,2026-06-02,3
2FmD34iW,2026-06-06,1
2GQwMpu9,2025-08-05,1
2GVNyyTL,2025-11-19,2
2GVNyyTL,2025-11-21,2
2Gc4ni6W,2026-07-18,1
2Gc4ni6W,2026-07-25,1
2GmVyfn3,2025-09-15,1
2GmVyfn3,2025-09-16,7
2GmVyfn3,2025-09-17,1
2GmVyfn3,2025-09-19,1
2GmVyfn3,2025-09-27,1
2HAOOQNt,2025-08-02,2
2HOcLhH9,2025-11-19,1
2HfGynrJ,2026-02-07,1
2HhNn5HK,2025-05-28,1
2HhNn5HK,2025-05-29,2
2HhNn5HK,2025-06-13,1
2HhNn5HK,2025-06-16,1
2IgkLxGW,2025-08-08,1
2IgkLxGW,2025-08-15,1
2IgkLxGW,2025-08-16,1
2IgkLxGW,2025-08-21,1
2IgkLxGW,2025-08-24,1
2IgkLxGW,2025-08-26,1
2IzTGoN5,2026-06-23,1
2IzTGoN5,2026-07-08,1
2IzTGoN5,2026-07-10,2
2IzTGoN5,2026-07-14,2
2J1a8tNN,2025-03-20,1
2JSFAvmu,2026-05-01,2
2JSFAvmu,2026-05-02,3
2JSFAvmu,2026-05-03,1
2JSFAvmu,2026-05-12,1
2MAF9Qx1,2025-05-01,1
2MAF9Qx1,2025-05-03,1
2MAF9Qx1,2025-05-04,1
2MAF9Qx1,2025-05-07,1
2MAF9Qx1,2025-05-08,1
2MAF9Qx1,2025-05-11,1
2MAF9Qx1,2025-05-12,2
2MeIs29A,2025-03-04,1
2OYW5tMR,2026-07-21,1
2OYW5tMR,2026-07-31,2
2OYW5tMR,2026-08-03,1
2OYW5tMR,2026-08-04,1
2OYW5tMR,2026-08-05,1
2OYW5tMR,2026-08-16,1
2PT5WDDR,2025-11-05,1
2QfzJ371,2026-07-03,1
2RaFFCOP,2026-05-20,1
2RaFFCOP,2026-05-25,1
2RaFFCOP,2026-06-05,1
2RaFFCOP,2026-06-16,1
2Rq9oiDx,2025-12-01,1
2Rq9oiDx,2025-12-24,1
2Sp7rlGv,2025-10-16,1
2Sp7rlGv,2025-10-26,1
2Svm6iyS,2025-12-31,2
2Svm6iyS,2026-01-01,3
2Svm6iyS,2026-01-04,1
2Svm6iyS,2026-01-06,1
2Svm6iyS,2026-01-13,1
2Svm6iyS,2026-01-19,1
2Svm6iyS,2026-01-22,1
2Svm6iyS,2026-01-23,1
2Svm6iyS,2026-01-26,1
2Svm6iyS,2026-01-27,2
2Svm6iyS,2026-01-29,1
2Svm6iyS,2026-02-01,1
2TKmEq4Z,2025-02-16,1
2TKmEq4Z,2025-02-17,2
2TKmEq4Z,2025-02-20,3
2TKmEq4Z,2025-02-21,1
2U46hSCi,2026-02-27,2
2U46hSCi,2026-03-04,1
2U46hSCi,2026-03-19,1
2UvciFZG,2026-04-18,1
2UvciFZG,2026-04-20,1
2UvciFZG,2026-04-22,1
2UvciFZG,2026-04-26,1
2UvciFZG,2026-04-28,1
2UvciFZG,2026-05-02,1
2UvciFZG,2026-05-13,1
2UvciFZG,2026-05-14,1
2V2b4bvC,2025-11-16,5
2VhSpGXk,2026-08-30,1
2VhSpGXk,2026-09-05,2
2VhSpGXk,2026-09-06,2
2VhSpGXk,2026-09-19,4
2VhSpGXk,2026-09-20,2
2VhSpGXk,2026-09-21,3
2Vvhz6Gg,2026-03-25,1
2Vvhz6Gg,2026-04-02,1
2Vvhz6Gg,2026-04-12,1
2WaFyBmk,2026-02-23,1
2XHn2zY0,2026-01-10,1
2Zq2Nqzm,2025-02-18,1
2ZvuDgl4,2026-05-14,1
2aCfeR88,2025-12-14,1
2aCfeR88,2025-12-16,1
2aCfeR88,2025-12-27,1
2avUHpiM,2025-11-02,4
2avUHpiM,2025-11-03,2
2avUHpiM,2025-11-04,3
2avUHpiM,2025-11-05,4
2avUHpiM,2025-11-06,1
2avUHpiM,2025-11-07,1
2avUHpiM,2025-11-09,7
2avUHpiM,2025-11-10,2
2avUHpiM,2025-11-11,2
2avUHpiM,2025-11-13,4
2avUHpiM,2025-11-14,3
2avUHpiM,2025-11-15,2
2avUHpiM,2025-11-16,1
2avUHpiM,2025-11-17,3
2btnp7ZG,2025-06-27,2
2btnp7ZG,2025-07-12,1
2buZXoL9,2026-05-15,1
2buZXoL9,2026-05-18,4
2buZXoL9,2026-05-19,1
2buZXoL9,2026-05-24,1
2buZXoL9,2026-05-25,2
2buZXoL9,2026-05-29,1
2buZXoL9,2026-06-01,1
2buZXoL9,2026-06-02,1
2buZXoL9,2026-06-04,1
2buZXoL9,2026-06-07,1
2buZXoL9,2026-06-08,1
2buZXoL9,2026-06-09,3
2buZXoL9,2026-06-10,3
2buZXoL9,2026-06-11,2
2buZXoL9,2026-06-12,2
2buZXoL9,2026-06-13,1
2buZXoL9,2026-06-14,1
2buZXoL9,2026-06-16,1
2buZXoL9,2026-06-18,2
2buZXoL9,2026-06-19,2
2c5EdE6f,2025-12-05,1
2c5EdE6f,2025-12-14,1
2c5EdE6f,2025-12-18,1
2c5EdE6f,2025-12-26,1
2c5EdE6f,2025-12-27,1
2cM6S1qy,2025-10-04,1
2dGS09pU,2026-02-03,2
2dGS09pU,2026-02-04,2
2dGS09pU,2026-02-05,2
2dGS09pU,2026-02-06,2
2dGS09pU,2026-02-07,4
2dGS09pU,2026-02-09,4
2dGS09pU,2026-02-10,2
2dGS09pU,2026-02-11,2
2dGS09pU,2026-02-12,2
2dGS09pU,2026-02-13,2
2dGS09pU,2026-02-14,2
2dGS09pU,2026-02-15,2
2dGS09pU,2026-02-16,2
2dGS09pU,2026-02-17,2
2dGS09pU,2026-02-18,4
2dGS09pU,2026-02-19,2
2dGS09pU,2026-02-20,2
2dGS09pU,2026-02-21,2
2dGS09pU,2026-02-22,2
2dGS09pU,2026-02-23,2
2dGS09pU,2026-02-24,2
2dGS09pU,2026-02-25,2
2dGS09pU,2026-02-26,2
2dGWxyGe,2026-04-17,1
2dGWxyGe,2026-04-18,2
2dGWxyGe,2026-04-19,2
2dGWxyGe,2026-04-20,2
2dGWxyGe,2026-04-21,1
2dGWxyGe,2026-04-22,1
2dGWxyGe,2026-04-25,2
2dGWxyGe,2026-04-26,2
2dGWxyGe,2026-04-28,1
2dGWxyGe,2026-04-29,1
2dGWxyGe,2026-04-30,2
2dGWxyGe,2026-05-01,3
2dGWxyGe,2026-05-03,1
2dGWxyGe,2026-05-04,4
2dGWxyGe,2026-05-05,3
2dGWxyGe,2026-05-06,1
2dGWxyGe,2026-05-10,1
2dGWxyGe,2026-05-11,3
2dGWxyGe,2026-05-12,1
2dGWxyGe,2026-05-13,1
2dqXewyr,2025-12-10,1
2dqXewyr,2025-12-27,1
2eEAXet5,2025-03-07,1
2grK0NIU,2025-11-15,1
2hTDtf1y,2026-06-02,1
2hTDtf1y,2026-06-15,1
2hsevqOy,2026-03-07,1
2iJjpMJv,2025-09-04,1
2ijQAiJQ,2026-06-30,1
2ikd4H3t,2026-08-19,2
2ikd4H3t,2026-08-21,1
2ikd4H3t,2026-08-22,1
2ikd4H3t,2026-08-28,1
2ikd4H3t,2026-08-31,1
2ikd4H3t,2026-09-06,1
2ikd4H3t,2026-09-07,2
2ikd4H3t,2026-09-09,2
2ikd4H3t,2026-09-10,1
2ikd4H3t,2026-09-12,2
2ikd4H3t,2026-09-13,1
2ikd4H3t,2026-09-15,1
2ikd4H3t,2026-09-16,1
2ikd4H3t,2026-09-17,1
2ikd4H3t,2026-09-20,1
2ikd4H3t,2026-09-21,3
2imspLo9,2025-10-24,1
2jLoD67Y,2026-07-17,1
2jLoD67Y,2026-07-18,3
2jLoD67Y,2026-07-19,1
2jLoD67Y,2026-07-20,1
2jLoD67Y,2026-07-21,1
2jLoD67Y,2026-07-23,1
2jLoD67Y,2026-07-24,2
2jLoD67Y,2026-07-26,2
2jLoD67Y,2026-07-28,1
2jLoD67Y,2026-07-29,1
2jLoD67Y,2026-07-30,1
2jLoD67Y,2026-07-31,1
2jLoD67Y,2026-08-01,1
2jLoD67Y,2026-08-08,3
2jLoD67Y,2026-08-11,2
2jLoD67Y,2026-08-12,1
2kcti0KS,2026-04-17,1
2kcti0KS,2026-04-22,1
2kcti0KS,2026-04-27,1
2kcti0KS,2026-04-28,3
2liXxJzI,2025-11-18,2
2liXxJzI,2025-11-21,1
2liXxJzI,2025-11-22,1
2liXxJzI,2025-11-23,1
2liXxJzI,2025-11-27,1
2lv247L3,2026-03-09,1
2lv247L3,2026-03-17,1
2lzI0GGQ,2026-09-16,1
2nWW2NEQ,2025-11-10,1
2nWlp4rc,2025-02-14,1
2nWlp4rc,2025-02-15,1
2nWlp4rc,2025-02-19,1
2o91lIjo,2026-05-30,1
2o91lIjo,2026-06-02,1
2o91lIjo,2026-06-06,1
2o91lIjo,2026-06-07,1
2o91lIjo,2026-06-08,1
2o91lIjo,2026-06-09,1
2o91lIjo,2026-06-10,1
2o91lIjo,2026-06-11,1
2o91lIjo,2026-06-12,1
2o91lIjo,2026-06-13,1
2o91lIjo,2026-06-16,1
2o91lIjo,2026-06-17,1
2o91lIjo,2026-06-18,1
2o91lIjo,2026-06-19,2
2o91lIjo,2026-06-20,2
2o91lIjo,2026-06-22,1
2oRzDKUc,2026-09-02,1
2oRzDKUc,2026-09-03,1
2oRzDKUc,2026-09-04,2
2oRzDKUc,2026-09-14,1
2oRzDKUc,2026-09-18,1
2oRzDKUc,2026-09-19,1
2oRzDKUc,2026-09-20,1
2qLsuoF2,2025-05-21,1
2qm2ViKR,2026-06-02,1
2qm2ViKR,2026-06-03,1
2qm2ViKR,2026-06-04,1
2qtW5hT9,2026-03-13,1
2qtW5hT9,2026-03-18,1
2qtW5hT9,2026-03-21,2
2rQ3c2dB,2025-03-29,2
2rQ3c2dB,2025-03-30,1
2rXZojsc,2026-03-19,1
2rXZojsc,2026-03-20,1
2rxYHBDp,2026-01-11,1
2rxYHBDp,2026-02-01,1
2s775Iol,2025-11-14,1
2s775Iol,2025-11-16,1
2sZuZI4Y,2026-03-14,1
2sZuZI4Y,2026-03-19,1
2u58W8dB,2025-07-14,1
2u58W8dB,2025-07-17,1
2u58W8dB,2025-07-19,1
2u58W8dB,2025-07-21,1
2u58W8dB,2025-07-24,2
2u58W8dB,2025-07-25,3
2u58W8dB,2025-07-26,1
2u58W8dB,2025-07-28,1
2uDyFexH,2026-01-18,1
2uDyFexH,2026-01-20,1
2uT3KpYB,2025-09-06,2
2utKzkz1,2025-09-19,1
2vmgEutU,2025-12-07,1
2vmgEutU,2025-12-09,3
2w385mkP,2025-10-13,1
2w385mkP,2025-10-14,1
2wybAzx3,2025-03-25,1
2x8Oe9my,2026-06-26,1
2x8Oe9my,2026-06-27,1
2x8Oe9my,2026-07-13,2
2xxfLtoV,2026-07-17,1
2xxfLtoV,2026-07-31,1
2xxfLtoV,2026-08-02,1
2xxfLtoV,2026-08-08,1
2xxfLtoV,2026-08-10,1
2xxfLtoV,2026-08-12,1
2xxfLtoV,2026-08-16,1
2y80xkcU,2025-09-17,1
2zcP9BEy,2025-05-07,1
2zonPu9t,2026-05-28,1
2zonPu9t,2026-05-30,1
30VXSCJb,2026-03-09,1
30VXSCJb,2026-03-11,1
30VXSCJb,2026-03-13,2
30dEgLTQ,2025-08-20,1
30jqUfX3,2026-06-25,1
30jqUfX3,2026-06-27,1
30jqUfX3,2026-06-29,1
30jqUfX3,2026-07-04,1
314YIGZY,2025-09-15,2
314YIGZY,2025-09-16,1
314ugLBT,2026-06-23,3
314ugLBT,2026-06-24,1
314ugLBT,2026-06-25,3
314ugLBT,2026-06-26,1
314ugLBT,2026-06-27,4
314ugLBT,2026-06-28,1
314ugLBT,2026-06-29,1
314ugLBT,2026-07-03,1
314ugLBT,2026-07-04,1
314ugLBT,2026-07-05,1
314ugLBT,2026-07-12,4
314ugLBT,2026-07-14,1
32SLNWrM,2025-11-03,1
32SLNWrM,2025-11-10,1
33J5581e,2026-03-26,1
33J5581e,2026-03-29,3
33J5581e,2026-04-10,1
33J5581e,2026-04-13,1
34nLkh7O,2025-06-09,1
34yl2PCO,2025-03-09,1
35mXy0YC,2025-12-10,1
35yjWoee,2025-05-05,1
36NpTLlg,2025-07-30,1
36NpTLlg,2025-07-31,1
36nUZg7w,2025-07-07,2
36uARyPy,2026-07-29,1
36uARyPy,2026-08-03,1
36uARyPy,2026-08-08,1
37V4V6kN,2025-11-21,2
37V4V6kN,2025-11-22,1
37V4V6kN,2025-11-24,1
37bjQrgk,2025-08-19,1
37kdpfcC,2025-12-07,6
37kdpfcC,2025-12-14,13
38JFwoGK,2026-07-09,1
38ZQHIDJ,2025-08-25,1
39pFhaMV,2025-07-20,1
39pFhaMV,2025-07-26,1
39z2lP3o,2026-08-18,1
39z2lP3o,2026-08-19,5
39z2lP3o,2026-08-20,1
39z2lP3o,2026-08-21,3
39z2lP3o,2026-08-22,2
39z2lP3o,2026-08-23,4
39z2lP3o,2026-08-24,4
39z2lP3o,2026-08-25,2
39z2lP3o,2026-08-26,4
39z2lP3o,2026-08-27,6
39z2lP3o,2026-08-28,3
39z2lP3o,2026-08-29,2
39z2lP3o,2026-08-30,4
39z2lP3o,2026-08-31,6
39z2lP3o,2026-09-01,2
39z2lP3o,2026-09-03,3
39z2lP3o,2026-09-05,1
39z2lP3o,2026-09-06,3
39z2lP3o,2026-09-07,1
39z2lP3o,2026-09-08,2
39z2lP3o,2026-09-09,1
39z2lP3o,2026-09-11,3
39z2lP3o,2026-09-12,2
39z2lP3o,2026-09-13,7
39z2lP3o,2026-09-14,1
39z2lP3o,2026-09-15,1
39z2lP3o,2026-09-16,1
39z2lP3o,2026-09-17,3
39z2lP3o,2026-09-18,2
39z2lP3o,2026-09-19,3
39z2lP3o,2026-09-20,4
39z2lP3o,2026-09-21,1
3AMmKL0Y,2025-06-12,1
3ARXf1T8,2025-06-11,1
3AkU7Ptw,2026-08-15,1
3BIUHZf3,2026-08-28,1
3BIUHZf3,2026-08-31,1
3BIUHZf3,2026-09-03,2
3BIUHZf3,2026-09-04,3
3BIUHZf3,2026-09-05,1
3BIUHZf3,2026-09-13,1
3BIUHZf3,2026-09-14,1
3BIUHZf3,2026-09-18,2
3BIUHZf3,2026-09-19,1
3BMDT7Dk,2026-07-16,1
3BMDT7Dk,2026-07-17,1
3BMDT7Dk,2026-07-18,1
3BMDT7Dk,2026-07-21,3
3BMDT7Dk,2026-07-22,1
3BMDT7Dk,2026-07-23,1
3BMDT7Dk,2026-07-24,2
3BMDT7Dk,2026-07-25,2
3BMDT7Dk,2026-07-26,1
3BMDT7Dk,2026-07-28,2
3BMDT7Dk,2026-07-29,2
3BMDT7Dk,2026-07-30,3
3BMDT7Dk,2026-07-31,1
3BMDT7Dk,2026-08-01,6
3BMDT7Dk,2026-08-02,2
3BMDT7Dk,2026-08-04,4
3BMDT7Dk,2026-08-05,1
3BMDT7Dk,2026-08-06,2
3BMDT7Dk,2026-08-07,2
3BMDT7Dk,2026-08-09,1
3BMDT7Dk,2026-08-10,1
3BMDT7Dk,2026-08-11,2
3BMDT7Dk,2026-08-13,3
3BMDT7Dk,2026-08-14,2
3BMDT7Dk,2026-08-15,2
3BMDT7Dk,2026-08-16,2
3C6tPN1h,2026-08-23,1
3CVTY8ic,2025-02-20,2
3D3rtHdx,2025-05-19,1
3DKNbbTC,2026-05-18,1
3DKNbbTC,2026-05-27,1
3DKNbbTC,2026-06-01,1
3DKNbbTC,2026-06-15,1
3DKNbbTC,2026-06-18,1
3Dt0Z0Pl,2025-02-22,1
3E2EF1wa,2025-04-03,1
3EN2KR5g,2026-03-29,1
3EN2KR5g,2026-04-06,1
3EQJPliw,2025-11-30,2
3EQJPliw,2025-12-01,1
3EQJPliw,2025-12-06,1
3EQJPliw,2025-12-09,1
3EQJPliw,2025-12-21,1
3EQJPliw,2025-12-22,1
3EQJPliw,2025-12-24,1
3EQJPliw,2025-12-25,1
3EQJPliw,2025-12-26,1
3EU7BmMi,2025-02-14,1
3Eb1kC8E,2026-09-19,49
3F16pTtD,2025-06-25,1
3F6R7lNC,2025-09-06,1
3FKjU151,2026-08-19,2
3FKjU151,2026-08-20,1
3FKjU151,2026-08-21,1
3FKjU151,2026-08-22,1
3FKjU151,2026-08-23,1
3FKjU151,2026-08-24,1
3FKjU151,2026-08-26,1
3FKjU151,2026-08-27,1
3FKjU151,2026-08-28,1
3FKjU151,2026-08-29,3
3FKjU151,2026-08-31,1
3FKjU151,2026-09-01,1
3FKjU151,2026-09-02,2
3FKjU151,2026-09-03,1
3FKjU151,2026-09-04,1
3FKjU151,2026-09-05,1
3FKjU151,2026-09-06,1
3FKjU151,2026-09-07,1
3FKjU151,2026-09-09,2
3FKjU151,2026-09-10,1
3FKjU151,2026-09-11,1
3FKjU151,2026-09-12,1
3FKjU151,2026-09-14,1
3FKjU151,2026-09-15,2
3FKjU151,2026-09-16,1
3FKjU151,2026-09-18,2
3FKjU151,2026-09-19,2
3FXkXTFD,2026-01-20,1
3FXkXTFD,2026-01-21,2
3FXkXTFD,2026-01-22,1
3FXkXTFD,2026-01-25,9
3Fede63G,2026-08-02,2
3Fede63G,2026-08-15,1
3Fede63G,2026-08-16,1
3GJYsciR,2025-10-28,1
3GaEXmEL,2026-01-09,1
3GsKR5RU,2026-06-03,1
3HPlXzSY,2026-03-23,1
3HPlXzSY,2026-03-24,1
3HPlXzSY,2026-03-26,1
3HPlXzSY,2026-04-04,1
3HPlXzSY,2026-04-06,1
3HPlXzSY,2026-04-10,2
3HPlXzSY,2026-04-11,1
3HPlXzSY,2026-04-12,2
3HPlXzSY,2026-04-13,1
3IguvrAG,2025-05-22,1
3IguvrAG,2025-05-27,1
3JPUc3xn,2026-06-07,1
3KVSzLmF,2025-05-18,2
3KVSzLmF,2025-05-25,1
3LCFEbtL,2025-05-24,1
3LlRJSE0,2026-02-28,1
3LlRJSE0,2026-03-01,1
3LlRJSE0,2026-03-02,1
3LlRJSE0,2026-03-06,1
3LlRJSE0,2026-03-09,1
3LlRJSE0,2026-03-15,1
3LlRJSE0,2026-03-22,1
3LyBTeEt,2025-12-06,1
3N33gs0r,2025-04-02,1
3NFOpCCs,2025-03-21,1
3NFOpCCs,2025-03-22,1
3NFOpCCs,2025-03-23,1
3NFOpCCs,2025-03-27,2
3OKAcvyv,2025-04-30,1
3P6PRKpQ,2025-09-24,1
3P8Tu5TZ,2026-03-23,1
3P8Tu5TZ,2026-03-26,1
3P8Tu5TZ,2026-03-27,1
3P8Tu5TZ,2026-03-28,2
3P8Tu5TZ,2026-04-06,1
3P8Tu5TZ,2026-04-09,2
3P8Tu5TZ,2026-04-13,2
3PX1RkUD,2025-02-11,1
3RRXakYZ,2026-04-19,1
3RRXakYZ,2026-04-22,1
3RRXakYZ,2026-04-25,1
3RRXakYZ,2026-04-26,1
3RRXakYZ,2026-04-27,1
3RRXakYZ,2026-05-01,1
3RRXakYZ,2026-05-04,2
3RRXakYZ,2026-05-05,2
3RUfLoZm,2025-12-08,3
3RUfLoZm,2025-12-18,1
3RUfLoZm,2025-12-20,1
3RUfLoZm,2025-12-23,1
3RUfLoZm,2025-12-25,12
3RUfLoZm,2025-12-26,1
3RUfLoZm,2025-12-27,2
3RUfLoZm,2025-12-28,1
3SeUjgnI,2025-07-19,1
3TMuvdIl,2025-10-04,1
3TMuvdIl,2025-10-06,1
3TMuvdIl,2025-10-10,1
3TMuvdIl,2025-10-12,1
3TMuvdIl,2025-10-14,1
3Tb5swjJ,2026-03-06,2
3Tb5swjJ,2026-03-10,2
3Tb5swjJ,2026-03-14,2
3U2ib918,2026-05-15,6
3U2ib918,2026-05-17,2
3U2ib918,2026-05-19,2
3U2ib918,2026-05-22,4
3U2ib918,2026-05-23,1
3U2ib918,2026-05-24,5
3U2ib918,2026-05-27,1
3U2ib918,2026-05-28,3
3U2ib918,2026-05-29,1
3U2ib918,2026-05-30,1
3U2ib918,2026-05-31,5
3U2ib918,2026-06-01,3
3U2ib918,2026-06-02,1
3U2ib918,2026-06-03,1
3U2ib918,2026-06-04,2
3U2ib918,2026-06-05,2
3U2ib918,2026-06-07,2
3U2ib918,2026-06-08,1
3U2ib918,2026-06-09,2
3U2ib918,2026-06-12,2
3U2ib918,2026-06-13,1
3U2ib918,2026-06-14,4
3U2ib918,2026-06-15,1
3U2ib918,2026-06-16,3
3U2ib918,2026-06-18,1
3U2ib918,2026-06-19,5
3U2ib918,2026-06-20,1
3U2ib918,2026-06-21,3
3U2ib918,2026-06-22,1
3UyUybvL,2025-03-30,1
3UyUybvL,2025-04-05,1
3X6ByDdY,2025-11-26,1
3XTprncT,2025-11-04,1
3XTprncT,2025-11-06,2
3XTprncT,2025-11-08,1
3XTprncT,2025-11-10,1
3XTprncT,2025-11-17,1
3XdibgLO,2026-04-23,1
3Xfu8BlQ,2025-12-12,1
3Xfu8BlQ,2025-12-26,1
3XuicSoO,2026-05-15,1
3XuicSoO,2026-05-17,1
3XuicSoO,2026-05-20,1
3XuicSoO,2026-05-22,1
3XuicSoO,2026-05-24,1
3XuicSoO,2026-05-26,2
3XuicSoO,2026-05-27,2
3XuicSoO,2026-05-29,1
3XuicSoO,2026-06-06,1
3XuicSoO,2026-06-07,1
3XuicSoO,2026-06-12,2
3XuicSoO,2026-06-20,1
3YXsNpsV,2025-04-25,1
3YXsNpsV,2025-04-26,1
3Ys0zPcd,2026-07-27,1
3Z7xT7Dk,2025-05-05,1
3Z7xT7Dk,2025-05-08,1
3Z7xT7Dk,2025-05-11,1
3Z7xT7Dk,2025-05-14,1
3ar6hAWs,2026-08-19,1
3ar6hAWs,2026-08-20,1
3ar6hAWs,2026-08-21,1
3ar6hAWs,2026-08-22,1
3ar6hAWs,2026-08-23,1
3ar6hAWs,2026-08-24,1
3ar6hAWs,2026-08-26,1
3ar6hAWs,2026-09-04,1
3ar6hAWs,2026-09-05,3
3ar6hAWs,2026-09-13,1
3ar6hAWs,2026-09-15,1
3ar6hAWs,2026-09-17,1
3ar6hAWs,2026-09-18,2
3ar6hAWs,2026-09-19,7
3ar6hAWs,2026-09-20,3
3atOwYrv,2025-11-28,1
3bOYxHJk,2025-10-12,1
3bOYxHJk,2025-10-13,1
3bblMjyo,2025-04-12,1
3bhRA6nK,2026-02-06,1
3bhRA6nK,2026-02-10,1
3bhRA6nK,2026-02-13,1
3bhRA6nK,2026-02-14,1
3bhRA6nK,2026-02-18,1
3bhRA6nK,2026-02-22,1
3bhRA6nK,2026-02-23,1
3cD9OYPg,2026-06-24,1
3cD9OYPg,2026-06-25,1
3cD9OYPg,2026-06-26,1
3cD9OYPg,2026-06-27,7
3cD9OYPg,2026-06-28,5
3cD9OYPg,2026-06-29,3
3cD9OYPg,2026-07-01,4
3cD9OYPg,2026-07-04,1
3cD9OYPg,2026-07-05,1
3cD9OYPg,2026-07-08,2
3cQW0guI,2026-01-29,3
3cXvmrIH,2025-12-02,1
3cXvmrIH,2025-12-08,1
3cXvmrIH,2025-12-12,1
3dIlCbOF,2025-11-10,2
3e1SdRfD,2026-02-27,1
3e1SdRfD,2026-03-02,1
3e1SdRfD,2026-03-07,1
3e1SdRfD,2026-03-13,1
3e1SdRfD,2026-03-21,1
3e1SdRfD,2026-03-24,2
3e1SdRfD,2026-03-27,1
3e1SdRfD,2026-03-28,3
3e1SdRfD,2026-03-29,1
3e1SdRfD,2026-03-31,1
3e1SdRfD,2026-04-01,2
3e1SdRfD,2026-04-02,1
3e1SdRfD,2026-04-03,1
3e1SdRfD,2026-04-04,1
3e1SdRfD,2026-04-05,1
3e1SdRfD,2026-04-07,1
3e1SdRfD,2026-04-09,2
3e1SdRfD,2026-04-11,4
3e1SdRfD,2026-04-12,1
3e1SdRfD,2026-04-13,2
3e1SdRfD,2026-04-14,1
3e1SdRfD,2026-04-15,1
3e3YExXw,2025-12-05,2
3e3YExXw,2025-12-08,1
3e3YExXw,2025-12-13,1
3e3YExXw,2025-12-15,1
3e3YExXw,2025-12-23,1
3e3YExXw,2025-12-24,1
3eR0psHl,2025-09-25,1
3eZozoWW,2025-12-28,1
3eZozoWW,2026-01-01,1
3emaQLJ2,2026-04-20,1
3gBgIhVc,2026-09-19,1
3gS65cXi,2025-09-06,1
3hP6q03N,2026-06-23,1
3hP6q03N,2026-06-26,2
3hP6q03N,2026-06-27,1
3hP6q03N,2026-07-06,1
3hP6q03N,2026-07-07,1
3hqPdVIN,2025-10-17,1
3hqPdVIN,2025-11-01,1
3iSgys8V,2025-11-29,1
3iSgys8V,2025-12-09,1
3iSgys8V,2025-12-26,1
3iaa6stW,2026-08-19,1
3iaa6stW,2026-08-30,3
3iaa6stW,2026-08-31,3
3iaa6stW,2026-09-01,1
3iaa6stW,2026-09-03,8
3iaa6stW,2026-09-04,1
3iaa6stW,2026-09-05,1
3iaa6stW,2026-09-06,2
3iaa6stW,2026-09-07,5
3iaa6stW,2026-09-08,4
3iaa6stW,2026-09-10,6
3iaa6stW,2026-09-11,7
3iaa6stW,2026-09-13,2
3iaa6stW,2026-09-14,1
3iaa6stW,2026-09-15,1
3iaa6stW,2026-09-17,2
3iaa6stW,2026-09-19,1
3iaa6stW,2026-09-20,1
3iaa6stW,2026-09-21,4
3iviYfL2,2025-10-16,1
3iviYfL2,2025-10-17,1
3iviYfL2,2025-10-18,1
3j98Z7rj,2025-09-15,1
3kf7tAxn,2025-08-26,1
3khvXVY7,2025-06-03,2
3knbrwUV,2025-06-20,1
3lA9m4JE,2025-07-15,2
3lA9m4JE,2025-07-19,1
3lA9m4JE,2025-07-24,1
3lbwWm6V,2025-08-05,1
3mOSrKH3,2026-08-04,1
3mOSrKH3,2026-08-16,1
3mYPzEMo,2025-06-03,1
3mYPzEMo,2025-06-04,3
3mYPzEMo,2025-06-05,2
3mYPzEMo,2025-06-06,2
3mYPzEMo,2025-06-07,1
3mYPzEMo,2025-06-09,1
3mYPzEMo,2025-06-11,2
3nNCGalj,2025-11-05,1
3nNCGalj,2025-11-13,1
3nNCGalj,2025-11-14,1
3ocnKgaH,2025-11-06,3
3ocnKgaH,2025-11-08,1
3ocnKgaH,2025-11-11,1
3q3XIzHG,2026-08-29,1
3q3XIzHG,2026-09-03,3
3q3XIzHG,2026-09-04,1
3q3XIzHG,2026-09-06,2
3q3XIzHG,2026-09-15,1
3q3XIzHG,2026-09-16,1
3q3XIzHG,2026-09-17,1
3q3XIzHG,2026-09-18,1
3q3XIzHG,2026-09-19,5
3q3XIzHG,2026-09-20,1
3q3XIzHG,2026-09-21,1
3q9uBPja,2025-09-09,1
3q9uBPja,2025-09-10,3
3q9uBPja,2025-09-11,1
3q9uBPja,2025-09-12,1
3q9uBPja,2025-09-13,1
3qmL40D6,2025-04-04,1
3rGLtBeg,2025-06-04,1
3rIBKlRY,2026-03-01,1
3rIBKlRY,2026-03-04,3
3rIBKlRY,2026-03-07,2
3rIBKlRY,2026-03-09,2
3rIBKlRY,2026-03-13,2
3rIBKlRY,2026-03-14,1
3rIBKlRY,2026-03-15,1
3rIBKlRY,2026-03-16,3
3rIBKlRY,2026-03-17,1
3rIBKlRY,2026-03-19,1
3rIBKlRY,2026-03-20,1
3rIBKlRY,2026-03-21,1
3rlAm8fO,2026-01-06,1
3rlAm8fO,2026-01-13,1
3rlAm8fO,2026-01-26,2
3rlAm8fO,2026-01-28,1
3rlAm8fO,2026-01-29,2
3rlAm8fO,2026-02-01,1
3rlAm8fO,2026-02-02,1
3s2NfXwL,2025-05-29,1
3s2NfXwL,2025-05-30,1
3s2NfXwL,2025-06-08,1
3sTcy8ct,2025-06-15,1
3smnzsH7,2025-07-28,1
3t88rX1U,2026-07-16,4
3t88rX1U,2026-07-17,4
3t88rX1U,2026-07-18,1
3t88rX1U,2026-07-20,2
3t88rX1U,2026-07-21,2
3t88rX1U,2026-07-22,1
3t88rX1U,2026-07-23,3
3t88rX1U,2026-07-24,2
3t88rX1U,2026-07-26,1
3t88rX1U,2026-07-27,5
3t88rX1U,2026-07-28,2
3t88rX1U,2026-07-29,2
3t88rX1U,2026-07-30,3
3t88rX1U,2026-07-31,4
3t88rX1U,2026-08-01,3
3t88rX1U,2026-08-02,3
3t88rX1U,2026-08-03,3
3t88rX1U,2026-08-04,3
3t88rX1U,2026-08-06,2
3t88rX1U,2026-08-07,1
3t88rX1U,2026-08-09,1
3t88rX1U,2026-08-10,4
3t88rX1U,2026-08-11,2
3t88rX1U,2026-08-12,3
3t88rX1U,2026-08-13,2
3t88rX1U,2026-08-14,3
3t88rX1U,2026-08-15,1
3t88rX1U,2026-08-17,2
3tcesmi6,2025-05-29,1
3tcesmi6,2025-05-31,1
3tcesmi6,2025-06-04,1
3tcesmi6,2025-06-11,1
3tnue5rV,2026-03-09,1
3vJ4lrlb,2025-10-17,1
3vJ4lrlb,2025-10-24,3
3vJ4lrlb,2025-10-29,1
3vUoxzxO,2025-05-16,1
3vUoxzxO,2025-05-22,1
3vUoxzxO,2025-05-23,1
3vWIpECv,2025-02-26,1
3vtLfsKV,2026-08-24,19
3vtLfsKV,2026-09-07,14
3vtLfsKV,2026-09-08,3
3vtLfsKV,2026-09-18,11
3vtLfsKV,2026-09-19,13
3wbJ7jxg,2025-10-15,1
3wgNZFVb,2025-10-31,1
3wzqR9lx,2025-10-23,1
3wzqR9lx,2025-10-24,3
3wzqR9lx,2025-10-29,1
3wzqR9lx,2025-10-30,2
3xkYrqVi,2025-06-13,1
3xkYrqVi,2025-06-14,1
3xkYrqVi,2025-06-15,1
3xkYrqVi,2025-06-20,1
3xkYrqVi,2025-06-26,1
3xktIjrt,2025-08-11,1
3xktIjrt,2025-08-22,1
3xxgocbl,2025-10-19,1
3xxgocbl,2025-10-20,1
3xxgocbl,2025-11-01,1
3yhGyUQ5,2025-12-08,10
40FSfL2m,2025-11-20,2
40GQc4AQ,2025-04-02,1
40GQc4AQ,2025-04-04,1
40GQc4AQ,2025-04-05,2
40PvZqiD,2026-06-23,1
40PvZqiD,2026-06-25,1
40PvZqiD,2026-06-26,2
40PvZqiD,2026-07-03,1
40Y3ac2e,2026-03-18,2
418akKzE,2025-10-06,1
418akKzE,2025-10-07,2
418akKzE,2025-10-08,2
418akKzE,2025-10-10,1
418akKzE,2025-10-14,1
418akKzE,2025-10-15,2
41cJV867,2025-05-09,1
41fu0YN2,2025-05-31,1
41wfR2NQ,2026-03-25,1
41wfR2NQ,2026-03-30,1
41wfR2NQ,2026-04-03,1
41wfR2NQ,2026-04-09,1
41wfR2NQ,2026-04-11,1
420q7QKa,2025-03-23,2
420q7QKa,2025-03-24,2
420q7QKa,2025-03-25,2
420q7QKa,2025-03-28,1
42AgWNQr,2025-10-04,1
42AgWNQr,2025-10-14,1
42CLg1uu,2026-01-05,1
42CLg1uu,2026-01-06,1
42CLg1uu,2026-01-13,1
42CLg1uu,2026-01-14,1
42CLg1uu,2026-01-19,1
42CLg1uu,2026-01-24,1
42CLg1uu,2026-01-28,1
42CLg1uu,2026-01-29,1
42CLg1uu,2026-01-30,2
42CLg1uu,2026-02-02,1
448wf5kj,2025-02-26,1
44LyGMfi,2026-08-26,1
44LyGMfi,2026-09-20,2
44UCqj5f,2025-10-21,1
44UCqj5f,2025-10-28,1
44dC0PFK,2026-02-14,2
45CvnFas,2025-08-31,1
45CvnFas,2025-09-03,1
45WcCngF,2026-01-18,2
45WcCngF,2026-01-25,1
45k4f7xQ,2025-02-15,1
45k4f7xQ,2025-02-19,1
45wSFAG1,2026-08-23,1
45wSFAG1,2026-09-08,1
45wSFAG1,2026-09-11,1
45wSFAG1,2026-09-13,1
45wSFAG1,2026-09-16,1
45wSFAG1,2026-09-17,1
45wSFAG1,2026-09-18,1
45wSFAG1,2026-09-19,1
45wSFAG1,2026-09-20,7
46wEE9aA,2026-05-18,1
46wEE9aA,2026-05-20,1
46wEE9aA,2026-05-23,1
46wEE9aA,2026-05-24,1
46wEE9aA,2026-05-27,1
46wEE9aA,2026-06-07,2
46wEE9aA,2026-06-08,1
46wEE9aA,2026-06-09,1
46wEE9aA,2026-06-12,1
46wEE9aA,2026-06-17,1
46wEE9aA,2026-06-21,1
46wEE9aA,2026-06-22,1
47OMYrex,2025-05-03,1
47OMYrex,2025-05-04,1
47ixM126,2025-07-04,1
48ew8FLt,2025-05-18,1
4A7aNL1h,2026-07-23,1
4A7aNL1h,2026-07-24,2
4BKv56vo,2025-08-27,1
4Bxz9A68,2025-06-27,1
4ChG9KrM,2026-06-24,1
4ChG9KrM,2026-06-25,1
4ChG9KrM,2026-06-27,1
4ChG9KrM,2026-07-08,1
4Cl2VlKK,2025-04-29,1
4D5BJ2a1,2026-03-23,1
4D5BJ2a1,2026-03-24,1
4D5BJ2a1,2026-03-25,3
4D5BJ2a1,2026-03-26,1
4D5BJ2a1,2026-03-27,4
4D5BJ2a1,2026-03-28,2
4D5BJ2a1,2026-03-29,3
4D5BJ2a1,2026-03-30,1
4D5BJ2a1,2026-03-31,3
4D5BJ2a1,2026-04-01,1
4D5BJ2a1,2026-04-02,1
4D5BJ2a1,2026-04-03,2
4D5BJ2a1,2026-04-04,1
4D5BJ2a1,2026-04-05,5
4D5BJ2a1,2026-04-06,2
4D5BJ2a1,2026-04-07,1
4D5BJ2a1,2026-04-08,2
4D5BJ2a1,2026-04-09,1
4D5BJ2a1,2026-04-10,2
4D5BJ2a1,2026-04-12,3
4D5BJ2a1,2026-04-14,2
4D5BJ2a1,2026-04-15,1
4EMAMxY1,2025-12-14,1
4EUNxBik,2026-02-08,1
4EUNxBik,2026-02-14,1
4EUNxBik,2026-02-20,1
4EsYZi8g,2025-02-21,5
4EsYZi8g,2025-02-23,1
4EsYZi8g,2025-02-25,3
4EsYZi8g,2025-02-26,5
4EsYZi8g,2025-02-27,2
4Exin4nK,2026-09-01,2
4Exin4nK,2026-09-02,4
4Exin4nK,2026-09-03,6
4Exin4nK,2026-09-04,4
4Exin4nK,2026-09-05,10
4Exin4nK,2026-09-06,11
4Exin4nK,2026-09-07,4
4Exin4nK,2026-09-08,4
4Exin4nK,2026-09-09,4
4Exin4nK,2026-09-10,2
4Exin4nK,2026-09-11,5
4Exin4nK,2026-09-12,7
4Exin4nK,2026-09-13,12
4Exin4nK,2026-09-14,2
4Exin4nK,2026-09-15,3
4Exin4nK,2026-09-16,5
4Exin4nK,2026-09-17,5
4Exin4nK,2026-09-18,6
4Exin4nK,2026-09-19,6
4Exin4nK,2026-09-20,11
4Exin4nK,2026-09-21,8
4F7sNmyb,2025-02-06,2
4F7sNmyb,2025-02-07,2
4F7sNmyb,2025-02-09,1
4F7sNmyb,2025-02-10,1
4F7sNmyb,2025-02-11,3
4F7sNmyb,2025-02-12,1
4F7sNmyb,2025-02-13,1
4F7sNmyb,2025-02-14,1
4HIJy2qe,2025-08-19,2
4I8TgBfq,2025-08-07,1
4IzeuUDV,2026-08-18,1
4IzeuUDV,2026-08-27,1
4IzeuUDV,2026-08-31,1
4IzeuUDV,2026-09-03,1
4IzeuUDV,2026-09-10,1
4IzeuUDV,2026-09-12,1
4IzeuUDV,2026-09-13,1
4IzeuUDV,2026-09-15,3
4IzeuUDV,2026-09-16,1
4IzeuUDV,2026-09-17,2
4IzeuUDV,2026-09-19,2
4IzeuUDV,2026-09-20,9
4IzeuUDV,2026-09-21,4
4J5tpEaB,2025-04-04,1
4JdTsa4d,2025-09-15,2
4JgL1Bpc,2026-07-20,1
4JgL1Bpc,2026-07-23,1
4JgL1Bpc,2026-08-02,1
4JgL1Bpc,2026-08-08,1
4JgL1Bpc,2026-08-10,1
4Jqezswa,2025-05-24,1
4KYgKu6o,2026-02-15,1
4KYgKu6o,2026-02-17,1
4KYgKu6o,2026-02-18,1
4LmuLkPx,2025-11-02,2
4LmuLkPx,2025-11-03,2
4LmuLkPx,2025-11-04,2
4LmuLkPx,2025-11-05,2
4LmuLkPx,2025-11-06,2
4LmuLkPx,2025-11-07,2
4LmuLkPx,2025-11-08,4
4LmuLkPx,2025-11-09,2
4LmuLkPx,2025-11-10,2
4LmuLkPx,2025-11-11,2
4LmuLkPx,2025-11-12,2
4LmuLkPx,2025-11-13,4
4LmuLkPx,2025-11-14,2
4LmuLkPx,2025-11-15,2
4LmuLkPx,2025-11-16,2
4LmuLkPx,2025-11-17,2
4M0l74fz,2025-09-18,1
4M0l74fz,2025-09-23,1
4MfyURx7,2026-08-21,1
4MfyURx7,2026-08-26,1
4MfyURx7,2026-08-27,1
4MfyURx7,2026-08-29,1
4MfyURx7,2026-08-31,2
4MfyURx7,2026-09-02,1
4MfyURx7,2026-09-06,1
4MfyURx7,2026-09-10,1
4MfyURx7,2026-09-11,4
4MfyURx7,2026-09-15,4
4MfyURx7,2026-09-17,2
4MfyURx7,2026-09-18,1
4MfyURx7,2026-09-19,2
4MfyURx7,2026-09-20,3
4Mn9JuJQ,2025-09-10,17
4Mn9JuJQ,2025-09-11,2
4MtawE2U,2026-09-05,2
4MtawE2U,2026-09-18,3
4MtawE2U,2026-09-19,1
4MtawE2U,2026-09-20,1
4N0j3oIN,2025-02-21,1
4N2fpIcN,2025-09-05,1
4N6AaNUx,2026-05-16,1
4N6AaNUx,2026-05-17,1
4N6AaNUx,2026-05-19,1
4N6AaNUx,2026-05-30,1
4N6AaNUx,2026-06-07,1
4N6AaNUx,2026-06-09,1
4N6AaNUx,2026-06-15,1
4N6AaNUx,2026-06-20,1
4N6AaNUx,2026-06-21,1
4N6AaNUx,2026-06-22,1
4NQSZpc6,2025-06-22,1
4O4wm6SF,2025-09-13,1
4OTKKAqi,2025-11-14,1
4Pi4GyQk,2025-07-15,1
4Pi4GyQk,2025-07-19,1
4Pi4GyQk,2025-07-25,1
4QvU07KZ,2025-11-19,2
4QvU07KZ,2025-11-21,1
4QvU07KZ,2025-11-22,3
4QvU07KZ,2025-11-23,2
4QvU07KZ,2025-11-24,5
4QvU07KZ,2025-11-25,5
4QvU07KZ,2025-11-26,1
4QvU07KZ,2025-11-27,1
4QvU07KZ,2025-11-28,7
4QvU07KZ,2025-11-29,1
4RCi1UEK,2025-11-29,1
4RCi1UEK,2025-12-05,1
4RCi1UEK,2025-12-10,1
4RCi1UEK,2025-12-13,1
4RCi1UEK,2025-12-16,1
4RFSSvV2,2025-07-17,1
4RFSSvV2,2025-07-18,1
4RSiSKD5,2025-02-27,10
4RSiSKD5,2025-02-28,16
4RSiSKD5,2025-03-01,3
4Rt5ZtcI,2025-02-06,1
4SkCX39Q,2025-04-10,1
4Sx03S6e,2025-09-15,1
4TqlwOeZ,2025-03-28,1
4TqlwOeZ,2025-03-29,1
4TqlwOeZ,2025-03-30,1
4TqlwOeZ,2025-03-31,2
4TqlwOeZ,2025-04-01,1
4TqlwOeZ,2025-04-02,1
4TqlwOeZ,2025-04-03,2
4TqlwOeZ,2025-04-04,1
4TqlwOeZ,2025-04-05,1
4U8jzfQb,2026-08-23,11
4U8jzfQb,2026-08-24,5
4U8jzfQb,2026-08-25,6
4U8jzfQb,2026-08-26,4
4U8jzfQb,2026-08-27,4
4U8jzfQb,2026-08-29,6
4U8jzfQb,2026-08-30,3
4U8jzfQb,2026-08-31,3
4U8jzfQb,2026-09-01,5
4U8jzfQb,2026-09-02,10
4U8jzfQb,2026-09-03,6
4U8jzfQb,2026-09-04,9
4U8jzfQb,2026-09-05,8
4U8jzfQb,2026-09-06,6
4U8jzfQb,2026-09-07,12
4U8jzfQb,2026-09-08,6
4U8jzfQb,2026-09-09,7
4U8jzfQb,2026-09-10,5
4U8jzfQb,2026-09-11,5
4U8jzfQb,2026-09-12,3
4U8jzfQb,2026-09-13,2
4U8jzfQb,2026-09-14,3
4U8jzfQb,2026-09-15,9
4U8jzfQb,2026-09-16,7
4U8jzfQb,2026-09-17,6
4U8jzfQb,2026-09-18,6
4U8jzfQb,2026-09-19,13
4U8jzfQb,2026-09-20,10
4U8jzfQb,2026-09-21,1
4UAnsMhn,2025-05-22,1
4VC0PUTI,2026-02-28,2
4VC0PUTI,2026-03-02,1
4VC0PUTI,2026-03-03,1
4VC0PUTI,2026-03-04,2
4VC0PUTI,2026-03-05,5
4VC0PUTI,2026-03-06,3
4VC0PUTI,2026-03-07,1
4VC0PUTI,2026-03-09,2
4VC0PUTI,2026-03-10,3
4VC0PUTI,2026-03-11,1
4VC0PUTI,2026-03-12,2
4VC0PUTI,2026-03-13,3
4VC0PUTI,2026-03-14,2
4VC0PUTI,2026-03-16,2
4VC0PUTI,2026-03-17,1
4VC0PUTI,2026-03-18,5
4VC0PUTI,2026-03-19,1
4VC0PUTI,2026-03-20,1
4VC0PUTI,2026-03-21,1
4VC0PUTI,2026-03-22,3
4VVQVeYZ,2025-08-31,1
4VVQVeYZ,2025-09-03,3
4WMTWxCX,2026-07-16,1
4WMTWxCX,2026-07-17,3
4WMTWxCX,2026-07-19,2
4WMTWxCX,2026-07-20,2
4WMTWxCX,2026-07-21,3
4WMTWxCX,2026-07-26,2
4WMTWxCX,2026-07-28,2
4WMTWxCX,2026-07-30,2
4WMTWxCX,2026-07-31,2
4WMTWxCX,2026-08-01,2
4WMTWxCX,2026-08-03,1
4WMTWxCX,2026-08-04,3
4WMTWxCX,2026-08-06,1
4WMTWxCX,2026-08-07,4
4WMTWxCX,2026-08-08,4
4WMTWxCX,2026-08-09,1
4WMTWxCX,2026-08-10,4
4WMTWxCX,2026-08-11,3
4WMTWxCX,2026-08-12,1
4WMTWxCX,2026-08-13,1
4WMTWxCX,2026-08-14,2
4WMTWxCX,2026-08-15,1
4WMTWxCX,2026-08-16,1
4WNQBhH0,2026-05-09,1
4Wgbqgpq,2026-06-23,1
4Wgbqgpq,2026-06-28,2
4Wgbqgpq,2026-07-03,2
4Wgbqgpq,2026-07-07,2
4WkoHynO,2026-05-07,1
4WkoHynO,2026-05-08,1
4XG9kxKz,2025-02-10,1
4YqZegz6,2026-08-28,8
4YqZegz6,2026-09-18,1
4YqZegz6,2026-09-19,2
4YqZegz6,2026-09-20,2
4ZDUG5k7,2026-02-27,1
4ZDUG5k7,2026-03-10,1
4ad6PWSz,2026-08-21,1
4ad6PWSz,2026-09-19,1
4bVloa39,2025-12-31,1
4bVloa39,2026-01-10,1
4bVloa39,2026-01-22,1
4bulBZgb,2026-02-26,1
4bys4IFd,2026-08-18,2
4bys4IFd,2026-08-19,1
4bys4IFd,2026-08-20,3
4bys4IFd,2026-08-22,1
4bys4IFd,2026-08-24,2
4bys4IFd,2026-08-25,1
4bys4IFd,2026-08-26,1
4bys4IFd,2026-08-29,2
4bys4IFd,2026-08-30,2
4bys4IFd,2026-08-31,6
4bys4IFd,2026-09-01,2
4bys4IFd,2026-09-02,7
4bys4IFd,2026-09-03,3
4bys4IFd,2026-09-05,8
4bys4IFd,2026-09-06,8
4bys4IFd,2026-09-07,11
4bys4IFd,2026-09-08,6
4bys4IFd,2026-09-09,1
4bys4IFd,2026-09-10,11
4bys4IFd,2026-09-11,4
4bys4IFd,2026-09-12,3
4bys4IFd,2026-09-13,4
4bys4IFd,2026-09-14,2
4bys4IFd,2026-09-15,9
4bys4IFd,2026-09-16,9
4bys4IFd,2026-09-17,8
4bys4IFd,2026-09-18,7
4bys4IFd,2026-09-19,2
4bys4IFd,2026-09-20,4
4bys4IFd,2026-09-21,3
4cBSMI7K,2025-02-28,1
4d9m4qHT,2026-08-25,1
4d9m4qHT,2026-09-06,1
4d9m4qHT,2026-09-09,1
4dFz1U1n,2026-04-16,1
4dFz1U1n,2026-04-28,1
4dFz1U1n,2026-05-02,1
4dGA8O05,2025-11-23,2
4f5VjwOH,2025-07-12,1
4fqjWnHG,2026-05-31,1
4fqjWnHG,2026-06-01,1
4fqjWnHG,2026-06-14,1
4fqjWnHG,2026-06-21,1
4g3HrjHt,2026-07-19,1
4gQPTGq6,2025-06-29,1
4gQPTGq6,2025-07-14,1
4gj198rs,2025-10-04,1
4gj198rs,2025-10-07,1
4gj198rs,2025-10-13,1
4i1FyovI,2025-03-12,2
4i1FyovI,2025-03-13,1
4i1FyovI,2025-03-18,2
4j5D9JpH,2025-12-28,1
4j5D9JpH,2025-12-29,1
4jCLdNWl,2026-02-05,1
4jCQDdXw,2026-05-01,1
4jOMXNie,2025-05-30,1
4kCOBPXs,2025-09-28,1
4kawzdRy,2026-03-04,1
4kawzdRy,2026-03-05,1
4kawzdRy,2026-03-09,1
4kawzdRy,2026-03-10,2
4kawzdRy,2026-03-18,2
4kawzdRy,2026-03-20,1
4l3OLS3n,2025-05-28,1
4l3OLS3n,2025-06-22,1
4mGic6g3,2025-05-01,1
4mGic6g3,2025-05-02,3
4mGic6g3,2025-05-03,2
4mGic6g3,2025-05-05,1
4mGic6g3,2025-05-06,1
4mGic6g3,2025-05-07,1
4mGic6g3,2025-05-08,1
4mGic6g3,2025-05-09,1
4mGic6g3,2025-05-10,5
4mGic6g3,2025-05-12,2
4mGic6g3,2025-05-13,1
4mGic6g3,2025-05-14,1
4mGic6g3,2025-05-15,1
4mV1SqOL,2025-12-28,1
4mV1SqOL,2026-01-06,1
4mV1SqOL,2026-01-19,1
4mV1SqOL,2026-01-22,1
4mWXrbv9,2025-06-27,1
4mlCFVN6,2026-05-19,1
4nEm9K2B,2026-01-22,1
4nGIAVGe,2026-08-23,1
4ojbkLoO,2026-02-03,1
4ojbkLoO,2026-02-04,2
4ojbkLoO,2026-02-05,4
4ojbkLoO,2026-02-07,1
4ojbkLoO,2026-02-12,2
4ojbkLoO,2026-02-15,1
4ojbkLoO,2026-02-17,1
4ojbkLoO,2026-02-18,3
4ojbkLoO,2026-02-21,1
4ojbkLoO,2026-02-23,1
4ojbkLoO,2026-02-25,2
4p1SuMy0,2026-05-02,1
4p1SuMy0,2026-05-10,1
4p1SuMy0,2026-05-13,1
4pLjtO2h,2025-12-10,2
4pLjtO2h,2025-12-24,1
4qRmEVwQ,2025-11-18,1
4qRmEVwQ,2025-11-19,3
4qRmEVwQ,2025-11-20,1
4qRmEVwQ,2025-11-21,3
4qRmEVwQ,2025-11-22,2
4qRmEVwQ,2025-11-23,2
4qRmEVwQ,2025-11-24,1
4qRmEVwQ,2025-11-25,1
4qRmEVwQ,2025-11-27,2
4qRmEVwQ,2025-11-28,2
4qidY7VS,2026-08-25,1
4qidY7VS,2026-08-30,1
4qidY7VS,2026-09-21,1
4qvDqDtE,2025-11-19,1
4qvDqDtE,2025-11-20,2
4qvDqDtE,2025-11-21,5
4qvDqDtE,2025-11-22,3
4qvDqDtE,2025-11-23,3
4qvDqDtE,2025-11-24,1
4qvDqDtE,2025-11-25,2
4qvDqDtE,2025-11-27,1
4qvDqDtE,2025-11-28,2
4qvaqtmp,2026-08-09,1
4sPgo4Bq,2026-01-18,1
4sPgo4Bq,2026-01-19,1
4sPgo4Bq,2026-01-22,1
4sm6fDKU,2025-07-16,1
4sm6fDKU,2025-07-20,1
4sm6fDKU,2025-07-28,1
4sm6fDKU,2025-07-29,1
4t5g6b6v,2026-07-19,1
4t5g6b6v,2026-07-21,1
4t5g6b6v,2026-08-05,1
4t5g6b6v,2026-08-15,1
4tC7F0ST,2026-07-06,1
4tC7F0ST,2026-07-09,1
4tPCpxVC,2026-08-05,1
4tPCpxVC,2026-08-07,1
4tPCpxVC,2026-08-13,1
4tPCpxVC,2026-08-14,4
4uubzKN5,2026-05-15,1
4uubzKN5,2026-05-18,1
4uubzKN5,2026-05-20,1
4uubzKN5,2026-05-21,1
4uubzKN5,2026-05-23,1
4uubzKN5,2026-05-25,1
4uubzKN5,2026-05-27,1
4uubzKN5,2026-05-29,1
4uubzKN5,2026-05-30,1
4uubzKN5,2026-05-31,1
4uubzKN5,2026-06-01,1
4uubzKN5,2026-06-03,1
4uubzKN5,2026-06-04,1
4uubzKN5,2026-06-07,1
4uubzKN5,2026-06-14,1
4uubzKN5,2026-06-21,1
4v7KYkfP,2026-05-15,1
4v7KYkfP,2026-05-22,1
4v7KYkfP,2026-05-31,1
4v7KYkfP,2026-06-01,1
4v7KYkfP,2026-06-18,1
4vkgy0nU,2025-08-02,1
4vkgy0nU,2025-08-03,1
4wZXc424,2026-08-18,1
4wZXc424,2026-08-20,1
4wZXc424,2026-08-26,1
4wZXc424,2026-08-27,1
4wZXc424,2026-09-05,2
4wZXc424,2026-09-08,1
4wZXc424,2026-09-12,1
4wZXc424,2026-09-19,1
4wZXc424,2026-09-20,1
4yap0hV3,2025-11-30,1
4yap0hV3,2025-12-04,1
4ym3oLkK,2025-02-14,2
4ysBTr5C,2025-10-18,1
4ysBTr5C,2025-10-31,1
4z37nh7I,2026-07-16,1
4z37nh7I,2026-07-17,1
4z37nh7I,2026-07-18,1
4z37nh7I,2026-07-19,1
4z37nh7I,2026-07-20,2
4z37nh7I,2026-07-21,1
4z37nh7I,2026-07-22,1
4z37nh7I,2026-07-23,1
4z37nh7I,2026-07-25,2
4z37nh7I,2026-07-31,1
4z37nh7I,2026-08-04,2
4z37nh7I,2026-08-07,2
4z37nh7I,2026-08-08,1
4z37nh7I,2026-08-09,1
4z37nh7I,2026-08-10,1
4z37nh7I,2026-08-11,2
4z37nh7I,2026-08-12,1
4z37nh7I,2026-08-13,3
4z37nh7I,2026-08-14,1
4z37nh7I,2026-08-15,1
4z37nh7I,2026-08-17,1
4zo8ReZ5,2026-06-23,1
4zo8ReZ5,2026-06-25,1
4zo8ReZ5,2026-06-26,1
4zo8ReZ5,2026-06-27,1
4zo8ReZ5,2026-06-29,1
4zo8ReZ5,2026-07-04,1
4zo8ReZ5,2026-07-06,1
4zo8ReZ5,2026-07-13,1
4zo8ReZ5,2026-07-14,2
50j6vSvV,2025-02-14,1
51oC1G1T,2025-12-28,1
52MPXTa4,2026-08-18,1
52MPXTa4,2026-08-19,2
52MPXTa4,2026-08-20,3
52MPXTa4,2026-08-21,1
52MPXTa4,2026-08-22,2
52MPXTa4,2026-08-23,1
52MPXTa4,2026-08-24,2
52MPXTa4,2026-08-25,3
52MPXTa4,2026-08-26,2
52MPXTa4,2026-08-27,3
52MPXTa4,2026-08-28,2
52MPXTa4,2026-08-29,2
52MPXTa4,2026-08-30,2
52MPXTa4,2026-08-31,2
52MPXTa4,2026-09-01,2
52MPXTa4,2026-09-02,1
52MPXTa4,2026-09-03,1
52MPXTa4,2026-09-04,1
52MPXTa4,2026-09-05,3
52MPXTa4,2026-09-06,1
52MPXTa4,2026-09-07,1
52MPXTa4,2026-09-08,2
52MPXTa4,2026-09-09,4
52MPXTa4,2026-09-10,5
52MPXTa4,2026-09-11,2
52MPXTa4,2026-09-12,2
52MPXTa4,2026-09-13,2
52MPXTa4,2026-09-14,2
52MPXTa4,2026-09-15,3
52MPXTa4,2026-09-16,3
52MPXTa4,2026-09-17,4
52MPXTa4,2026-09-18,2
52MPXTa4,2026-09-19,4
52MPXTa4,2026-09-20,2
52MPXTa4,2026-09-21,5
53jpV3ZH,2025-12-07,1
545syfPe,2026-06-23,3
545syfPe,2026-06-24,1
545syfPe,2026-06-25,1
545syfPe,2026-06-26,1
545syfPe,2026-06-27,1
545syfPe,2026-06-29,3
545syfPe,2026-06-30,2
545syfPe,2026-07-01,3
545syfPe,2026-07-02,5
545syfPe,2026-07-03,1
545syfPe,2026-07-04,1
545syfPe,2026-07-05,2
545syfPe,2026-07-06,4
545syfPe,2026-07-07,1
545syfPe,2026-07-08,2
545syfPe,2026-07-09,2
545syfPe,2026-07-10,2
545syfPe,2026-07-12,3
545syfPe,2026-07-13,4
54AZ00fh,2026-07-31,1
54CbJvwv,2025-09-29,1
54NbzLlO,2025-06-27,1
54SAvhjD,2026-07-18,1
54SAvhjD,2026-07-19,1
54SAvhjD,2026-07-21,1
552gTr4L,2025-12-14,1
56UNYELb,2025-04-14,2
57I9FLTZ,2025-10-15,1
57I9FLTZ,2025-10-18,1
57wvrZaQ,2025-11-16,1
57wvrZaQ,2025-11-17,1
58D0GmKA,2025-09-06,1
58D0GmKA,2025-09-07,1
58D0GmKA,2025-09-08,1
58YFFhnN,2025-12-27,2
58y2Cz18,2025-02-20,1
59cTSWwo,2025-07-25,10
59cTSWwo,2025-07-26,7
59ft6OOU,2025-05-15,1
59lofvWX,2026-07-04,1
59lofvWX,2026-07-12,1
59lofvWX,2026-07-13,1
5AHmnFHP,2026-02-19,1
5AHmnFHP,2026-02-25,1
5AhKunBm,2025-03-05,1
5CD7F7k3,2026-02-08,1
5CD7F7k3,2026-02-26,1
5D6uS0rV,2026-02-03,1
5D6uS0rV,2026-02-05,1
5D6uS0rV,2026-02-08,1
5D6uS0rV,2026-02-17,1
5D6uS0rV,2026-02-18,1
5D6uS0rV,2026-02-19,1
5D6uS0rV,2026-02-23,1
5D6uS0rV,2026-02-26,1
5DAFcWTM,2025-08-27,1
5DAFcWTM,2025-09-02,1
5DpgskJM,2026-04-17,1
5EX8hvYM,2025-08-14,1
5EX8hvYM,2025-08-16,3
5Fv18ctc,2025-02-25,1
5Fw1Jd28,2025-06-19,1
5G67xpgS,2026-09-03,1
5G67xpgS,2026-09-15,1
5GE4c9bn,2026-03-16,1
5GE4c9bn,2026-03-21,1
5GkFAUoy,2026-03-07,8
5GkFAUoy,2026-03-14,2
5Gsk33CB,2026-08-22,1
5Gsk33CB,2026-08-24,1
5Gsk33CB,2026-08-25,1
5Gsk33CB,2026-08-30,1
5Gsk33CB,2026-09-12,3
5Gsk33CB,2026-09-13,2
5Gsk33CB,2026-09-17,1
5Gsk33CB,2026-09-19,2
5Gsk33CB,2026-09-20,1
5HYmXpVM,2026-08-22,1
5HYmXpVM,2026-08-23,1
5HYmXpVM,2026-08-31,2
5HYmXpVM,2026-09-10,1
5HYmXpVM,2026-09-11,1
5HYmXpVM,2026-09-13,1
5HYmXpVM,2026-09-19,1
5HbpqK1Q,2025-02-09,1
5HbpqK1Q,2025-02-12,1
5HkEyUkQ,2026-09-08,2
5HkEyUkQ,2026-09-17,2
5JHnyQFQ,2025-11-20,1
5K1NxfbP,2025-04-08,1
5K1NxfbP,2025-04-09,1
5KNnxQGl,2026-03-23,2
5KNnxQGl,2026-03-24,1
5KNnxQGl,2026-03-25,3
5KNnxQGl,2026-03-26,2
5KNnxQGl,2026-03-27,3
5KNnxQGl,2026-03-28,1
5KNnxQGl,2026-03-29,3
5KNnxQGl,2026-03-30,2
5KNnxQGl,2026-03-31,1
5KNnxQGl,2026-04-01,2
5KNnxQGl,2026-04-02,1
5KNnxQGl,2026-04-03,6
5KNnxQGl,2026-04-04,5
5KNnxQGl,2026-04-05,2
5KNnxQGl,2026-04-06,2
5KNnxQGl,2026-04-07,1
5KNnxQGl,2026-04-08,2
5KNnxQGl,2026-04-09,4
5KNnxQGl,2026-04-10,1
5KNnxQGl,2026-04-11,7
5KNnxQGl,2026-04-12,2
5KNnxQGl,2026-04-13,1
5KNnxQGl,2026-04-14,6
5KNnxQGl,2026-04-15,1
5KNnxQGl,2026-04-16,1
5Ks0quUF,2025-02-21,10
5Ks0quUF,2025-02-22,5
5Ks0quUF,2025-02-24,5
5LSymqrv,2026-06-02,1
5Lz7OfkO,2026-07-14,4
5MODsGUc,2025-10-07,1
5MoFq67F,2026-08-31,1
5N30xnXy,2026-08-13,1
5NCaUaqb,2026-03-24,2
5NCaUaqb,2026-03-25,2
5NCaUaqb,2026-03-29,1
5NCaUaqb,2026-04-04,1
5NCaUaqb,2026-04-06,1
5NCaUaqb,2026-04-10,2
5NCaUaqb,2026-04-13,1
5NxMl1vH,2025-09-25,1
5NxMl1vH,2025-09-27,3
5ODGr5al,2025-05-12,1
5OgDJuak,2025-08-25,1
5OnMMJ5R,2026-05-22,1
5PN5e2k8,2025-08-25,1
5QMxQCDl,2026-04-21,1
5QMxQCDl,2026-04-25,1
5QMxQCDl,2026-05-02,1
5QMxQCDl,2026-05-09,1
5QMxQCDl,2026-05-11,1
5QMxQCDl,2026-05-14,1
5QNp7tCz,2026-04-23,1
5QNp7tCz,2026-04-28,1
5SCBXytD,2026-02-03,1
5SCBXytD,2026-02-10,4
5SCBXytD,2026-02-11,4
5SCBXytD,2026-02-12,1
5SCBXytD,2026-02-13,3
5SCBXytD,2026-02-14,1
5SCBXytD,2026-02-15,1
5SCBXytD,2026-02-19,1
5SCBXytD,2026-02-21,1
5SCBXytD,2026-02-25,1
5SKR1div,2025-05-17,2
5T2IRmBs,2025-09-21,2
5T2IRmBs,2025-09-23,1
5T2IRmBs,2025-09-27,1
5T2IRmBs,2025-09-30,1
5Tpm7YB3,2026-08-19,2
5Tpm7YB3,2026-08-25,1
5Tpm7YB3,2026-08-28,1
5Tpm7YB3,2026-09-08,1
5Tpm7YB3,2026-09-09,1
5Tpm7YB3,2026-09-13,4
5Tpm7YB3,2026-09-15,3
5Tpm7YB3,2026-09-16,2
5Tpm7YB3,2026-09-17,6
5Tpm7YB3,2026-09-18,2
5Tpm7YB3,2026-09-19,1
5Tpm7YB3,2026-09-20,2
5TySwMwg,2025-10-24,1
5TzmYfT0,2026-02-18,4
5UVsIytT,2026-03-29,1
5UVsIytT,2026-04-04,1
5UyVVcy4,2026-01-01,1
5UyVVcy4,2026-01-10,1
5UyVVcy4,2026-01-13,1
5UyVVcy4,2026-01-17,1
5UyVVcy4,2026-01-20,1
5UyVVcy4,2026-01-24,1
5UyVVcy4,2026-01-26,1
5UyVVcy4,2026-01-31,2
5WoKNh5I,2025-10-16,1
5WoKNh5I,2025-10-20,1
5WoKNh5I,2025-10-25,1
5WoKNh5I,2025-10-28,3
5WoKNh5I,2025-10-29,1
5WoKNh5I,2025-10-31,1
5Y9IVlo0,2025-03-28,1
5YP8sjAS,2025-04-15,3
5YP8sjAS,2025-04-17,2
5YP8sjAS,2025-04-18,1
5YP8sjAS,2025-04-20,1
5YP8sjAS,2025-04-23,2
5YP8sjAS,2025-04-27,1
5YP8sjAS,2025-04-28,2
5YU4oXMk,2025-12-20,1
5ZrAedH3,2026-09-03,1
5ZrAedH3,2026-09-04,1
5ZrAedH3,2026-09-05,3
5ZrAedH3,2026-09-06,7
5ZrAedH3,2026-09-07,2
5ZrAedH3,2026-09-08,6
5ZrAedH3,2026-09-10,2
5ZrAedH3,2026-09-11,5
5ZrAedH3,2026-09-12,6
5ZrAedH3,2026-09-13,14
5ZrAedH3,2026-09-14,1
5ZrAedH3,2026-09-15,4
5ZrAedH3,2026-09-17,2
5ZrAedH3,2026-09-18,1
5ZrAedH3,2026-09-19,5
5ZrAedH3,2026-09-20,14
5ZrAedH3,2026-09-21,10
5as8qFet,2025-04-10,1
5as8qFet,2025-04-11,1
5b6T1J6M,2025-06-16,1
5bHoceSj,2025-09-15,1
5bHoceSj,2025-09-16,1
5bHoceSj,2025-09-21,1
5bME6QP6,2026-03-24,1
5bOEZaAX,2025-02-15,1
5cE13hVz,2025-04-25,1
5cE13hVz,2025-04-26,1
5d7hM5yK,2026-08-15,2
5d9xASJq,2025-09-20,2
5d9xASJq,2025-09-24,1
5d9xASJq,2025-09-27,1
5d9xASJq,2025-09-30,1
5dOPRDyP,2025-07-25,2
5dOPRDyP,2025-07-30,1
5dTvnfV7,2026-02-21,1
5dTvnfV7,2026-02-22,1
5dTvnfV7,2026-02-23,1
5eGJx2Yi,2025-10-15,2
5fAWPzGD,2025-08-07,1
5fAWPzGD,2025-08-08,3
5fAWPzGD,2025-08-09,3
5fAWPzGD,2025-08-11,1
5fAWPzGD,2025-08-13,1
5fAWPzGD,2025-08-15,1
5fAWPzGD,2025-08-17,1
5fAWPzGD,2025-08-20,1
5fAWPzGD,2025-08-22,1
5gpjLmcf,2026-03-30,1
5h2AoQ2n,2025-06-07,1
5iM10B1h,2025-06-27,1
5iM10B1h,2025-06-29,1
5iM10B1h,2025-07-13,1
5iX28Al9,2025-03-28,1
5iX28Al9,2025-03-30,1
5iX28Al9,2025-04-02,1
5iX28Al9,2025-04-05,1
5j2x53Bb,2026-07-25,1
5j2x53Bb,2026-08-08,1
5jC19bM5,2026-08-20,1
5jC19bM5,2026-09-14,1
5jC19bM5,2026-09-15,1
5jC19bM5,2026-09-16,1
5jC19bM5,2026-09-17,2
5jC19bM5,2026-09-20,1
5kVMj1rK,2026-05-15,2
5kVMj1rK,2026-05-16,2
5kVMj1rK,2026-05-17,2
5kVMj1rK,2026-05-18,2
5kVMj1rK,2026-05-19,2
5kVMj1rK,2026-05-20,2
5kVMj1rK,2026-05-21,2
5kVMj1rK,2026-05-23,2
5kVMj1rK,2026-05-24,2
5kVMj1rK,2026-05-25,2
5kVMj1rK,2026-05-26,2
5kVMj1rK,2026-05-27,2
5kVMj1rK,2026-05-28,2
5kVMj1rK,2026-05-29,2
5kVMj1rK,2026-05-30,4
5kVMj1rK,2026-05-31,2
5kVMj1rK,2026-06-01,2
5kVMj1rK,2026-06-02,2
5kVMj1rK,2026-06-03,2
5kVMj1rK,2026-06-04,2
5kVMj1rK,2026-06-05,2
5kVMj1rK,2026-06-06,2
5kVMj1rK,2026-06-07,2
5kVMj1rK,2026-06-08,2
5kVMj1rK,2026-06-09,1
5kVMj1rK,2026-06-10,2
5kVMj1rK,2026-06-11,3
5kVMj1rK,2026-06-12,2
5kVMj1rK,2026-06-13,2
5kVMj1rK,2026-06-14,2
5kVMj1rK,2026-06-15,2
5kVMj1rK,2026-06-16,3
5kVMj1rK,2026-06-17,2
5kVMj1rK,2026-06-18,2
5kVMj1rK,2026-06-19,2
5kVMj1rK,2026-06-20,2
5kVMj1rK,2026-06-21,2
5kVMj1rK,2026-06-22,2
5lkKsTZP,2026-01-13,1
5luIxqwP,2025-08-07,2
5luIxqwP,2025-08-11,1
5luIxqwP,2025-08-16,1
5luIxqwP,2025-08-17,1
5luIxqwP,2025-08-18,1
5luIxqwP,2025-08-21,1
5luIxqwP,2025-08-22,1
5mExEwRN,2026-09-06,1
5n0r5gim,2025-05-21,1
5nVpFbGk,2025-03-10,3
5nVpFbGk,2025-03-11,1
5nVpFbGk,2025-03-13,2
5nVpFbGk,2025-03-15,1
5nVpFbGk,2025-03-17,2
5nVpFbGk,2025-03-18,2
5nhVruPd,2025-05-18,1
5nhVruPd,2025-05-19,1
5nhVruPd,2025-05-27,2
5ohSdqb1,2026-06-26,1
5p61GWOR,2025-05-01,1
5pCdG2TA,2026-03-27,1
5pF4Sfpl,2025-10-15,1
5pF4Sfpl,2025-10-19,1
5pF4Sfpl,2025-10-31,1
5qJ6cXof,2025-05-29,1
5qJ6cXof,2025-05-30,1
5rdlhGnu,2025-11-22,1
5s2maQro,2025-07-13,2
5uueJmL9,2025-09-15,1
5uueJmL9,2025-09-16,4
5vLrLIoS,2025-08-26,3
5vLrLIoS,2025-08-27,2
5vLrLIoS,2025-08-28,1
5vLrLIoS,2025-08-29,1
5vLrLIoS,2025-08-31,2
5vnivGo9,2025-05-28,1
5vnivGo9,2025-05-31,1
5vnivGo9,2025-06-09,1
5vnivGo9,2025-06-13,1
5vuZVbF4,2026-08-22,1
5vuZVbF4,2026-08-27,1
5vuZVbF4,2026-08-29,1
5vuZVbF4,2026-09-13,1
5vuZVbF4,2026-09-15,1
5vuZVbF4,2026-09-16,1
5vuZVbF4,2026-09-19,2
5vuly25Y,2026-08-23,1
5vyIrqpX,2026-03-23,47
5vyIrqpX,2026-03-25,1
5vyIrqpX,2026-04-11,17
5vyIrqpX,2026-04-12,12
5vyIrqpX,2026-04-15,48
5w3UZ1QZ,2025-09-06,1
5wdfd7td,2025-10-04,1
5wy7sRUX,2026-03-23,1
5wy7sRUX,2026-03-26,2
5wy7sRUX,2026-03-27,2
5wy7sRUX,2026-03-28,1
5wy7sRUX,2026-03-31,3
5wy7sRUX,2026-04-02,2
5wy7sRUX,2026-04-03,1
5wy7sRUX,2026-04-06,1
5wy7sRUX,2026-04-10,1
5wy7sRUX,2026-04-11,1
5wy7sRUX,2026-04-12,1
5wy7sRUX,2026-04-14,2
5wy7sRUX,2026-04-15,2
5xJPNble,2025-12-08,1
5xq7QlNp,2026-07-16,1
5xq7QlNp,2026-07-17,3
5xq7QlNp,2026-07-18,1
5xq7QlNp,2026-07-19,1
5xq7QlNp,2026-07-22,1
5xq7QlNp,2026-07-23,2
5xq7QlNp,2026-07-24,1
5xq7QlNp,2026-07-28,1
5xq7QlNp,2026-07-30,1
5xq7QlNp,2026-07-31,1
5xq7QlNp,2026-08-01,1
5xq7QlNp,2026-08-02,2
5xq7QlNp,2026-08-06,1
5xq7QlNp,2026-08-07,1
5xq7QlNp,2026-08-09,2
5xq7QlNp,2026-08-10,2
5xq7QlNp,2026-08-13,1
5xq7QlNp,2026-08-14,1
5xq7QlNp,2026-08-17,1
5yAsfkvp,2026-01-05,3
5yLoB02F,2025-12-04,1
5yLoB02F,2025-12-07,1
5yLoB02F,2025-12-08,1
5yLoB02F,2025-12-09,2
5yLoB02F,2025-12-13,1
5yLoB02F,2025-12-14,4
5yLoB02F,2025-12-16,1
5yLoB02F,2025-12-19,1
5yLoB02F,2025-12-20,1
5yLoB02F,2025-12-21,2
5yLoB02F,2025-12-22,1
5yLoB02F,2025-12-27,1
5z0A039I,2026-02-27,1
5zCErLxZ,2025-02-20,1
60AD4Htm,2026-08-04,1
60ByGfXa,2025-09-08,2
60ByGfXa,2025-09-09,1
60ByGfXa,2025-09-10,1
60ByGfXa,2025-09-11,1
60ByGfXa,2025-09-14,1
612ANK7W,2025-12-10,1
612ANK7W,2025-12-11,1
61vTtri5,2026-08-23,1
61vTtri5,2026-08-24,1
61vTtri5,2026-08-29,1
61vTtri5,2026-09-13,1
61vTtri5,2026-09-14,1
61vTtri5,2026-09-21,2
627U6x0L,2025-02-27,1
62qQE35l,2026-05-02,1
62zkBEhW,2026-09-09,1
62zkBEhW,2026-09-15,1
62zkBEhW,2026-09-17,1
62zkBEhW,2026-09-19,1
62zkBEhW,2026-09-20,2
630G9aVj,2026-09-16,1
630G9aVj,2026-09-21,1
6329ZlNc,2025-02-21,3
6329ZlNc,2025-02-22,3
6329ZlNc,2025-02-23,4
6329ZlNc,2025-02-25,1
6329ZlNc,2025-02-26,6
6329ZlNc,2025-02-27,2
63imITnI,2025-05-29,1
63imITnI,2025-06-11,1
64VGEOwU,2025-10-22,1
64VGEOwU,2025-10-24,1
64VGEOwU,2025-10-25,1
64yywqTK,2025-03-26,1
66dCjKZx,2025-12-10,1
66dCjKZx,2025-12-26,1
67P7zthT,2026-08-06,1
67RPs6J4,2025-11-27,1
67vzQMcU,2026-08-21,1
67vzQMcU,2026-09-03,2
67vzQMcU,2026-09-08,1
67vzQMcU,2026-09-20,1
68ABuBzd,2025-10-28,1
69RQ6sNp,2025-10-17,2
69RQ6sNp,2025-10-18,1
69tQepH7,2025-06-01,1
6ATKyhGB,2025-02-12,1
6B0q4Vvh,2026-02-11,1
6B0q4Vvh,2026-02-19,1
6B2ndiSl,2025-08-01,1
6BK5lwqD,2025-06-18,1
6BWC1crE,2025-06-04,1
6CaqVLcH,2025-07-04,2
6CaqVLcH,2025-07-06,1
6CbiG6O3,2026-03-23,1
6DOG3HxX,2026-05-20,1
6DOG3HxX,2026-06-17,1
6Dh14Cq8,2026-07-19,2
6Dh14Cq8,2026-07-20,3
6Dh14Cq8,2026-07-22,1
6Dh14Cq8,2026-08-01,1
6Dh14Cq8,2026-08-07,1
6EHDoCkS,2025-09-07,1
6EHDoCkS,2025-09-12,1
6EMbOBJ2,2025-09-14,4
6EMbOBJ2,2025-09-20,1
6EMbOBJ2,2025-09-28,1
6EMbOBJ2,2025-09-30,1
6ENrcDvI,2026-07-16,5
6ENrcDvI,2026-07-17,1
6ENrcDvI,2026-07-21,1
6ENrcDvI,2026-07-22,2
6ENrcDvI,2026-07-23,1
6ENrcDvI,2026-07-28,2
6ENrcDvI,2026-07-30,1
6ENrcDvI,2026-08-03,1
6ENrcDvI,2026-08-04,1
6ENrcDvI,2026-08-05,1
6ENrcDvI,2026-08-06,1
6ENrcDvI,2026-08-08,1
6ENrcDvI,2026-08-16,1
6EQ0Ykk1,2026-05-26,1
6EQ0Ykk1,2026-06-06,1
6EQ0Ykk1,2026-06-07,2
6EQ0Ykk1,2026-06-09,2
6EQ0Ykk1,2026-06-10,1
6EQ0Ykk1,2026-06-11,1
6EQ0Ykk1,2026-06-12,1
6EQ0Ykk1,2026-06-13,1
6EQ0Ykk1,2026-06-15,1
6EQ0Ykk1,2026-06-17,1
6EQ0Ykk1,2026-06-20,2
6FBCXx86,2026-07-15,1
6GLHwV7P,2026-03-29,1
6GvpYuBJ,2026-01-09,1
6GvpYuBJ,2026-01-19,1
6ICxexTO,2025-08-31,1
6J1wOQx0,2026-09-12,1
6JsngsT1,2026-03-25,1
6JsngsT1,2026-04-05,1
6JsngsT1,2026-04-14,1
6LGOMGgf,2026-09-15,1
6LGOMGgf,2026-09-18,1
6LzbAmnh,2026-03-07,1
6LzbAmnh,2026-03-20,1
6MiI2mth,2026-07-28,2
6MiI2mth,2026-08-10,1
6N3dVYfv,2025-03-24,1
6N3dVYfv,2025-03-26,1
6Nr2McJd,2026-09-08,1
6Nr2McJd,2026-09-11,1
6OJ3OCxl,2025-11-11,1
6OaUxg4z,2025-03-02,1
6Om4EVbF,2025-10-05,1
6Om4EVbF,2025-10-08,1
6Om4EVbF,2025-10-10,2
6Oq0L3Wb,2026-06-26,1
6Oq0L3Wb,2026-06-28,1
6Oq0L3Wb,2026-07-01,1
6Oq0L3Wb,2026-07-07,1
6Oq0L3Wb,2026-07-09,1
6Oq0L3Wb,2026-07-14,1
6Ovlu7zI,2026-03-11,1
6Ovlu7zI,2026-03-14,1
6Owp2rUz,2026-07-18,1
6PCGrenT,2026-01-15,1
6PIe6xpm,2025-10-12,1
6Q0p0BW7,2025-08-30,1
6QxkQE1Z,2025-08-12,2
6QxkQE1Z,2025-08-17,1
6QxkQE1Z,2025-08-23,1
6QxkQE1Z,2025-08-24,1
6QxkQE1Z,2025-08-25,3
6SF7GUkb,2025-05-01,1
6SF7GUkb,2025-05-03,1
6SF7GUkb,2025-05-10,1
6SUPYBvx,2025-11-23,1
6SVn8kK9,2025-09-07,1
6SWBm7nJ,2026-03-08,1
6SWBm7nJ,2026-03-11,1
6Sznqgcy,2025-07-24,1
6Sznqgcy,2025-07-26,1
6TOXkoNQ,2026-08-18,1
6TOXkoNQ,2026-08-29,1
6TOXkoNQ,2026-08-31,1
6TOXkoNQ,2026-09-07,2
6TOXkoNQ,2026-09-18,1
6TOXkoNQ,2026-09-20,2
6TOXkoNQ,2026-09-21,1
6UouupsX,2025-11-23,1
6Vc3xS6x,2025-02-08,1
6VyA1OFO,2025-03-10,1
6W0brfJv,2025-02-11,5
6WBWzcaL,2025-02-07,2
6WOtRMLE,2025-11-29,2
6WOtRMLE,2025-11-30,2
6WOtRMLE,2025-12-01,4
6WOtRMLE,2025-12-02,2
6WOtRMLE,2025-12-03,2
6WOtRMLE,2025-12-04,2
6WOtRMLE,2025-12-05,1
6WOtRMLE,2025-12-06,3
6WOtRMLE,2025-12-07,2
6WOtRMLE,2025-12-08,2
6WOtRMLE,2025-12-09,2
6WOtRMLE,2025-12-10,3
6WOtRMLE,2025-12-11,2
6WOtRMLE,2025-12-12,2
6WOtRMLE,2025-12-13,4
6WOtRMLE,2025-12-14,2
6WOtRMLE,2025-12-15,3
6WOtRMLE,2025-12-16,2
6WOtRMLE,2025-12-17,2
6WOtRMLE,2025-12-18,2
6WOtRMLE,2025-12-19,2
6WOtRMLE,2025-12-20,4
6WOtRMLE,2025-12-21,2
6WOtRMLE,2025-12-22,2
6WOtRMLE,2025-12-23,2
6WOtRMLE,2025-12-24,2
6WOtRMLE,2025-12-25,3
6WOtRMLE,2025-12-26,3
6WOtRMLE,2025-12-27,3
6XFakwgh,2026-04-11,1
6XFakwgh,2026-04-13,1
6XFakwgh,2026-04-14,1
6XJA3OzA,2025-08-29,1
6XJA3OzA,2025-09-05,1
6XKkQFjN,2025-11-10,2
6XdUmD05,2026-08-19,1
6XdUmD05,2026-08-29,1
6XdUmD05,2026-08-30,1
6XdUmD05,2026-09-07,1
6YOCzG7n,2026-07-17,1
6Ycc9Nw1,2026-08-18,2
6Ycc9Nw1,2026-08-19,2
6Ycc9Nw1,2026-08-20,4
6Ycc9Nw1,2026-08-21,1
6Ycc9Nw1,2026-08-22,6
6Ycc9Nw1,2026-08-23,1
6Ycc9Nw1,2026-08-24,1
6Ycc9Nw1,2026-08-25,2
6Ycc9Nw1,2026-08-26,8
6Ycc9Nw1,2026-08-27,2
6Ycc9Nw1,2026-08-28,1
6Ycc9Nw1,2026-08-29,1
6Ycc9Nw1,2026-08-30,6
6Ycc9Nw1,2026-08-31,4
6Ycc9Nw1,2026-09-01,2
6Ycc9Nw1,2026-09-03,2
6Ycc9Nw1,2026-09-04,2
6Ycc9Nw1,2026-09-07,2
6Ycc9Nw1,2026-09-08,2
6Ycc9Nw1,2026-09-09,2
6Ycc9Nw1,2026-09-10,2
6Ycc9Nw1,2026-09-11,2
6Ycc9Nw1,2026-09-12,2
6Ycc9Nw1,2026-09-13,1
6Ycc9Nw1,2026-09-14,1
6Ycc9Nw1,2026-09-15,5
6Ycc9Nw1,2026-09-16,4
6Ycc9Nw1,2026-09-17,1
6Ycc9Nw1,2026-09-18,5
6Ycc9Nw1,2026-09-19,16
6Ycc9Nw1,2026-09-20,9
6Ycc9Nw1,2026-09-21,1
6Yrua3IQ,2026-01-01,1
6Yrua3IQ,2026-01-02,2
6ZcekoUV,2025-10-11,2
6Zrn9eeb,2025-08-27,1
6Zrn9eeb,2025-08-28,1
6afRDpIL,2025-04-24,2
6alDeZhA,2025-09-16,1
6cDdV71A,2026-08-18,1
6cDdV71A,2026-08-20,1
6cDdV71A,2026-08-28,1
6cDdV71A,2026-08-31,3
6cDdV71A,2026-09-05,1
6cDdV71A,2026-09-06,1
6cDdV71A,2026-09-09,1
6cDdV71A,2026-09-14,1
6cDdV71A,2026-09-16,1
6cDdV71A,2026-09-20,1
6cDdV71A,2026-09-21,1
6cHSnhu5,2025-08-27,1
6cHklInt,2025-02-10,1
6csZQPrq,2026-07-14,1
6d8Doqcd,2025-08-25,1
6d8Doqcd,2025-08-26,1
6dbjmSaN,2025-11-20,1
6dbjmSaN,2025-11-21,1
6drLYa1j,2025-05-31,1
6dxBOwPp,2026-07-19,2
6dxBOwPp,2026-07-27,1
6dxBOwPp,2026-07-28,1
6dxBOwPp,2026-08-04,3
6dxBOwPp,2026-08-05,2
6dxBOwPp,2026-08-08,1
6dxBOwPp,2026-08-10,1
6dxBOwPp,2026-08-13,1
6ey32BsL,2025-05-06,1
6ey32BsL,2025-05-07,2
6fEVoWDa,2026-04-01,1
6fKuCMje,2026-06-25,1
6fKuCMje,2026-06-26,1
6fKuCMje,2026-07-01,1
6fKuCMje,2026-07-06,1
6fKuCMje,2026-07-07,1
6fKuCMje,2026-07-11,2
6fKuCMje,2026-07-13,2
6fWfwFhq,2025-05-17,1
6fWfwFhq,2025-05-19,1
6fWjxTYk,2026-07-18,1
6fWjxTYk,2026-07-26,2
6faoR3Q2,2025-11-04,1
6faoR3Q2,2025-11-10,1
6faoR3Q2,2025-11-13,1
6faoR3Q2,2025-11-15,1
6faoR3Q2,2025-11-16,1
6faoR3Q2,2025-11-17,1
6gGWs0AK,2026-07-22,1
6gGWs0AK,2026-07-25,1
6gGWs0AK,2026-07-26,2
6gGWs0AK,2026-07-29,1
6gGWs0AK,2026-07-30,1
6gGWs0AK,2026-07-31,1
6gGWs0AK,2026-08-04,1
6gGWs0AK,2026-08-06,1
6gGWs0AK,2026-08-07,1
6gGWs0AK,2026-08-08,3
6gGWs0AK,2026-08-09,2
6gGWs0AK,2026-08-13,1
6gGWs0AK,2026-08-14,1
6gGWs0AK,2026-08-15,1
6gGWs0AK,2026-08-16,1
6gGWs0AK,2026-08-17,1
6gfwefgK,2025-09-06,2
6gfwefgK,2025-09-07,1
6gfwefgK,2025-09-08,1
6gfwefgK,2025-09-09,1
6gfwefgK,2025-09-10,2
6gfwefgK,2025-09-12,2
6h6sSXc9,2025-11-21,2
6h9CyBZT,2025-12-22,1
6hjZqj5Y,2026-07-24,1
6i7HeuJ7,2026-04-20,1
6i7HeuJ7,2026-05-11,2
6iuN2THY,2025-09-20,1
6j6Mtxuf,2026-09-19,1
6j6Mtxuf,2026-09-20,1
6jdTbt6X,2026-04-16,1
6jdTbt6X,2026-04-17,1
6jdTbt6X,2026-04-21,1
6jdTbt6X,2026-04-25,1
6jdTbt6X,2026-05-01,2
6jdTbt6X,2026-05-02,1
6jdTbt6X,2026-05-10,1
6jdTbt6X,2026-05-11,1
6lWNFSnS,2025-06-13,1
6lWNFSnS,2025-06-15,1
6lWNFSnS,2025-06-16,4
6lWNFSnS,2025-06-17,1
6lWNFSnS,2025-06-24,2
6lebHPnX,2025-10-05,1
6lebHPnX,2025-10-12,2
6ly4smfc,2026-05-16,1
6ly4smfc,2026-05-19,1
6ly4smfc,2026-05-23,2
6ly4smfc,2026-05-24,2
6ly4smfc,2026-05-26,1
6ly4smfc,2026-06-01,1
6ly4smfc,2026-06-03,1
6ly4smfc,2026-06-05,2
6ly4smfc,2026-06-07,1
6ly4smfc,2026-06-08,1
6ly4smfc,2026-06-12,1
6ly4smfc,2026-06-15,1
6ly4smfc,2026-06-19,1
6n7T1gea,2026-02-27,2
6n7T1gea,2026-02-28,2
6n7T1gea,2026-03-01,4
6n7T1gea,2026-03-02,2
6n7T1gea,2026-03-03,3
6n7T1gea,2026-03-04,2
6n7T1gea,2026-03-05,2
6n7T1gea,2026-03-06,2
6n7T1gea,2026-03-07,2
6n7T1gea,2026-03-08,2
6n7T1gea,2026-03-09,2
6n7T1gea,2026-03-10,2
6n7T1gea,2026-03-11,2
6n7T1gea,2026-03-12,2
6n7T1gea,2026-03-13,2
6n7T1gea,2026-03-14,2
6n7T1gea,2026-03-15,2
6n7T1gea,2026-03-16,2
6n7T1gea,2026-03-17,2
6n7T1gea,2026-03-18,2
6n7T1gea,2026-03-19,2
6n7T1gea,2026-03-20,2
6n7T1gea,2026-03-22,2
6nRyi1Py,2025-05-30,1
6nRyi1Py,2025-06-01,1
6nRyi1Py,2025-06-09,1
6nzVysry,2026-02-06,1
6nzVysry,2026-02-09,1
6nzVysry,2026-02-10,1
6nzVysry,2026-02-13,1
6nzVysry,2026-02-14,1
6nzVysry,2026-02-20,1
6oM2yzgW,2026-03-19,1
6omIH458,2026-09-19,1
6ounMbFj,2025-09-21,2
6p90jz6y,2025-09-09,1
6pEOkK3x,2026-03-26,1
6pEOkK3x,2026-04-03,2
6pEOkK3x,2026-04-07,1
6pEOkK3x,2026-04-08,1
6pEOkK3x,2026-04-11,2
6pEOkK3x,2026-04-12,1
6pHICXiC,2025-12-10,2
6pHICXiC,2025-12-14,1
6pkHe2pe,2025-05-08,1
6psRejZS,2026-03-27,1
6qOfaNvQ,2025-02-20,2
6r9CciTP,2025-03-05,2
6r9CciTP,2025-03-06,1
6r9CciTP,2025-03-08,1
6r9CciTP,2025-03-09,1
6ruPm3hG,2025-03-01,3
6ruPm3hG,2025-03-02,2
6ruPm3hG,2025-03-03,1
6ruPm3hG,2025-03-04,2
6ruPm3hG,2025-03-08,1
6rylOxhv,2025-12-28,1
6rylOxhv,2025-12-29,1
6rylOxhv,2025-12-30,1
6rylOxhv,2026-01-01,2
6rylOxhv,2026-01-02,1
6rylOxhv,2026-01-03,1
6rylOxhv,2026-01-04,1
6rylOxhv,2026-01-05,1
6rylOxhv,2026-01-06,1
6rylOxhv,2026-01-07,1
6rylOxhv,2026-01-08,1
6rylOxhv,2026-01-09,1
6rylOxhv,2026-01-10,1
6rylOxhv,2026-01-11,1
6rylOxhv,2026-01-12,1
6rylOxhv,2026-01-13,1
6rylOxhv,2026-01-14,1
6rylOxhv,2026-01-15,1
6rylOxhv,2026-01-16,1
6rylOxhv,2026-01-17,1
6rylOxhv,2026-01-18,2
6rylOxhv,2026-01-19,1
6rylOxhv,2026-01-20,1
6rylOxhv,2026-01-21,1
6rylOxhv,2026-01-22,1
6rylOxhv,2026-01-23,1
6rylOxhv,2026-01-24,1
6rylOxhv,2026-01-25,1
6rylOxhv,2026-01-26,1
6rylOxhv,2026-01-27,1
6rylOxhv,2026-01-28,1
6rylOxhv,2026-01-29,1
6rylOxhv,2026-01-30,1
6rylOxhv,2026-01-31,2
6rylOxhv,2026-02-01,1
6rylOxhv,2026-02-02,1
6sIGVHUl,2025-02-26,1
6sIGVHUl,2025-02-27,1
6sKiZNPY,2025-02-25,1
6sRyNpEl,2025-05-01,1
6sRyNpEl,2025-05-02,1
6sVEiLjE,2026-06-29,1
6sVEiLjE,2026-07-05,1
6tFVF2Se,2025-03-04,1
6tp8E3Dt,2026-03-23,1
6tp8E3Dt,2026-03-25,1
6tp8E3Dt,2026-03-28,1
6tp8E3Dt,2026-03-30,2
6tp8E3Dt,2026-04-01,1
6tp8E3Dt,2026-04-03,1
6tp8E3Dt,2026-04-07,1
6tp8E3Dt,2026-04-08,1
6tp8E3Dt,2026-04-09,5
6tp8E3Dt,2026-04-10,3
6tp8E3Dt,2026-04-12,2
6u8tJeoQ,2026-07-07,1
6uAcrA5d,2025-08-26,1
6uAcrA5d,2025-09-06,1
6uKOxac8,2025-06-14,1
6uKOxac8,2025-06-15,1
6uKOxac8,2025-06-23,1
6uKOxac8,2025-06-26,1
6ud3rQ7C,2025-08-16,1
6uxSM8s0,2025-03-01,1
6uxSM8s0,2025-03-02,1
6uxSM8s0,2025-03-03,1
6uxSM8s0,2025-03-05,1
6uxSM8s0,2025-03-06,1
6uxSM8s0,2025-03-07,2
6uxSM8s0,2025-03-08,1
6veQp7CV,2025-10-06,1
6wUYaI8t,2025-10-16,2
6wUYaI8t,2025-10-18,1
6wUYaI8t,2025-10-28,2
6wUYaI8t,2025-10-31,1
6wUYaI8t,2025-11-01,1
6wbRXHWL,2026-06-12,1
6wgytlYV,2025-11-02,1
6wgytlYV,2025-11-04,1
6wgytlYV,2025-11-15,1
6xwHb75O,2025-06-27,1
6xwHb75O,2025-06-28,1
6xwHb75O,2025-06-30,2
6xwHb75O,2025-07-13,3
6z0OePUV,2026-09-05,1
6z0OePUV,2026-09-12,1
6z0OePUV,2026-09-14,1
6z0OePUV,2026-09-18,2
6z0OePUV,2026-09-20,3
6zpkw4YB,2025-08-26,1
6zpkw4YB,2025-08-28,1
6zpkw4YB,2025-08-30,1
6zpkw4YB,2025-09-02,1
70JFqJvH,2026-02-06,1
70JFqJvH,2026-02-11,1
70JFqJvH,2026-02-12,1
70JFqJvH,2026-02-13,2
70JFqJvH,2026-02-15,4
70JFqJvH,2026-02-17,1
70JFqJvH,2026-02-18,1
70JFqJvH,2026-02-20,2
70JFqJvH,2026-02-21,1
70aJQsFh,2026-05-13,1
71JTcH8g,2025-11-04,1
71JTcH8g,2025-11-05,1
71JTcH8g,2025-11-10,1
71JTcH8g,2025-11-13,1
72649q31,2026-06-23,2
72649q31,2026-06-24,2
72649q31,2026-06-26,1
72649q31,2026-06-27,2
72649q31,2026-06-28,2
72649q31,2026-06-30,2
72649q31,2026-07-03,3
72649q31,2026-07-07,3
72649q31,2026-07-10,1
72649q31,2026-07-13,2
72JbXE3l,2026-02-27,1
72JbXE3l,2026-02-28,2
72JbXE3l,2026-03-07,1
72JbXE3l,2026-03-09,2
72JbXE3l,2026-03-10,1
72JbXE3l,2026-03-11,1
72JbXE3l,2026-03-14,1
72JbXE3l,2026-03-18,1
72JbXE3l,2026-03-21,2
72onOlvR,2026-04-24,1
73B4yWpf,2025-03-01,2
73B4yWpf,2025-03-02,1
73TgPu2c,2026-03-31,1
746rZ1jo,2025-08-09,1
746rZ1jo,2025-08-17,1
74czibwN,2025-11-24,1
74lCnYaQ,2026-06-23,2
74lCnYaQ,2026-06-24,1
74lCnYaQ,2026-06-26,1
74lCnYaQ,2026-06-28,1
74lCnYaQ,2026-07-01,2
74lCnYaQ,2026-07-13,1
75aZhb1b,2026-03-26,2
75aZhb1b,2026-03-28,1
75okDpG7,2025-08-14,1
76mgO6Mt,2026-02-09,1
77TVQbnB,2026-08-21,1
77TVQbnB,2026-08-28,1
77TVQbnB,2026-09-04,1
77TVQbnB,2026-09-05,1
77TVQbnB,2026-09-06,2
77TVQbnB,2026-09-07,1
77TVQbnB,2026-09-08,1
77TVQbnB,2026-09-10,1
77TVQbnB,2026-09-14,1
77TVQbnB,2026-09-15,1
77TVQbnB,2026-09-16,1
77TVQbnB,2026-09-17,2
77TVQbnB,2026-09-18,1
77TVQbnB,2026-09-19,1
77TVQbnB,2026-09-21,1
77mEmqlQ,2025-03-09,1
78PwycaB,2026-07-16,1
78PwycaB,2026-07-17,2
78PwycaB,2026-07-18,1
78PwycaB,2026-07-25,1
78PwycaB,2026-07-27,2
78PwycaB,2026-07-28,1
78PwycaB,2026-07-29,2
78PwycaB,2026-07-30,1
78PwycaB,2026-07-31,1
78PwycaB,2026-08-01,1
78PwycaB,2026-08-03,1
78PwycaB,2026-08-07,1
78PwycaB,2026-08-08,1
78PwycaB,2026-08-09,1
78PwycaB,2026-08-10,1
78PwycaB,2026-08-11,1
78PwycaB,2026-08-14,1
78PwycaB,2026-08-17,4
78PwycaB,2026-08-18,1
78sBDTYu,2025-08-28,1
78sBDTYu,2025-09-02,1
78sBDTYu,2025-09-05,1
79JGfvpX,2025-07-01,1
79f5iaKT,2025-12-09,2
79rO0ZEg,2026-08-22,1
79rO0ZEg,2026-08-31,3
79rO0ZEg,2026-09-18,1
79rO0ZEg,2026-09-21,1
79zjvQCL,2026-04-07,1
79zjvQCL,2026-04-08,1
79zjvQCL,2026-04-09,2
79zjvQCL,2026-04-12,1
79zjvQCL,2026-04-13,1
79zjvQCL,2026-04-14,1
7A6PBaVV,2026-05-08,1
7A9QDuS4,2025-02-17,1
7A9QDuS4,2025-02-20,1
7AKMLMxK,2025-07-30,1
7AW7ubIu,2026-06-26,1
7AW7ubIu,2026-07-07,1
7AW7ubIu,2026-07-11,1
7AW7ubIu,2026-07-13,1
7AfZ3X5l,2026-07-27,18
7AfZ3X5l,2026-07-30,33
7AfZ3X5l,2026-07-31,16
7AfZ3X5l,2026-08-01,1
7AfZ3X5l,2026-08-02,35
7AfZ3X5l,2026-08-07,1
7Agb1zIQ,2025-03-02,1
7Agb1zIQ,2025-03-09,3
7Bj6XnpM,2025-05-22,1
7BqrHwZ8,2025-04-17,4
7C5i4JdA,2025-10-14,1
7CQ0WX7y,2026-02-19,1
7Cguq7Pb,2026-03-24,1
7Cguq7Pb,2026-03-25,1
7Cguq7Pb,2026-03-27,2
7Cguq7Pb,2026-04-03,1
7Cguq7Pb,2026-04-06,1
7Cguq7Pb,2026-04-07,1
7Cguq7Pb,2026-04-09,1
7Cguq7Pb,2026-04-11,3
7Cguq7Pb,2026-04-12,1
7Cguq7Pb,2026-04-13,3
7Cguq7Pb,2026-04-15,2
7D0ekckD,2026-03-25,1
7D0ekckD,2026-03-29,1
7D7gAyD0,2025-12-28,1
7E3fsRD8,2025-03-28,3
7E3fsRD8,2025-04-03,1
7E3fsRD8,2025-04-05,1
7FJ90FyA,2025-05-05,1
7FwxuhjA,2025-06-02,1
7FwxuhjA,2025-06-03,1
7GYi03er,2025-09-01,1
7GYi03er,2025-09-03,1
7GbH26oF,2026-04-22,1
7Hf8Sp3W,2025-05-03,1
7Hf8Sp3W,2025-05-04,1
7Hf8Sp3W,2025-05-09,1
7I90r7hE,2025-12-08,1
7IMnmsIt,2025-06-14,3
7IMnmsIt,2025-06-19,1
7JT1Ctux,2026-07-03,1
7JYyqxl0,2025-10-22,1
7JYyqxl0,2025-10-23,1
7JYyqxl0,2025-10-31,1
7K8K8OOB,2025-06-16,1
7KdRDWO3,2025-06-27,2
7KdRDWO3,2025-06-28,3
7KdRDWO3,2025-06-29,4
7KdRDWO3,2025-06-30,3
7KdRDWO3,2025-07-01,3
7KdRDWO3,2025-07-02,2
7KdRDWO3,2025-07-03,1
7KdRDWO3,2025-07-04,3
7KdRDWO3,2025-07-05,1
7KdRDWO3,2025-07-06,1
7KdRDWO3,2025-07-08,1
7KdRDWO3,2025-07-09,2
7KdRDWO3,2025-07-11,1
7KdRDWO3,2025-07-12,4
7KdRDWO3,2025-07-13,1
7KxPyi8S,2025-08-03,1
7Kzn9bGk,2025-12-31,1
7Kzn9bGk,2026-01-08,1
7Kzn9bGk,2026-01-19,1
7L3OnNYY,2026-01-01,1
7L3OnNYY,2026-01-03,1
7L3OnNYY,2026-01-10,1
7L3OnNYY,2026-01-15,1
7L3OnNYY,2026-01-18,1
7L3OnNYY,2026-01-25,1
7L3OnNYY,2026-01-26,1
7L3OnNYY,2026-01-28,2
7L3OnNYY,2026-01-29,1
7L3OnNYY,2026-01-30,1
7L3OnNYY,2026-02-01,2
7Liuvceb,2025-12-12,1
7M88dqRC,2026-01-01,1
7M88dqRC,2026-01-20,1
7MPEhW0e,2025-04-19,1
7Mct4fAG,2025-11-26,1
7NOQ6mqm,2025-04-19,1
7NOQ6mqm,2025-04-20,1
7NOQ6mqm,2025-04-21,1
7NOQ6mqm,2025-04-23,1
7NOQ6mqm,2025-04-24,1
7NOQ6mqm,2025-04-25,1
7NOQ6mqm,2025-04-26,1
7NOQ6mqm,2025-04-27,1
7NOQ6mqm,2025-04-28,1
7NZo8QSb,2026-03-20,1
7OkZDgpX,2025-12-13,1
7PuTd40w,2025-10-29,1
7QqM6BWK,2025-11-20,1
7QqM6BWK,2025-11-22,1
7QqM6BWK,2025-11-25,2
7QqM6BWK,2025-11-27,3
7QqM6BWK,2025-11-28,1
7TS11IoF,2026-07-23,2
7TS11IoF,2026-07-27,1
7TS11IoF,2026-07-30,1
7TS11IoF,2026-08-03,1
7TS11IoF,2026-08-10,1
7ThYYxq6,2025-11-16,1
7WTFaewG,2025-07-17,1
7WTFaewG,2025-07-22,1
7WTFaewG,2025-07-28,2
7XOOYkht,2025-08-07,1
7XOOYkht,2025-08-08,3
7XOOYkht,2025-08-15,1
7Xb44ubO,2026-01-19,1
7XpQlNC3,2025-05-26,1
7YPYpbRi,2026-08-28,1
7YPYpbRi,2026-09-09,1
7YvlUABO,2026-01-07,1
7YvlUABO,2026-01-16,1
7YxcXgR5,2025-04-11,1
7YxcXgR5,2025-04-12,1
7ZTbjP1B,2025-02-08,1
7ZUBZAMR,2025-03-21,1
7ZUBZAMR,2025-03-22,2
7ZUBZAMR,2025-03-23,3
7ZeoxUCZ,2026-07-20,1
7ZeoxUCZ,2026-07-26,2
7aOtNpcq,2026-08-24,2
7aOtNpcq,2026-08-26,4
7aOtNpcq,2026-08-29,1
7aOtNpcq,2026-08-30,4
7aOtNpcq,2026-08-31,3
7aOtNpcq,2026-09-01,5
7aOtNpcq,2026-09-02,8
7aOtNpcq,2026-09-03,1
7aOtNpcq,2026-09-04,2
7aOtNpcq,2026-09-05,1
7aOtNpcq,2026-09-06,7
7aOtNpcq,2026-09-07,11
7aOtNpcq,2026-09-08,3
7aOtNpcq,2026-09-10,2
7aOtNpcq,2026-09-12,1
7aOtNpcq,2026-09-13,1
7aOtNpcq,2026-09-15,12
7aOtNpcq,2026-09-16,5
7aOtNpcq,2026-09-17,5
7aOtNpcq,2026-09-18,4
7aOtNpcq,2026-09-19,10
7aOtNpcq,2026-09-20,18
7aOtNpcq,2026-09-21,1
7ahskqOC,2026-07-18,2
7ahskqOC,2026-07-19,3
7ahskqOC,2026-07-20,1
7ahskqOC,2026-07-21,2
7ahskqOC,2026-07-22,1
7ahskqOC,2026-07-24,2
7ahskqOC,2026-07-26,3
7ahskqOC,2026-07-27,1
7ahskqOC,2026-07-28,3
7ahskqOC,2026-07-29,1
7ahskqOC,2026-07-30,2
7ahskqOC,2026-08-01,4
7ahskqOC,2026-08-04,1
7ahskqOC,2026-08-05,2
7ahskqOC,2026-08-06,1
7ahskqOC,2026-08-08,1
7ahskqOC,2026-08-11,3
7ahskqOC,2026-08-13,1
7ahskqOC,2026-08-14,1
7axfrFvd,2026-08-01,1
7b8HePYA,2025-12-23,1
7bBo0FrI,2025-12-01,1
7bhPhAJf,2025-04-06,1
7blXb22w,2025-05-16,1
7blXb22w,2025-05-24,1
7c2rah4k,2026-03-07,1
7c9kcXI1,2025-08-26,2
7c9kcXI1,2025-08-27,6
7c9kcXI1,2025-08-28,5
7c9kcXI1,2025-08-30,2
7c9kcXI1,2025-08-31,1
7c9kcXI1,2025-09-01,4
7c9kcXI1,2025-09-03,1
7c9kcXI1,2025-09-06,1
7d1cY6do,2026-04-17,1
7d1cY6do,2026-04-21,1
7d1cY6do,2026-05-01,1
7dbUTpsr,2025-11-11,1
7dbUTpsr,2025-11-14,1
7eqYhXRS,2025-05-12,1
7fqsirAH,2026-09-20,1
7gFEIAcq,2025-10-18,1
7gK04ZGL,2025-04-29,1
7gtNQfLZ,2025-06-20,1
7h0YQT0H,2025-03-08,1
7hMv5CT9,2026-05-15,1
7hMv5CT9,2026-05-21,1
7hMv5CT9,2026-06-01,1
7hMv5CT9,2026-06-03,1
7hMv5CT9,2026-06-07,1
7hkSKzn1,2026-04-03,1
7hkSKzn1,2026-04-07,1
7hkSKzn1,2026-04-09,1
7hki2LNj,2026-06-05,1
7hnShsu4,2025-12-12,1
7hsRzbTl,2025-12-30,1
7hsRzbTl,2025-12-31,1
7hsRzbTl,2026-01-01,2
7hsRzbTl,2026-01-06,1
7hsRzbTl,2026-01-10,1
7hsRzbTl,2026-01-13,1
7hsRzbTl,2026-01-14,1
7hsRzbTl,2026-01-21,1
7hsRzbTl,2026-01-25,1
7hsRzbTl,2026-01-27,1
7hsRzbTl,2026-01-28,1
7hsRzbTl,2026-01-29,2
7hzbnr3E,2026-06-28,1
7jGF4eJ2,2025-04-17,1
7jGF4eJ2,2025-04-18,3
7jGF4eJ2,2025-04-19,1
7jGF4eJ2,2025-04-21,1
7jGF4eJ2,2025-04-23,1
7jGF4eJ2,2025-04-25,2
7jLZR1Lj,2026-08-28,62
7jLZR1Lj,2026-09-11,34
7jVsip9C,2025-11-29,1
7jVsip9C,2025-12-04,1
7jVsip9C,2025-12-08,1
7jVsip9C,2025-12-18,1
7jVsip9C,2025-12-20,1
7jvS51Bu,2026-04-17,1
7jvS51Bu,2026-04-18,4
7jvS51Bu,2026-04-19,1
7jvS51Bu,2026-04-20,2
7jvS51Bu,2026-04-21,3
7jvS51Bu,2026-04-22,1
7jvS51Bu,2026-04-23,2
7jvS51Bu,2026-04-25,1
7jvS51Bu,2026-04-26,2
7jvS51Bu,2026-04-30,1
7jvS51Bu,2026-05-01,1
7jvS51Bu,2026-05-02,1
7jvS51Bu,2026-05-03,3
7jvS51Bu,2026-05-04,1
7jvS51Bu,2026-05-07,1
7jvS51Bu,2026-05-12,1
7jvS51Bu,2026-05-13,1
7jvS51Bu,2026-05-14,3
7kGaWjN1,2025-11-28,1
7kOKXKNX,2026-03-24,1
7kOKXKNX,2026-03-25,3
7kOKXKNX,2026-03-26,2
7kOKXKNX,2026-03-28,1
7kOKXKNX,2026-03-29,1
7kOKXKNX,2026-04-02,1
7kOKXKNX,2026-04-08,1
7kOKXKNX,2026-04-10,1
7kOKXKNX,2026-04-16,1
7l1DMHdZ,2026-08-26,1
7l1DMHdZ,2026-08-31,1
7l1DMHdZ,2026-09-03,1
7l1DMHdZ,2026-09-05,1
7l1DMHdZ,2026-09-06,2
7l1DMHdZ,2026-09-07,1
7l1DMHdZ,2026-09-08,2
7l1DMHdZ,2026-09-11,1
7l1DMHdZ,2026-09-12,2
7l1DMHdZ,2026-09-14,1
7l1DMHdZ,2026-09-18,1
7l1DMHdZ,2026-09-19,3
7l1DMHdZ,2026-09-20,2
7l3SsQjc,2025-03-06,1
7mFLLd3R,2025-07-30,1
7mGVDNG4,2025-12-31,1
7mGVDNG4,2026-01-01,2
7mGVDNG4,2026-01-08,1
7mGVDNG4,2026-01-26,1
7mHjqR0r,2025-11-24,1
7mtNmaSc,2025-06-29,1
7mtNmaSc,2025-07-01,1
7mtNmaSc,2025-07-06,1
7ndvLNBD,2025-05-31,1
7or7CIJZ,2025-09-15,1
7qNOmuac,2025-06-27,2
7qNOmuac,2025-06-28,2
7qNOmuac,2025-06-29,1
7qNOmuac,2025-06-30,1
7qNOmuac,2025-07-01,1
7qNOmuac,2025-07-06,2
7qNOmuac,2025-07-07,1
7qNOmuac,2025-07-08,1
7qNOmuac,2025-07-09,1
7qNOmuac,2025-07-13,2
7qR2lO1R,2025-04-06,1
7qXEBdFu,2026-03-28,1
7qXEBdFu,2026-04-01,1
7qXEBdFu,2026-04-05,1
7rEVX66i,2026-06-27,1
7rEVX66i,2026-07-04,1
7rSzdkvG,2025-11-02,1
7rSzdkvG,2025-11-04,1
7rSzdkvG,2025-11-05,1
7rUzIWeO,2026-08-30,1
7rUzIWeO,2026-09-03,1
7rUzIWeO,2026-09-06,1
7rUzIWeO,2026-09-16,1
7rUzIWeO,2026-09-20,1
7rUzIWeO,2026-09-21,1
7sEtE2Hy,2025-11-18,3
7sEtE2Hy,2025-11-19,1
7sEtE2Hy,2025-11-23,1
7sEtE2Hy,2025-11-24,1
7sEtE2Hy,2025-11-29,1
7sNjDbBy,2026-06-23,2
7sNjDbBy,2026-06-28,1
7sNjDbBy,2026-06-30,2
7sNjDbBy,2026-07-06,1
7sNjDbBy,2026-07-07,1
7sNjDbBy,2026-07-09,1
7sNjDbBy,2026-07-10,2
7sNjDbBy,2026-07-12,1
7sNjDbBy,2026-07-15,1
7sNjDbBy,2026-07-16,1
7sZH3KEM,2025-08-24,1
7sinpQTi,2026-02-27,5
7sinpQTi,2026-03-06,1
7sinpQTi,2026-03-13,1
7t2J5wtm,2025-07-25,1
7t2J5wtm,2025-07-27,1
7tOcKjvL,2025-12-10,1
7tOcKjvL,2025-12-21,1
7txFnW4K,2026-09-15,1
7ueb8hbX,2026-09-10,1
7vUrUyUJ,2026-06-22,1
7w2egd5P,2026-01-05,1
7wzH7zOu,2026-01-26,1
7xeilICp,2025-08-27,1
7xlVRWq4,2025-12-09,2
7xlVRWq4,2025-12-21,1
7yvRuub9,2026-07-24,3
7yvRuub9,2026-08-04,1
7yvRuub9,2026-08-09,1
7yvRuub9,2026-08-13,1
7yvRuub9,2026-08-15,1
7ztPVjPd,2025-08-27,1
7ztPVjPd,2025-08-30,3
7ztPVjPd,2025-08-31,1
7ztPVjPd,2025-09-01,3
7ztPVjPd,2025-09-04,2
7zv5FDYd,2025-03-31,1
80SFPFSB,2026-08-18,1
80SFPFSB,2026-08-20,1
80SFPFSB,2026-08-24,2
80SFPFSB,2026-08-27,1
80SFPFSB,2026-08-30,1
80SFPFSB,2026-08-31,4
80SFPFSB,2026-09-01,2
80SFPFSB,2026-09-02,2
80SFPFSB,2026-09-03,3
80SFPFSB,2026-09-04,1
80SFPFSB,2026-09-05,4
80SFPFSB,2026-09-06,2
80SFPFSB,2026-09-07,2
80SFPFSB,2026-09-10,1
80SFPFSB,2026-09-12,1
80SFPFSB,2026-09-13,1
80SFPFSB,2026-09-14,1
80SFPFSB,2026-09-15,1
80SFPFSB,2026-09-16,2
80SFPFSB,2026-09-17,4
80SFPFSB,2026-09-18,4
80SFPFSB,2026-09-19,2
80SFPFSB,2026-09-20,3
80SFPFSB,2026-09-21,3
80wtma8j,2026-05-24,1
818LeaSP,2025-12-23,1
81tY48cy,2025-04-09,1
81tY48cy,2025-04-12,1
81tY48cy,2025-04-13,1
81w9xpWF,2025-06-29,1
82EHgNAp,2025-06-13,1
82EHgNAp,2025-06-18,1
82EHgNAp,2025-06-20,1
82EHgNAp,2025-06-23,1
83BDjEtw,2025-04-15,1
83cHSgZW,2025-05-28,1
845dImy2,2026-05-15,1
845dImy2,2026-05-22,1
845dImy2,2026-06-02,1
845dImy2,2026-06-06,1
845dImy2,2026-06-19,1
84BBWZRP,2025-10-30,1
84MtrtXH,2026-05-15,1
84MtrtXH,2026-05-18,1
84MtrtXH,2026-06-01,1
84MtrtXH,2026-06-09,1
84MtrtXH,2026-06-10,1
850we8wB,2026-01-03,1
850we8wB,2026-01-13,1
85WzIT3g,2026-02-03,1
86rr6ReR,2025-10-04,1
86rr6ReR,2025-10-05,1
86rr6ReR,2025-10-12,1
870lveAq,2025-02-15,1
87LN90mY,2025-05-30,1
87LN90mY,2025-06-09,1
87RESxga,2026-08-21,1
87RESxga,2026-09-11,1
87SuNhkC,2025-07-04,1
88jETST6,2025-06-07,2
88lrzjdg,2026-03-25,1
88viV0d3,2025-09-25,1
893KNMNN,2026-05-15,1
893KNMNN,2026-05-21,1
89M3RZMf,2025-03-21,1
8A0q3taR,2026-08-19,2
8A0q3taR,2026-08-31,1
8A0q3taR,2026-09-16,1
8A0q3taR,2026-09-20,1
8A0q3taR,2026-09-21,1
8A1jVhR8,2026-05-06,1
8A1jVhR8,2026-05-11,1
8B2CoRo7,2026-02-02,1
8BLeUnzt,2025-10-04,1
8C4EStS3,2025-06-15,1
8C4EStS3,2025-06-19,1
8CYhmNVU,2025-09-29,1
8DL422Js,2025-06-27,2
8DL422Js,2025-06-28,2
8DL422Js,2025-06-29,3
8DL422Js,2025-06-30,2
8DL422Js,2025-07-01,1
8DL422Js,2025-07-02,1
8DL422Js,2025-07-03,3
8DL422Js,2025-07-04,1
8DL422Js,2025-07-06,2
8DL422Js,2025-07-07,1
8DL422Js,2025-07-08,2
8DL422Js,2025-07-09,1
8DL422Js,2025-07-10,2
8DL422Js,2025-07-11,3
8DL422Js,2025-07-13,1
8DN190zj,2025-11-30,1
8DN190zj,2025-12-08,2
8DN190zj,2025-12-09,1
8DN190zj,2025-12-14,1
8DN190zj,2025-12-18,2
8DN190zj,2025-12-22,2
8DN190zj,2025-12-23,1
8DN190zj,2025-12-24,1
8E2Aul8k,2026-05-18,1
8E2Aul8k,2026-05-20,1
8E2Aul8k,2026-05-27,1
8E2Aul8k,2026-06-01,1
8E2Aul8k,2026-06-07,1
8E2Aul8k,2026-06-19,1
8EBJiWM9,2025-03-01,1
8EBJiWM9,2025-03-02,1
8EBJiWM9,2025-03-04,1
8EBJiWM9,2025-03-07,1
8EBJiWM9,2025-03-09,1
8EElmFyl,2026-03-08,2
8EElmFyl,2026-03-12,1
8EElmFyl,2026-03-13,1
8EElmFyl,2026-03-14,2
8EElmFyl,2026-03-15,1
8EElmFyl,2026-03-22,1
8EMy4d5Y,2025-03-15,1
8EMy4d5Y,2025-03-18,1
8EO4H22a,2025-07-11,1
8FmTjDOz,2026-07-17,1
8FmTjDOz,2026-07-18,1
8FmTjDOz,2026-07-23,1
8FmTjDOz,2026-07-26,3
8GJRGNXA,2025-06-14,3
8GJRGNXA,2025-06-18,1
8GasoqvN,2026-04-17,1
8GasoqvN,2026-04-22,1
8GasoqvN,2026-05-02,1
8GasoqvN,2026-05-09,1
8GasoqvN,2026-05-14,1
8Gff3Ssw,2026-01-29,1
8GrXuTVy,2026-03-26,2
8GrXuTVy,2026-04-02,1
8GrXuTVy,2026-04-11,1
8H7n0JqC,2025-12-26,1
8HZyT42D,2025-08-24,1
8HeYsT8P,2025-03-28,1
8HeYsT8P,2025-03-30,1
8HeYsT8P,2025-03-31,2
8HeYsT8P,2025-04-01,3
8Jq3nVhg,2025-10-06,3
8K9wWKyU,2025-05-19,1
8KHIMlN7,2026-06-13,1
8KHIMlN7,2026-06-18,1
8KHIMlN7,2026-06-20,1
8L2EU0De,2026-07-17,6
8L2EU0De,2026-07-18,2
8L2EU0De,2026-07-20,1
8L2EU0De,2026-07-21,1
8L2EU0De,2026-07-23,3
8L2EU0De,2026-07-24,1
8L2EU0De,2026-07-25,3
8L2EU0De,2026-07-26,2
8L2EU0De,2026-07-27,4
8L2EU0De,2026-07-29,2
8L2EU0De,2026-07-30,2
8L2EU0De,2026-07-31,1
8L2EU0De,2026-08-01,1
8L2EU0De,2026-08-03,1
8L2EU0De,2026-08-04,2
8L2EU0De,2026-08-05,4
8L2EU0De,2026-08-07,1
8L2EU0De,2026-08-09,1
8L2EU0De,2026-08-10,8
8L2EU0De,2026-08-13,2
8L2EU0De,2026-08-14,2
8L2EU0De,2026-08-15,2
8L2EU0De,2026-08-16,2
8LJdbsOW,2025-12-05,1
8LJdbsOW,2025-12-07,1
8LJdbsOW,2025-12-08,1
8LJdbsOW,2025-12-09,1
8LJdbsOW,2025-12-11,1
8LJdbsOW,2025-12-13,3
8LJdbsOW,2025-12-16,1
8LJdbsOW,2025-12-22,1
8LJdbsOW,2025-12-25,1
8LJdbsOW,2025-12-26,1
8LJdbsOW,2025-12-27,1
8LQ32hse,2026-05-30,1
8LQ32hse,2026-06-01,1
8LRzlcuK,2026-05-22,1
8LRzlcuK,2026-05-27,1
8LRzlcuK,2026-05-29,1
8MPHnXGf,2025-11-19,1
8O7V3wF0,2026-03-18,2
8OEjMPdp,2025-11-20,1
8OSXGsow,2025-07-19,1
8OSXGsow,2025-07-20,3
8OSXGsow,2025-07-25,2
8OSXGsow,2025-07-26,1
8PnfiXxz,2026-07-16,4
8PnfiXxz,2026-07-17,5
8PnfiXxz,2026-07-18,1
8PnfiXxz,2026-07-19,4
8PnfiXxz,2026-07-20,5
8PnfiXxz,2026-07-21,2
8PnfiXxz,2026-07-22,2
8PnfiXxz,2026-07-23,2
8PnfiXxz,2026-07-24,2
8PnfiXxz,2026-07-25,3
8PnfiXxz,2026-07-26,11
8PnfiXxz,2026-07-27,3
8PnfiXxz,2026-07-28,2
8PnfiXxz,2026-07-29,2
8PnfiXxz,2026-07-30,2
8PnfiXxz,2026-07-31,2
8PnfiXxz,2026-08-01,2
8PnfiXxz,2026-08-02,2
8PnfiXxz,2026-08-03,3
8PnfiXxz,2026-08-04,2
8PnfiXxz,2026-08-05,3
8PnfiXxz,2026-08-06,5
8PnfiXxz,2026-08-07,3
8PnfiXxz,2026-08-08,4
8PnfiXxz,2026-08-09,6
8PnfiXxz,2026-08-10,2
8PnfiXxz,2026-08-12,1
8PnfiXxz,2026-08-14,3
8PnfiXxz,2026-08-15,1
8PnfiXxz,2026-08-16,4
8PnfiXxz,2026-08-17,5
8PwPlbRb,2026-03-03,1
8PwPlbRb,2026-03-04,1
8PwPlbRb,2026-03-06,3
8PwPlbRb,2026-03-12,2
8PwPlbRb,2026-03-19,1
8PwPlbRb,2026-03-20,1
8PwPlbRb,2026-03-21,1
8QE1twBc,2025-12-28,1
8QE1twBc,2025-12-30,3
8QE1twBc,2026-01-06,1
8QE1twBc,2026-01-18,2
8QE1twBc,2026-02-01,1
8Qkxfjn4,2025-12-30,1
8Qkxfjn4,2026-01-10,2
8Qkxfjn4,2026-01-18,1
8RaefDYS,2025-04-20,2
8RthmMrk,2026-09-05,2
8RthmMrk,2026-09-09,1
8RthmMrk,2026-09-11,1
8RthmMrk,2026-09-14,1
8RthmMrk,2026-09-16,1
8RthmMrk,2026-09-17,1
8RthmMrk,2026-09-19,6
8RthmMrk,2026-09-20,5
8RthmMrk,2026-09-21,3
8S3JnAqg,2025-05-24,1
8S3JnAqg,2025-05-27,2
8SBBR2AX,2025-09-15,2
8SBBR2AX,2025-09-27,1
8SHEi56F,2026-03-07,1
8SHEi56F,2026-03-08,1
8SHEi56F,2026-03-21,9
8Sev7Yvk,2025-05-02,2
8SzGVmpF,2025-06-30,1
8SzGVmpF,2025-07-06,6
8SzGVmpF,2025-07-12,1
8Tw5SXoF,2026-06-26,1
8Tw5SXoF,2026-07-04,1
8UIx5dwL,2025-08-27,1
8UIx5dwL,2025-08-30,1
8VzdRrWa,2025-02-14,1
8XOBsi42,2025-09-29,1
8Xd1yDm5,2025-07-16,1
8Xd1yDm5,2025-07-17,2
8Xd1yDm5,2025-07-18,1
8Xd1yDm5,2025-07-19,1
8Xd1yDm5,2025-07-22,2
8Xd1yDm5,2025-07-23,1
8Xd1yDm5,2025-07-26,1
8Xd1yDm5,2025-07-27,1
8Xd1yDm5,2025-07-29,1
8Xtn7jZH,2026-07-23,1
8Xtn7jZH,2026-08-14,1
8YDxagyD,2025-12-29,3
8YDxagyD,2026-01-10,4
8YDxagyD,2026-01-23,1
8YTilDQ3,2026-07-17,3
8YTilDQ3,2026-07-19,2
8YTilDQ3,2026-07-20,1
8YTilDQ3,2026-07-22,1
8YTilDQ3,2026-07-23,1
8YTilDQ3,2026-07-24,3
8YTilDQ3,2026-07-25,1
8YTilDQ3,2026-07-26,1
8YTilDQ3,2026-08-04,1
8YTilDQ3,2026-08-06,1
8YTilDQ3,2026-08-08,1
8YTilDQ3,2026-08-10,1
8YTilDQ3,2026-08-11,1
8YTilDQ3,2026-08-14,1
8YTilDQ3,2026-08-15,1
8YUmSdi7,2025-10-18,1
8YUmSdi7,2025-10-19,1
8YUmSdi7,2025-10-30,1
8ZDWsvab,2026-07-12,1
8ZrGLLrz,2025-06-02,1
8ZrGLLrz,2025-06-11,1
8aCRG8jl,2026-01-03,1
8aCRG8jl,2026-01-04,1
8aCRG8jl,2026-01-12,3
8aCRG8jl,2026-01-18,1
8aCRG8jl,2026-02-02,1
8aFknA2S,2025-05-24,1
8aFknA2S,2025-05-25,1
8bCbbmFC,2025-02-22,1
8bCbbmFC,2025-02-23,1
8bCbbmFC,2025-02-25,1
8bHV6O1s,2025-11-08,1
8bHV6O1s,2025-11-09,2
8bHV6O1s,2025-11-16,1
8bHV6O1s,2025-11-17,2
8bkJNO2E,2025-05-29,1
8bkJNO2E,2025-05-30,1
8bkJNO2E,2025-06-01,1
8bkJNO2E,2025-06-04,1
8bkJNO2E,2025-06-10,1
8bkJNO2E,2025-06-12,1
8bz022F2,2026-08-31,1
8bz022F2,2026-09-16,1
8bz022F2,2026-09-19,2
8bz022F2,2026-09-20,2
8bz022F2,2026-09-21,1
8bzOpznC,2025-07-31,1
8bzOpznC,2025-08-01,2
8bzOpznC,2025-08-02,1
8bzOpznC,2025-08-03,1
8bzOpznC,2025-08-04,1
8bzOpznC,2025-08-06,2
8c5aqS9o,2026-03-17,1
8d3XrPis,2026-03-23,1
8d3XrPis,2026-04-01,2
8d3XrPis,2026-04-03,1
8d3XrPis,2026-04-04,1
8d3XrPis,2026-04-06,1
8d3XrPis,2026-04-09,1
8d3XrPis,2026-04-11,1
8d3XrPis,2026-04-14,1
8dtF4VnI,2025-04-03,1
8dx1uGck,2025-06-03,1
8eAFpPe7,2025-05-19,1
8eGSnTeX,2025-03-20,1
8eGSnTeX,2025-03-22,1
8eGSnTeX,2025-03-23,2
8eGSnTeX,2025-03-24,1
8eeRwMsQ,2025-03-02,1
8eeRwMsQ,2025-03-06,1
8f6fxBb4,2025-04-20,1
8gqpqdjI,2026-02-03,1
8gqpqdjI,2026-02-09,1
8gqpqdjI,2026-02-15,1
8gzrYPG1,2026-08-18,1
8gzrYPG1,2026-08-21,2
8gzrYPG1,2026-08-23,2
8gzrYPG1,2026-08-26,2
8gzrYPG1,2026-08-28,1
8gzrYPG1,2026-09-03,1
8gzrYPG1,2026-09-05,1
8gzrYPG1,2026-09-08,1
8gzrYPG1,2026-09-15,1
8gzrYPG1,2026-09-16,2
8gzrYPG1,2026-09-17,1
8gzrYPG1,2026-09-18,2
8gzrYPG1,2026-09-19,5
8gzrYPG1,2026-09-20,2
8gzrYPG1,2026-09-21,1
8h9teQX6,2025-11-25,1
8hAdcWBk,2025-04-27,1
8hWYhlMT,2025-06-02,1
8hWYhlMT,2025-06-06,1
8hWYhlMT,2025-06-10,2
8insGtaB,2025-09-06,1
8jJXgJAv,2025-11-21,2
8ji2Ud3u,2025-09-18,1
8ji2Ud3u,2025-09-30,1
8k4sSCPA,2025-11-30,1
8k4sSCPA,2025-12-01,1
8k4sSCPA,2025-12-04,1
8k4sSCPA,2025-12-09,1
8k4sSCPA,2025-12-10,2
8k4sSCPA,2025-12-11,1
8k4sSCPA,2025-12-13,1
8k4sSCPA,2025-12-14,1
8k4sSCPA,2025-12-16,1
8k4sSCPA,2025-12-18,1
8k4sSCPA,2025-12-19,1
8k4sSCPA,2025-12-24,1
8k4sSCPA,2025-12-26,1
8l6bD9G9,2025-11-21,1
8l6bD9G9,2025-11-22,1
8l6bD9G9,2025-11-25,1
8l6bD9G9,2025-11-26,2
8l6bD9G9,2025-11-27,3
8mfnd7mh,2026-06-27,1
8mfnd7mh,2026-06-28,1
8mfnd7mh,2026-07-08,1
8nQv8Rsb,2025-10-05,1
8nR8pr0r,2025-03-01,1
8nR8pr0r,2025-03-05,2
8nRuxgvY,2025-03-16,1
8nXnFXbv,2025-11-30,1
8nvjYn5S,2025-10-11,1
8pIpVoLR,2025-12-01,3
8pIpVoLR,2025-12-04,1
8pIpVoLR,2025-12-07,1
8pIpVoLR,2025-12-09,1
8pIpVoLR,2025-12-10,1
8ptNKy4w,2026-03-26,1
8q1jN9sJ,2026-06-24,1
8q1jN9sJ,2026-06-28,1
8q9uRk0i,2025-10-07,1
8q9uRk0i,2025-10-12,4
8qc4HfhC,2025-03-11,1
8qt39cqg,2026-08-24,1
8qt39cqg,2026-09-02,3
8qt39cqg,2026-09-05,5
8qt39cqg,2026-09-06,4
8qt39cqg,2026-09-08,1
8qt39cqg,2026-09-10,1
8qt39cqg,2026-09-17,2
8qt39cqg,2026-09-18,3
8qt39cqg,2026-09-19,2
8sqvHJxe,2025-11-07,1
8sqvHJxe,2025-11-11,1
8sqvHJxe,2025-11-15,1
8tvWUBZf,2025-02-17,1
8u06LZvj,2026-05-11,1
8u06LZvj,2026-05-14,2
8uHN6PpO,2025-07-02,1
8uHN6PpO,2025-07-11,2
8ucvVABU,2026-09-19,1
8vBPlQPD,2025-11-04,1
8vBPlQPD,2025-11-10,1
8vgoqS9f,2025-08-26,2
8vgoqS9f,2025-08-27,1
8vgoqS9f,2025-08-28,2
8vgoqS9f,2025-08-31,1
8vgoqS9f,2025-09-01,1
8vgoqS9f,2025-09-02,2
8vgoqS9f,2025-09-05,2
8wROXZzO,2025-08-18,1
8x1weltt,2026-06-13,15
8xxU1nYk,2025-07-04,1
8xxU1nYk,2025-07-13,3
8y68ijNi,2025-05-26,1
8yRQu7vx,2026-08-29,1
8yRQu7vx,2026-09-02,1
8yRQu7vx,2026-09-03,3
8yRQu7vx,2026-09-05,1
8yRQu7vx,2026-09-06,9
8yRQu7vx,2026-09-10,1
8yRQu7vx,2026-09-12,2
8yRQu7vx,2026-09-13,13
8yRQu7vx,2026-09-14,2
8yRQu7vx,2026-09-15,4
8yRQu7vx,2026-09-17,3
8yRQu7vx,2026-09-19,4
8yRQu7vx,2026-09-20,3
8yRQu7vx,2026-09-21,9
8zl5WC8a,2025-07-04,1
8zxP8hNq,2025-11-24,1
8zxP8hNq,2025-11-29,1
908Lm0ta,2025-08-19,1
912qqAZp,2025-03-07,1
912qqAZp,2025-03-09,1
916a8sLk,2025-12-05,1
916a8sLk,2025-12-19,1
91Cn4qN2,2026-04-16,1
91T00KDl,2025-10-03,1
91T00KDl,2025-10-05,2
91doNM6t,2026-07-14,1
93i2Ew9b,2025-11-09,1
93i2Ew9b,2025-11-15,3
93i2Ew9b,2025-11-17,4
93i2Ew9b,2025-11-18,1
94pQkIDT,2025-09-06,1
94pQkIDT,2025-09-08,1
94qTx1bR,2025-11-24,1
94sbyBsL,2025-08-05,1
94u48pzI,2025-07-15,1
94u48pzI,2025-07-16,1
94u48pzI,2025-07-18,2
95BWQhsJ,2025-03-15,1
95aYf80E,2026-06-25,1
95aYf80E,2026-06-28,1
95aYf80E,2026-07-05,1
95aYf80E,2026-07-13,1
95wFzM2X,2025-03-11,1
95wFzM2X,2025-03-18,1
96TNDNXt,2025-10-11,1
98DpZIS3,2026-07-28,1
98DpZIS3,2026-07-30,1
98DpZIS3,2026-08-04,1
98DpZIS3,2026-08-09,1
98DpZIS3,2026-08-16,1
98Uod7hk,2026-08-25,1
98Uod7hk,2026-08-27,1
98Uod7hk,2026-09-02,1
98fBfQ1y,2025-07-27,1
99DZZfz3,2026-07-10,1
99DZZfz3,2026-07-13,1
99hN4bN9,2025-11-04,1
9Ab9JSnx,2025-07-07,1
9Ab9JSnx,2025-07-13,1
9Aj35yHv,2026-09-20,1
9ApFWC5Y,2025-04-11,1
9BBtSVQp,2025-03-20,1
9BBtSVQp,2025-03-21,1
9BevWfPA,2025-03-21,1
9BnHnGvG,2025-10-01,1
9CvbeGZV,2025-10-07,1
9DOtlVSa,2025-04-15,1
9DOtlVSa,2025-04-17,2
9DOtlVSa,2025-04-19,1
9DOtlVSa,2025-04-20,1
9DOtlVSa,2025-04-26,1
9DuRM2lH,2025-08-26,1
9DuRM2lH,2025-08-27,1
9F1bAMK3,2025-08-27,1
9FI5iqki,2025-04-19,1
9FK98D4u,2026-04-02,1
9FK98D4u,2026-04-06,2
9FK98D4u,2026-04-13,1
9FzS028E,2026-01-12,1
9FzS028E,2026-01-29,1
9GSndUNq,2025-10-21,1
9GTKqugC,2025-10-24,1
9GTKqugC,2025-10-31,1
9GgfIZWk,2025-02-21,1
9HnrP5eO,2026-08-21,2
9HnrP5eO,2026-08-22,1
9HnrP5eO,2026-08-31,1
9HnrP5eO,2026-09-07,2
9HnrP5eO,2026-09-08,2
9HnrP5eO,2026-09-09,1
9HnrP5eO,2026-09-12,2
9HnrP5eO,2026-09-13,1
9HnrP5eO,2026-09-16,1
9HnrP5eO,2026-09-17,3
9HnrP5eO,2026-09-18,5
9HnrP5eO,2026-09-19,11
9HnrP5eO,2026-09-20,11
9HnrP5eO,2026-09-21,10
9Hujx6Az,2026-03-08,1
9IkYY4of,2025-03-16,1
9JZWtDgk,2026-07-17,1
9JZWtDgk,2026-07-20,1
9JZWtDgk,2026-07-28,1
9JZWtDgk,2026-08-12,1
9JoInJM9,2025-05-24,1
9JoInJM9,2025-05-25,1
9JoInJM9,2025-05-26,1
9JoInJM9,2025-05-27,1
9KUP8W76,2026-03-07,3
9KUP8W76,2026-03-12,1
9KUP8W76,2026-04-03,1
9KagD2O8,2026-07-17,2
9KagD2O8,2026-07-25,1
9KagD2O8,2026-07-31,1
9KagD2O8,2026-08-04,2
9KwHTWjg,2025-11-18,1
9KwHTWjg,2025-11-21,1
9KwHTWjg,2025-11-23,1
9KwHTWjg,2025-11-24,11
9KwHTWjg,2025-11-27,1
9L5s8USf,2025-05-01,1
9LGxU4eZ,2026-07-13,1
9LLXcxgy,2025-05-27,1
9Lzznrml,2025-07-12,1
9Nici6wU,2025-04-07,1
9Nici6wU,2025-04-09,1
9PMdN0q7,2025-09-11,1
9PMdN0q7,2025-09-13,1
9PhhRNxu,2025-04-03,1
9PhhRNxu,2025-04-04,6
9PzbGYqd,2025-05-04,1
9PzbGYqd,2025-05-13,1
9Q6TeXnv,2025-06-27,2
9Q6TeXnv,2025-07-12,1
9QSPd1Dz,2025-02-16,1
9QxcE8T2,2026-09-04,1
9QxcE8T2,2026-09-13,1
9QxcE8T2,2026-09-20,4
9R4jyF41,2025-10-08,1
9R4jyF41,2025-10-09,1
9R4jyF41,2025-10-14,1
9RN4nHPy,2026-08-03,1
9RN4nHPy,2026-08-15,1
9RN4nHPy,2026-08-16,1
9S23AY2e,2025-10-05,1
9SAlzmFv,2025-08-16,1
9SDFDxiW,2025-02-27,1
9SWePRqp,2025-10-03,4
9SWePRqp,2025-10-08,2
9TtGSbxx,2026-02-09,2
9U3jVayi,2025-09-07,1
9VN68xKd,2025-03-25,1
9VZk6QvB,2025-03-22,1
9VZk6QvB,2025-03-23,1
9VZk6QvB,2025-03-25,1
9VmOaQAJ,2026-05-22,1
9VnKi42S,2025-09-26,1
9WaZQK4V,2025-04-17,1
9WaZQK4V,2025-04-22,1
9WaZQK4V,2025-04-27,1
9WipeB7T,2025-09-29,1
9XSVnYZy,2026-06-13,1
9XhJB4CW,2025-08-06,1
9Y76kaD8,2025-09-09,1
9YIgSqvK,2026-01-07,1
9YIgSqvK,2026-01-11,2
9YIgSqvK,2026-01-29,1
9YLxxIyO,2026-03-22,1
9YRN3Il2,2025-07-25,1
9YRN3Il2,2025-07-28,1
9YRN3Il2,2025-07-29,1
9YRen5vZ,2026-09-13,1
9YRen5vZ,2026-09-14,4
9YRen5vZ,2026-09-16,1
9YRen5vZ,2026-09-17,3
9YRen5vZ,2026-09-20,1
9Yfk5ssq,2025-02-06,1
9ZWgsyRB,2026-07-24,3
9a32GmEG,2025-07-21,1
9a32GmEG,2025-07-29,1
9a8aztJW,2025-04-24,3
9a8aztJW,2025-04-26,4
9a8aztJW,2025-04-27,2
9a8aztJW,2025-04-28,1
9bdsn3im,2026-06-23,1
9bdsn3im,2026-06-26,1
9buuASOW,2026-01-08,1
9c5euruR,2026-03-03,1
9c5euruR,2026-03-16,1
9c5euruR,2026-03-17,1
9d9slQdV,2026-05-06,1
9dGCrR44,2026-07-16,2
9dGCrR44,2026-07-17,5
9dGCrR44,2026-07-19,1
9dGCrR44,2026-07-21,1
9dGCrR44,2026-07-22,1
9dGCrR44,2026-07-23,2
9dGCrR44,2026-07-25,3
9dGCrR44,2026-07-26,1
9dGCrR44,2026-07-27,2
9dGCrR44,2026-07-28,1
9dGCrR44,2026-07-29,3
9dGCrR44,2026-07-30,3
9dGCrR44,2026-07-31,5
9dGCrR44,2026-08-01,2
9dGCrR44,2026-08-02,3
9dGCrR44,2026-08-03,2
9dGCrR44,2026-08-05,8
9dGCrR44,2026-08-06,1
9dGCrR44,2026-08-07,2
9dGCrR44,2026-08-08,1
9dGCrR44,2026-08-09,2
9dGCrR44,2026-08-10,6
9dGCrR44,2026-08-13,1
9dGCrR44,2026-08-14,3
9dGCrR44,2026-08-15,2
9dGCrR44,2026-08-16,1
9dGDTpGG,2025-05-28,1
9dGDTpGG,2025-05-31,1
9eb0UKWm,2025-09-13,1
9evhWnVr,2026-08-22,1
9evhWnVr,2026-08-26,1
9evhWnVr,2026-09-05,2
9evhWnVr,2026-09-13,1
9evhWnVr,2026-09-15,2
9evhWnVr,2026-09-17,2
9evhWnVr,2026-09-18,1
9g5QdnMr,2025-11-29,1
9g5QdnMr,2025-12-01,3
9g5QdnMr,2025-12-03,1
9g5QdnMr,2025-12-04,1
9g5QdnMr,2025-12-05,1
9g5QdnMr,2025-12-06,2
9g5QdnMr,2025-12-07,3
9g5QdnMr,2025-12-08,2
9g5QdnMr,2025-12-09,3
9g5QdnMr,2025-12-11,3
9g5QdnMr,2025-12-12,2
9g5QdnMr,2025-12-13,3
9g5QdnMr,2025-12-14,2
9g5QdnMr,2025-12-15,4
9g5QdnMr,2025-12-16,3
9g5QdnMr,2025-12-22,3
9g5QdnMr,2025-12-23,3
9g5QdnMr,2025-12-25,1
9g5QdnMr,2025-12-26,3
9g5QdnMr,2025-12-27,1
9gBXRifm,2025-12-31,9
9gBXRifm,2026-01-01,3
9gJmWR02,2025-11-02,1
9gJmWR02,2025-11-04,2
9gJmWR02,2025-11-07,1
9gJmWR02,2025-11-09,1
9gJmWR02,2025-11-15,5
9gbwhHiQ,2025-07-04,1
9hcozy9c,2026-05-22,1
9hyBfH0t,2025-11-22,1
9hys5MuI,2026-07-16,1
9hys5MuI,2026-07-17,2
9hys5MuI,2026-07-18,1
9hys5MuI,2026-07-20,2
9hys5MuI,2026-07-21,1
9hys5MuI,2026-07-22,2
9hys5MuI,2026-07-23,1
9hys5MuI,2026-07-24,3
9hys5MuI,2026-07-25,1
9hys5MuI,2026-07-27,1
9hys5MuI,2026-07-30,5
9hys5MuI,2026-07-31,2
9hys5MuI,2026-08-01,2
9hys5MuI,2026-08-03,1
9hys5MuI,2026-08-04,2
9hys5MuI,2026-08-06,1
9hys5MuI,2026-08-07,2
9hys5MuI,2026-08-08,3
9hys5MuI,2026-08-10,2
9hys5MuI,2026-08-11,2
9hys5MuI,2026-08-13,1
9hys5MuI,2026-08-14,4
9hys5MuI,2026-08-17,1
9irjX9if,2026-08-19,1
9irjX9if,2026-08-22,1
9irjX9if,2026-08-26,2
9irjX9if,2026-08-27,1
9irjX9if,2026-08-28,2
9irjX9if,2026-08-29,1
9irjX9if,2026-09-06,1
9irjX9if,2026-09-11,1
9irjX9if,2026-09-12,2
9irjX9if,2026-09-13,2
9irjX9if,2026-09-14,1
9irjX9if,2026-09-15,2
9irjX9if,2026-09-17,1
9irjX9if,2026-09-18,5
9irjX9if,2026-09-19,4
9irjX9if,2026-09-20,1
9lNu1RMj,2025-12-28,2
9lNu1RMj,2025-12-29,1
9lNu1RMj,2025-12-30,3
9lNu1RMj,2026-01-01,2
9lNu1RMj,2026-01-02,1
9lNu1RMj,2026-01-03,2
9lNu1RMj,2026-01-05,3
9lNu1RMj,2026-01-06,5
9lNu1RMj,2026-01-07,3
9lNu1RMj,2026-01-09,2
9lNu1RMj,2026-01-11,2
9lNu1RMj,2026-01-12,1
9lNu1RMj,2026-01-13,2
9lNu1RMj,2026-01-14,2
9lNu1RMj,2026-01-22,1
9lNu1RMj,2026-01-23,3
9lNu1RMj,2026-01-25,1
9mNWcO3b,2026-08-19,4
9mNWcO3b,2026-08-24,1
9mNWcO3b,2026-08-25,1
9mNWcO3b,2026-08-27,2
9mNWcO3b,2026-08-28,1
9mNWcO3b,2026-08-30,1
9mNWcO3b,2026-08-31,2
9mNWcO3b,2026-09-01,1
9mNWcO3b,2026-09-04,3
9mNWcO3b,2026-09-08,1
9mNWcO3b,2026-09-09,1
9mNWcO3b,2026-09-11,1
9mNWcO3b,2026-09-13,13
9mNWcO3b,2026-09-15,1
9mNWcO3b,2026-09-16,3
9mNWcO3b,2026-09-17,1
9mNWcO3b,2026-09-18,5
9mNWcO3b,2026-09-19,4
9mNWcO3b,2026-09-20,6
9mNWcO3b,2026-09-21,6
9mwWtRiE,2025-03-09,1
9nSfzVKM,2026-02-16,1
9nSfzVKM,2026-02-19,1
9nSfzVKM,2026-02-22,1
9ngMZBjU,2025-09-27,1
9niQ7xJf,2026-02-27,1
9niQ7xJf,2026-03-02,2
9niQ7xJf,2026-03-07,1
9niQ7xJf,2026-03-10,2
9niQ7xJf,2026-03-16,1
9niQ7xJf,2026-03-17,1
9niQ7xJf,2026-03-18,3
9niQ7xJf,2026-03-22,1
9oPBtCAb,2025-08-01,1
9p96ZK0h,2025-10-04,1
9p96ZK0h,2025-10-10,1
9pA6BCky,2025-11-29,3
9pA6BCky,2025-12-01,3
9pA6BCky,2025-12-02,1
9pA6BCky,2025-12-03,2
9pA6BCky,2025-12-04,1
9pA6BCky,2025-12-06,1
9pA6BCky,2025-12-08,1
9pA6BCky,2025-12-10,4
9pA6BCky,2025-12-11,1
9pA6BCky,2025-12-12,2
9pA6BCky,2025-12-16,1
9pA6BCky,2025-12-20,3
9pA6BCky,2025-12-23,2
9pA6BCky,2025-12-24,3
9pA6BCky,2025-12-27,1
9pHqC3WP,2026-09-20,1
9pVEGJgy,2025-03-17,1
9pVEGJgy,2025-03-18,1
9pa8CNbV,2026-04-16,1
9pa8CNbV,2026-04-21,1
9pa8CNbV,2026-05-02,1
9ptovDdQ,2025-11-29,1
9ptovDdQ,2025-12-10,2
9ptovDdQ,2025-12-15,1
9ptovDdQ,2025-12-24,1
9ptovDdQ,2025-12-26,1
9qAjfloO,2026-08-27,1
9qAjfloO,2026-09-11,1
9qAjfloO,2026-09-12,1
9qAjfloO,2026-09-16,1
9qAjfloO,2026-09-17,3
9qAjfloO,2026-09-19,4
9qAjfloO,2026-09-20,2
9qAjfloO,2026-09-21,1
9qTWZksj,2025-05-08,1
9qchfh2G,2025-09-15,1
9qchfh2G,2025-09-18,1
9qchfh2G,2025-09-27,1
9rbuGixO,2026-06-25,1
9rbuGixO,2026-07-08,1
9rbuuO2A,2026-05-22,2
9sDp5Qai,2025-10-20,1
9sQmGHAM,2025-04-03,1
9sVtlEtD,2025-02-22,1
9tWmtyuK,2025-05-24,2
9tWmtyuK,2025-05-25,1
9tumoP8u,2025-08-09,1
9tumoP8u,2025-08-15,1
9u7lAZEz,2025-04-15,2
9u7lAZEz,2025-04-29,8
9u7lAZEz,2025-04-30,12
9uxWedi0,2026-04-17,1
9vS2tZof,2026-08-18,4
9vS2tZof,2026-08-19,1
9vS2tZof,2026-08-20,2
9vS2tZof,2026-08-21,2
9vS2tZof,2026-08-22,2
9vS2tZof,2026-08-23,4
9vS2tZof,2026-08-26,3
9vS2tZof,2026-08-27,3
9vS2tZof,2026-08-28,3
9vS2tZof,2026-08-29,2
9vS2tZof,2026-08-31,4
9vS2tZof,2026-09-01,1
9vS2tZof,2026-09-04,2
9vS2tZof,2026-09-05,4
9vS2tZof,2026-09-06,7
9vS2tZof,2026-09-07,3
9vS2tZof,2026-09-08,3
9vS2tZof,2026-09-09,3
9vS2tZof,2026-09-10,6
9vS2tZof,2026-09-11,2
9vS2tZof,2026-09-12,2
9vS2tZof,2026-09-13,2
9vS2tZof,2026-09-14,4
9vS2tZof,2026-09-15,5
9vS2tZof,2026-09-16,4
9vS2tZof,2026-09-17,6
9vS2tZof,2026-09-18,9
9vS2tZof,2026-09-19,9
9vS2tZof,2026-09-20,13
9vS2tZof,2026-09-21,9
9vhpmZ7a,2026-06-14,1
9wTiXGiv,2026-03-30,1
9xxoFm9B,2025-12-24,1
9yDsbnIV,2026-03-07,1
9yppE4jz,2025-07-05,1
9yppE4jz,2025-07-07,1
9z3sNwJI,2025-08-31,1
9zQYistV,2025-11-07,1
9zqtL6VQ,2025-11-18,1
9zqtL6VQ,2025-11-23,1
9zqtL6VQ,2025-11-28,2
A07kUgU5,2025-10-04,1
A07kUgU5,2025-10-10,1
A0Erh6P4,2025-03-29,1
A0cP9kvW,2025-05-31,1
A0vr7VtF,2025-05-21,1
A0vr7VtF,2025-05-23,1
A1KmsRxV,2025-10-12,1
A1oDILKa,2026-04-04,1
A2I50fzS,2025-06-27,1
A2c4pYMB,2025-03-05,1
A3CCxS0P,2025-06-29,1
A3xHbkz6,2025-09-18,1
A3xHbkz6,2025-09-26,1
A4IHyd0I,2025-10-25,2
A4pJiBNU,2026-06-04,1
A5dScpzT,2025-01-02,1
A5dScpzT,2025-01-05,1
A5dScpzT,2025-01-12,1
A5dScpzT,2025-01-17,1
A5dScpzT,2025-01-24,1
A5dScpzT,2025-01-28,1
A5dScpzT,2025-01-29,1
A5dScpzT,2025-02-03,1
A6dSkJhH,2026-04-17,1
A6dSkJhH,2026-04-18,2
A6dSkJhH,2026-04-19,1
A6dSkJhH,2026-04-26,1
A6dSkJhH,2026-05-01,1
A6dSkJhH,2026-05-02,5
A6dSkJhH,2026-05-03,2
A6dSkJhH,2026-05-04,2
A6dSkJhH,2026-05-05,1
A6dSkJhH,2026-05-07,1
A6dSkJhH,2026-05-08,1
A6dSkJhH,2026-05-09,3
A6dSkJhH,2026-05-10,3
A6dSkJhH,2026-05-12,1
A6dSkJhH,2026-05-15,1
A7YSIzK3,2026-03-07,1
A7ZfRGr5,2026-04-17,1
A8X5cjC2,2026-02-09,1
A8X5cjC2,2026-02-12,1
A8X5cjC2,2026-02-17,3
A8X5cjC2,2026-02-22,1
A8x2cMBz,2025-01-14,2
A8x2cMBz,2025-01-15,6
A9fcCF5R,2025-12-06,1
AAB1HISG,2025-11-30,3
AAB1HISG,2025-12-01,2
AAB1HISG,2025-12-03,1
AAB1HISG,2025-12-04,1
AAB1HISG,2025-12-05,1
AAB1HISG,2025-12-06,1
AAB1HISG,2025-12-08,2
AAB1HISG,2025-12-09,6
AAB1HISG,2025-12-11,4
AAB1HISG,2025-12-12,1
AAB1HISG,2025-12-13,2
AAB1HISG,2025-12-15,2
AAB1HISG,2025-12-16,1
AAB1HISG,2025-12-17,1
AAB1HISG,2025-12-18,1
AAB1HISG,2025-12-19,1
AAB1HISG,2025-12-20,7
AAB1HISG,2025-12-21,7
AAB1HISG,2025-12-22,3
AAB1HISG,2025-12-23,1
AAB1HISG,2025-12-24,4
AAB1HISG,2025-12-25,2
AAB1HISG,2025-12-26,1
AAB1HISG,2025-12-27,3
AAoPQtqi,2026-03-29,1
AAoPQtqi,2026-04-14,1
ABPBlBOT,2025-12-08,1
ABWieUrt,2026-08-13,1
ABWieUrt,2026-08-14,1
ABWieUrt,2026-08-15,1
AC0ny1bm,2025-10-05,1
AC0ny1bm,2025-10-13,1
AC4qLm1c,2025-08-18,1
ACAz0Da2,2025-09-16,1
ACoSqMSF,2025-02-17,1
AD4vInou,2026-07-17,1
AD4vInou,2026-07-20,1
AD4vInou,2026-07-21,2
AD4vInou,2026-07-22,1
AD4vInou,2026-07-23,1
AD4vInou,2026-07-24,1
AD4vInou,2026-07-25,1
AD4vInou,2026-07-27,1
AD4vInou,2026-07-28,4
AD4vInou,2026-07-30,1
AD4vInou,2026-08-01,4
AD4vInou,2026-08-02,2
AD4vInou,2026-08-03,3
AD4vInou,2026-08-04,3
AD4vInou,2026-08-05,2
AD4vInou,2026-08-06,3
AD4vInou,2026-08-07,2
AD4vInou,2026-08-09,10
AD4vInou,2026-08-10,1
AD4vInou,2026-08-11,3
AD4vInou,2026-08-13,3
AD4vInou,2026-08-14,3
AD4vInou,2026-08-16,3
AD6YSqg9,2025-06-13,1
ADZ2LuXJ,2025-03-02,1
ADZ2LuXJ,2025-03-06,1
ADwEgzzt,2025-07-13,1
AEMNeLaD,2025-05-30,1
AEMNeLaD,2025-06-02,1
AEl6U8IO,2026-01-28,1
AEl6U8IO,2026-01-30,1
AEl6U8IO,2026-02-01,1
AEma3TiA,2026-07-21,1
AEma3TiA,2026-07-23,1
AEma3TiA,2026-08-07,2
AEvTG9kD,2026-06-20,1
AEvTG9kD,2026-06-22,1
AFOQUe4Q,2025-08-19,1
AFnfEHnQ,2025-02-18,1
AGDfMIEk,2025-07-06,1
AGZLDGFe,2025-07-04,1
AHAgryE6,2026-04-30,1
AHAgryE6,2026-05-06,1
AHAgryE6,2026-05-09,3
AHMryBCM,2026-03-14,1
AI0MZzIg,2025-10-01,1
AI0MZzIg,2025-10-03,1
AIGzDUEr,2026-06-28,1
AIGzDUEr,2026-07-01,1
AIGzDUEr,2026-07-05,1
AIGzDUEr,2026-07-07,1
AIGzDUEr,2026-07-08,1
AIGzDUEr,2026-07-10,1
AIGzDUEr,2026-07-11,2
AIgI0D5A,2026-04-17,1
AIgI0D5A,2026-04-19,1
AIgI0D5A,2026-04-21,1
AIgI0D5A,2026-04-25,1
AIgI0D5A,2026-04-26,2
AIgI0D5A,2026-04-29,1
AIgI0D5A,2026-04-30,1
AIgI0D5A,2026-05-01,3
AIgI0D5A,2026-05-02,1
AIgI0D5A,2026-05-03,3
AIgI0D5A,2026-05-05,1
AIgI0D5A,2026-05-06,1
AIgI0D5A,2026-05-09,1
AIgI0D5A,2026-05-10,1
AIgI0D5A,2026-05-12,1
AIgI0D5A,2026-05-13,1
AJ96y88W,2025-11-30,1
AJ96y88W,2025-12-02,1
AJ96y88W,2025-12-04,1
AJ96y88W,2025-12-06,1
AJ96y88W,2025-12-09,1
AJ96y88W,2025-12-11,1
AJ96y88W,2025-12-13,1
AJ96y88W,2025-12-16,2
AJ96y88W,2025-12-17,1
AJ96y88W,2025-12-18,1
AJ96y88W,2025-12-21,1
AJ96y88W,2025-12-24,1
AJ96y88W,2025-12-25,1
AJ96y88W,2025-12-27,1
AJAzVBHc,2025-04-11,1
AJkB2Gg8,2025-02-17,1
AJs9NW9A,2025-07-16,1
AJs9NW9A,2025-07-17,1
AJs9NW9A,2025-07-19,1
AKWAXpLM,2025-08-07,1
AKWAXpLM,2025-08-08,4
AKWAXpLM,2025-08-09,1
ALGZMg7x,2026-03-23,1
ALGZMg7x,2026-03-24,3
ALGZMg7x,2026-03-25,1
ALGZMg7x,2026-03-30,1
ALzOL8yy,2026-05-09,1
AMqiLZ4v,2026-02-03,1
AMqiLZ4v,2026-02-20,1
AMqiLZ4v,2026-02-24,1
AMqiLZ4v,2026-02-25,1
ANNTcVq7,2026-05-16,1
ANNTcVq7,2026-05-21,1
ANNTcVq7,2026-05-25,1
ANNTcVq7,2026-05-27,3
ANNTcVq7,2026-05-30,1
ANNTcVq7,2026-06-01,1
ANNTcVq7,2026-06-06,1
ANNTcVq7,2026-06-09,1
ANNTcVq7,2026-06-16,1
AOLCXnSC,2025-12-19,1
AOLCXnSC,2025-12-27,1
AP5R5bR5,2026-03-01,1
AP5R5bR5,2026-03-07,1
AP5R5bR5,2026-03-10,1
AP5R5bR5,2026-03-11,1
AP5R5bR5,2026-03-13,1
AP5R5bR5,2026-03-14,2
APf5qR7e,2025-11-09,1
APyd27Kd,2025-08-18,1
AQMpNVWY,2025-11-06,1
AQMpNVWY,2025-11-11,1
AQMpNVWY,2025-11-15,1
ARaCHit2,2025-08-27,2
ARaCHit2,2025-09-02,2
ARaCHit2,2025-09-05,1
ARvXLIgr,2025-11-21,1
AS84JDIt,2025-08-18,1
AS84JDIt,2025-08-22,1
ASDsofQp,2025-02-08,1
ASDsofQp,2025-02-09,1
ASDsofQp,2025-02-11,1
ASTabIVK,2025-11-29,1
ATa9ujl7,2026-08-18,2
ATa9ujl7,2026-08-19,2
ATa9ujl7,2026-08-20,1
ATa9ujl7,2026-08-21,1
ATa9ujl7,2026-08-24,1
ATa9ujl7,2026-09-02,1
ATa9ujl7,2026-09-04,4
ATa9ujl7,2026-09-08,3
ATa9ujl7,2026-09-11,1
ATa9ujl7,2026-09-16,1
ATa9ujl7,2026-09-18,2
ATa9ujl7,2026-09-19,1
ATa9ujl7,2026-09-20,4
ATa9ujl7,2026-09-21,3
AUEuye61,2025-12-31,2
AUEuye61,2026-01-02,4
AUIAup1n,2025-06-10,3
AUIAup1n,2025-06-15,6
AUIAup1n,2025-06-24,1
AUcXJSXg,2025-05-16,1
AUcXJSXg,2025-05-21,1
AUj45XCo,2026-07-26,1
AV8P1E93,2026-01-10,1
AV8P1E93,2026-01-17,1
AV8P1E93,2026-01-28,1
AVYLrBt3,2025-10-17,3
AVYLrBt3,2025-10-21,1
AVYLrBt3,2025-10-22,1
AVYLrBt3,2025-10-23,4
AVYLrBt3,2025-10-25,1
AVYLrBt3,2025-10-26,2
AVYLrBt3,2025-10-28,1
AVYLrBt3,2025-11-01,1
AVj4JvFm,2025-03-23,1
AVkHrju8,2025-12-26,1
AWDkDeWE,2025-04-08,1
AXWgj8aS,2026-07-24,1
AYgpGN10,2025-10-05,1
AYrfkXhZ,2025-08-30,2
AYrfkXhZ,2025-09-02,1
AYrfkXhZ,2025-09-03,1
AYrfkXhZ,2025-09-05,1
AYuJ8MFY,2026-02-05,1
AYuJ8MFY,2026-02-06,1
AYuJ8MFY,2026-02-09,1
AYuJ8MFY,2026-02-16,1
AYuJ8MFY,2026-02-26,3
AZMTL0be,2025-10-16,1
AZMTL0be,2025-10-21,1
AZMTL0be,2025-10-28,1
AaL6ID0O,2025-11-03,1
AaL6ID0O,2025-11-05,1
AaL6ID0O,2025-11-13,2
AaL6ID0O,2025-11-14,2
AaL6ID0O,2025-11-16,1
Ac7XEE8F,2026-07-01,1
Ac7nGUX1,2025-05-27,1
AcP7PFij,2026-09-13,1
AcP7PFij,2026-09-19,1
Ad9FlvFq,2025-07-27,2
AdB3KLre,2026-03-14,1
AdZcDHM1,2025-06-12,1
AdZcDHM1,2025-06-26,1
AdlXaCJ7,2026-06-23,1
AdlXaCJ7,2026-07-06,1
AdlXaCJ7,2026-07-12,1
AdlXaCJ7,2026-07-13,1
AdlXaCJ7,2026-07-14,2
Adq0hkvF,2025-04-25,1
Af8hRmmX,2025-11-24,2
Af8hRmmX,2025-11-25,1
AgZUOiQi,2025-07-04,1
AhThXRlN,2025-11-11,1
AhThXRlN,2025-11-12,1
Ahq3KYJa,2026-07-16,1
Ahq3KYJa,2026-07-17,1
Ahq3KYJa,2026-07-18,1
Ahq3KYJa,2026-07-19,2
Ahq3KYJa,2026-07-20,2
Ahq3KYJa,2026-07-21,1
Ahq3KYJa,2026-07-22,1
Ahq3KYJa,2026-07-23,1
Ahq3KYJa,2026-07-24,1
Ahq3KYJa,2026-07-25,1
Ahq3KYJa,2026-07-26,1
Ahq3KYJa,2026-07-27,3
Ahq3KYJa,2026-07-28,1
Ahq3KYJa,2026-07-29,2
Ahq3KYJa,2026-07-30,1
Ahq3KYJa,2026-07-31,1
Ahq3KYJa,2026-08-01,1
Ahq3KYJa,2026-08-03,2
Ahq3KYJa,2026-08-04,1
Ahq3KYJa,2026-08-05,1
Ahq3KYJa,2026-08-06,1
Ahq3KYJa,2026-08-07,2
Ahq3KYJa,2026-08-09,2
Ahq3KYJa,2026-08-10,1
Ahq3KYJa,2026-08-11,1
Ahq3KYJa,2026-08-12,1
Ahq3KYJa,2026-08-13,1
Ahq3KYJa,2026-08-14,1
Ahq3KYJa,2026-08-15,1
Ahq3KYJa,2026-08-16,1
Ahq3KYJa,2026-08-17,1
AhyAAvUq,2026-07-12,1
Ai1i9GDf,2025-06-14,1
Ai1i9GDf,2025-06-16,3
Ai1i9GDf,2025-06-19,1
Ai1i9GDf,2025-06-25,1
AiJFTCJg,2026-05-15,1
AiJFTCJg,2026-05-31,1
AiJFTCJg,2026-06-06,1
AiJFTCJg,2026-06-07,1
AiJFTCJg,2026-06-17,1
AiJFTCJg,2026-06-23,1
AiSmY9m5,2025-11-03,1
AiSmY9m5,2025-11-04,1
AiSmY9m5,2025-11-10,1
AiSmY9m5,2025-11-12,1
AiYj4ELr,2025-10-04,1
AiZ39xQ0,2025-07-13,1
AjROmC9N,2025-12-07,1
AjROmC9N,2025-12-16,1
AjRxZvok,2025-08-09,1
AjRxZvok,2025-08-15,1
AkvASRVu,2026-05-14,1
AmPuFTb3,2026-06-21,2
AmWqizRH,2026-08-18,1
AmWqizRH,2026-08-21,2
AmWqizRH,2026-08-24,1
AmWqizRH,2026-08-26,1
AmWqizRH,2026-08-28,6
AmWqizRH,2026-08-29,4
AmWqizRH,2026-08-30,1
AmWqizRH,2026-09-01,5
AmWqizRH,2026-09-03,1
AmWqizRH,2026-09-05,1
AmWqizRH,2026-09-06,3
AmWqizRH,2026-09-07,1
AmWqizRH,2026-09-08,1
AmWqizRH,2026-09-09,3
AmWqizRH,2026-09-11,5
AmWqizRH,2026-09-12,3
AmWqizRH,2026-09-13,6
AmWqizRH,2026-09-14,3
AmWqizRH,2026-09-15,2
AmWqizRH,2026-09-16,2
AmWqizRH,2026-09-18,3
AmWqizRH,2026-09-19,4
AmWqizRH,2026-09-20,5
AmWqizRH,2026-09-21,6
AmXTeR3N,2025-07-30,2
AmluzcJt,2026-08-27,1
AmluzcJt,2026-09-17,1
AmluzcJt,2026-09-20,1
AoF5qjKh,2026-07-21,1
AoF5qjKh,2026-07-24,1
AoF5qjKh,2026-07-25,1
AoF5qjKh,2026-07-28,1
AoF5qjKh,2026-08-06,1
AoSz74vV,2026-08-05,1
AodODUhv,2025-06-16,1
AoxQfcwX,2026-02-17,1
AoxQfcwX,2026-02-19,1
AoxQfcwX,2026-02-21,1
Ap3SdfSk,2025-02-22,1
Ap3SdfSk,2025-02-23,2
Ap3SdfSk,2025-02-28,1
ApLx8izK,2026-06-06,1
ApLx8izK,2026-06-07,2
ApLx8izK,2026-06-08,3
ApLx8izK,2026-06-09,3
ApLx8izK,2026-06-10,3
ApLx8izK,2026-06-11,3
ApLx8izK,2026-06-12,2
ApLx8izK,2026-06-13,2
ApLx8izK,2026-06-14,5
ApLx8izK,2026-06-15,2
ApLx8izK,2026-06-16,3
ApLx8izK,2026-06-17,2
ApLx8izK,2026-06-18,3
ApLx8izK,2026-06-19,3
ApLx8izK,2026-06-20,3
ApLx8izK,2026-06-21,2
ApLx8izK,2026-06-22,1
ApUp2cdT,2025-11-05,1
ApW7OrBt,2026-08-19,1
ApW7OrBt,2026-08-29,1
ApW7OrBt,2026-09-06,1
ApW7OrBt,2026-09-20,2
Ape5HgUm,2026-07-12,1
Aq5N5M80,2025-10-16,2
Aq5N5M80,2025-10-18,1
Aq5N5M80,2025-10-22,1
Aq5N5M80,2025-10-25,1
Ar2UvHKC,2024-12-31,1
Ar2UvHKC,2025-01-03,1
Ar2UvHKC,2025-01-08,1
Ar2UvHKC,2025-01-16,1
Ar2UvHKC,2025-01-17,9
Ar2UvHKC,2025-01-18,6
Ar2UvHKC,2025-01-19,2
Ar2UvHKC,2025-01-20,1
Ar2UvHKC,2025-01-21,1
Ar2UvHKC,2025-01-23,4
Ar2UvHKC,2025-01-24,2
Ar2UvHKC,2025-01-31,2
Ar2UvHKC,2025-02-02,10
Ar2UvHKC,2025-02-05,1
ArXLih7l,2026-02-08,1
ArsH96c3,2025-11-07,1
ArsH96c3,2025-11-08,1
ArsH96c3,2025-11-10,1
ArsH96c3,2025-11-14,1
AsJwN91L,2025-10-19,1
AsJwN91L,2025-10-22,1
AsJwN91L,2025-10-24,1
AsJwN91L,2025-10-26,1
AsJwN91L,2025-10-28,1
AsJwN91L,2025-10-29,1
AsQIVYI6,2025-12-08,1
AsQIVYI6,2025-12-09,1
AsxhyAxH,2025-02-09,1
At8ziRay,2026-08-24,1
At8ziRay,2026-09-21,1
AtKkq8GT,2026-06-23,3
AtKkq8GT,2026-06-25,1
AtKkq8GT,2026-06-26,1
AtKkq8GT,2026-06-27,2
AtKkq8GT,2026-06-28,1
AtKkq8GT,2026-06-29,3
AtKkq8GT,2026-06-30,2
AtKkq8GT,2026-07-01,3
AtKkq8GT,2026-07-03,2
AtKkq8GT,2026-07-05,2
AtKkq8GT,2026-07-06,2
AtKkq8GT,2026-07-07,1
AtKkq8GT,2026-07-08,1
AtKkq8GT,2026-07-09,2
AtKkq8GT,2026-07-10,1
AtKkq8GT,2026-07-11,2
AtKkq8GT,2026-07-12,1
AtKkq8GT,2026-07-13,2
AtKkq8GT,2026-07-14,2
AtoQabvP,2025-06-30,3
AtoQabvP,2025-07-03,1
AtoQabvP,2025-07-05,2
AtoQabvP,2025-07-06,1
AtoQabvP,2025-07-13,1
Av592B8w,2024-12-31,1
Av592B8w,2025-01-16,1
Av592B8w,2025-01-27,2
AvZ7tobF,2026-07-16,6
AvZ7tobF,2026-07-17,11
AvZ7tobF,2026-07-18,6
AvZ7tobF,2026-07-19,9
AvZ7tobF,2026-07-20,13
AvZ7tobF,2026-07-21,2
AvZ7tobF,2026-07-22,5
AvZ7tobF,2026-07-23,10
AvZ7tobF,2026-07-24,10
AvZ7tobF,2026-07-25,2
AvZ7tobF,2026-07-26,4
AvZ7tobF,2026-07-27,8
AvZ7tobF,2026-07-28,5
AvZ7tobF,2026-07-29,1
AvZ7tobF,2026-07-30,8
AvZ7tobF,2026-07-31,7
AvZ7tobF,2026-08-01,6
AvZ7tobF,2026-08-02,8
AvZ7tobF,2026-08-03,2
AvZ7tobF,2026-08-04,8
AvZ7tobF,2026-08-05,8
AvZ7tobF,2026-08-06,4
AvZ7tobF,2026-08-07,8
AvZ7tobF,2026-08-08,8
AvZ7tobF,2026-08-09,12
AvZ7tobF,2026-08-10,11
AvZ7tobF,2026-08-11,11
AvZ7tobF,2026-08-12,45
AvZ7tobF,2026-08-13,18
AvZ7tobF,2026-08-14,9
AvZ7tobF,2026-08-15,8
AvZ7tobF,2026-08-16,14
AvZ7tobF,2026-08-17,4
AvZKLMlH,2025-11-11,1
AvZKLMlH,2025-11-13,1
Awst9LDf,2025-10-05,1
Awst9LDf,2025-10-12,1
AxGV0qpB,2025-11-02,1
AxS9AyGi,2025-03-06,1
Ayah0a6d,2026-06-23,2
Ayah0a6d,2026-07-12,1
AyvEBPtw,2025-03-04,2
AzpK7Qy9,2025-12-08,2
AzpK7Qy9,2025-12-09,1
B0eQPsc5,2024-12-27,2
B0q8tF5J,2026-01-01,2
B0q8tF5J,2026-01-04,1
B0q8tF5J,2026-01-18,1
B0q8tF5J,2026-01-20,1
B1EYiLtA,2025-05-05,1
B1EYiLtA,2025-05-10,1
B1F2b2yz,2026-09-04,1
B1F2b2yz,2026-09-20,2
B1aqynkf,2025-11-02,1
B1aqynkf,2025-11-04,1
B1aqynkf,2025-11-06,1
B1aqynkf,2025-11-08,2
B1aqynkf,2025-11-11,1
B1aqynkf,2025-11-13,1
B2mL0UhP,2025-04-15,3
B2mL0UhP,2025-04-20,1
B2p62PqK,2025-03-08,1
B2qMEnZi,2026-05-31,1
B2y3GQan,2024-12-27,1
B3e8yzAW,2025-01-17,1
B4qi6C68,2025-02-28,1
B6JFKxWq,2026-06-24,2
B6JFKxWq,2026-07-04,2
B6JFKxWq,2026-07-08,3
B6JFKxWq,2026-07-15,1
B6O6UyWv,2026-03-09,1
B76IE8D9,2025-05-28,2
B76IE8D9,2025-06-03,1
B8C49sjQ,2026-05-15,1
B8C49sjQ,2026-05-16,1
B8C49sjQ,2026-05-26,1
B8C49sjQ,2026-05-28,1
B8C49sjQ,2026-06-06,1
B8C49sjQ,2026-06-07,1
B8C49sjQ,2026-06-11,1
B8C49sjQ,2026-06-12,1
B8C49sjQ,2026-06-14,1
B8C49sjQ,2026-06-15,1
B8C49sjQ,2026-06-21,1
B8C49sjQ,2026-06-22,1
B8SOBjho,2025-11-17,1
B8YBbdKK,2025-09-29,1
B8YBbdKK,2025-09-30,1
B8ZXxri6,2026-07-01,1
B8ak9dYs,2025-01-05,1
B8ak9dYs,2025-01-09,1
B8ak9dYs,2025-01-15,1
B8ak9dYs,2025-01-16,1
B8ak9dYs,2025-01-28,4
B9Bd2G00,2026-05-17,1
B9Bd2G00,2026-05-18,1
B9Bd2G00,2026-05-22,1
B9Bd2G00,2026-05-25,1
B9Bd2G00,2026-05-29,1
B9Bd2G00,2026-05-31,1
B9Bd2G00,2026-06-05,1
B9Bd2G00,2026-06-06,1
B9Bd2G00,2026-06-07,1
B9Bd2G00,2026-06-08,1
B9Bd2G00,2026-06-14,1
B9Bd2G00,2026-06-21,1
B9dTErkS,2025-10-21,1
B9eR4qYa,2025-10-28,1
B9hlt7iN,2025-06-14,2
B9hlt7iN,2025-06-18,1
BA6YbRxj,2026-07-17,1
BA6YbRxj,2026-07-19,1
BA6YbRxj,2026-07-27,1
BARtiwET,2026-07-26,1
BAYDsMAb,2026-02-04,1
BAYDsMAb,2026-02-05,1
BAYDsMAb,2026-02-06,1
BAYDsMAb,2026-02-07,1
BAYDsMAb,2026-02-09,8
BAYDsMAb,2026-02-10,1
BAYDsMAb,2026-02-11,4
BAYDsMAb,2026-02-12,2
BAYDsMAb,2026-02-13,2
BAYDsMAb,2026-02-14,6
BAYDsMAb,2026-02-15,4
BAYDsMAb,2026-02-16,3
BAYDsMAb,2026-02-17,2
BAYDsMAb,2026-02-18,3
BAYDsMAb,2026-02-19,1
BAYDsMAb,2026-02-20,2
BAYDsMAb,2026-02-21,1
BAYDsMAb,2026-02-22,2
BAYDsMAb,2026-02-23,5
BAYDsMAb,2026-02-25,1
BB0JyRpJ,2025-06-14,1
BB0JyRpJ,2025-06-15,1
BB0JyRpJ,2025-06-16,1
BC0KJssB,2026-07-11,3
BC0KJssB,2026-07-12,4
BC0KJssB,2026-07-13,1
BCCFvDMV,2026-06-07,6
BCSRfiLw,2025-02-06,1
BCSRfiLw,2025-02-08,1
BDX3sZ2R,2025-10-22,1
BDX3sZ2R,2025-10-30,1
BDfW6way,2025-10-15,2
BDfW6way,2025-10-16,1
BDfW6way,2025-10-17,2
BDfW6way,2025-10-18,1
BDfW6way,2025-10-19,1
BDfW6way,2025-10-20,2
BDfW6way,2025-10-21,1
BDfW6way,2025-10-22,1
BDfW6way,2025-10-23,1
BDfW6way,2025-10-24,1
BDfW6way,2025-10-25,1
BDfW6way,2025-10-26,2
BDfW6way,2025-10-27,1
BDfW6way,2025-10-28,2
BDfW6way,2025-10-29,2
BDfW6way,2025-10-30,2
BDfW6way,2025-10-31,3
BDfW6way,2025-11-01,1
BDfW6way,2025-11-02,1
BE9aMeKn,2025-08-12,1
BE9aMeKn,2025-08-13,1
BE9aMeKn,2025-08-20,1
BFBW4l8z,2026-05-26,1
BFBW4l8z,2026-05-31,1
BFBW4l8z,2026-06-01,1
BFBW4l8z,2026-06-11,1
BGFr34cR,2025-09-03,2
BGfI844M,2025-04-21,1
BGfI844M,2025-04-22,1
BGo27cuy,2026-03-01,9
BGo27cuy,2026-03-09,6
BGo27cuy,2026-03-20,13
BHEwdSrZ,2025-08-22,1
BHcQdRUp,2026-07-27,1
BHcQdRUp,2026-08-02,1
BHcQdRUp,2026-08-08,1
BHcQdRUp,2026-08-12,1
BHqfsFjA,2025-10-01,1
BHqfsFjA,2025-10-08,1
BHqfsFjA,2025-10-09,2
BHqfsFjA,2025-10-10,2
BIFnHEer,2026-01-01,1
BIFnHEer,2026-01-22,2
BIFnHEer,2026-01-23,2
BISuJOMi,2026-01-02,1
BISuJOMi,2026-01-09,1
BISuJOMi,2026-01-24,1
BIiJBdNC,2025-05-01,4
BIiJBdNC,2025-05-02,1
BIiJBdNC,2025-05-03,2
BIiJBdNC,2025-05-04,1
BIiJBdNC,2025-05-05,1
BIiJBdNC,2025-05-06,2
BIiJBdNC,2025-05-07,2
BIiJBdNC,2025-05-08,2
BIiJBdNC,2025-05-09,2
BIiJBdNC,2025-05-10,1
BIiJBdNC,2025-05-11,1
BIiJBdNC,2025-05-12,1
BIiJBdNC,2025-05-13,4
BIiJBdNC,2025-05-14,1
BIiJBdNC,2025-05-15,1
BJHvjafj,2025-09-25,1
BJHvjafj,2025-09-29,1
BJHvjafj,2025-09-30,1
BJW1gfKi,2026-03-18,1
BJg0rZzL,2025-05-20,2
BJi3hjyH,2026-04-26,1
BJrQPglg,2025-03-31,1
BJwumJcc,2025-02-21,1
BJy6Mn83,2025-12-29,1
BJy6Mn83,2025-12-30,1
BJy6Mn83,2026-01-04,1
BJy6Mn83,2026-02-01,1
BKgD9AxQ,2025-03-11,1
BKgD9AxQ,2025-03-12,3
BKgD9AxQ,2025-03-13,1
BKgD9AxQ,2025-03-14,1
BKgD9AxQ,2025-03-16,1
BKgD9AxQ,2025-03-17,1
BKgD9AxQ,2025-03-18,1
BKgD9AxQ,2025-03-19,1
BKgD9AxQ,2025-03-20,1
BMbHRmGJ,2025-11-10,1
BMlTB848,2025-07-22,1
BNOYhisq,2026-06-26,1
BNr0KSzG,2025-02-14,1
BOEFZwlo,2025-02-13,1
BOHeprvp,2025-08-27,1
BOHeprvp,2025-08-28,1
BOQ5IINa,2026-03-06,2
BOQ5IINa,2026-03-13,1
BOQ5IINa,2026-03-18,1
BOQ5IINa,2026-03-19,1
BOQ5IINa,2026-03-22,1
BQxYsAbO,2026-02-11,1
BRVr8Kup,2025-10-16,1
BRVr8Kup,2025-10-17,1
BRVr8Kup,2025-10-20,1
BRVr8Kup,2025-10-26,1
BRVr8Kup,2025-10-28,1
BRjYYQc2,2025-04-11,1
BSbMJDM3,2026-02-07,1
BSbMJDM3,2026-02-08,1
BSbMJDM3,2026-02-11,1
BSbMJDM3,2026-02-13,2
BSbMJDM3,2026-02-16,2
BSbMJDM3,2026-02-20,1
BSbMJDM3,2026-02-21,1
BSbMJDM3,2026-02-24,1
BTqNPpuq,2025-09-05,2
BTujpSYx,2025-10-01,1
BTujpSYx,2025-10-04,1
BTujpSYx,2025-10-06,2
BTujpSYx,2025-10-09,1
BTujpSYx,2025-10-10,1
BTujpSYx,2025-10-13,1
BTujpSYx,2025-10-14,2
BUOHvD2Q,2025-04-21,1
BVoWc8rI,2025-11-15,3
BVoWc8rI,2025-11-17,1
BVtn0itz,2025-11-30,1
BVtn0itz,2025-12-05,2
BW3oQ4xS,2025-10-09,1
BY9SGPm3,2025-03-28,1
BY9SGPm3,2025-04-03,1
BYzH2MjB,2026-08-15,1
BZR8ZZCA,2025-03-27,1
BaP3APnx,2026-09-13,1
BaoQODhq,2026-05-21,1
BaoQODhq,2026-05-27,1
BbNUwQXW,2025-12-28,1
BbNUwQXW,2026-01-01,1
BbNUwQXW,2026-01-04,1
BbNUwQXW,2026-01-06,1
BbNUwQXW,2026-01-09,1
BbNUwQXW,2026-01-11,3
BbNUwQXW,2026-01-18,1
BbNUwQXW,2026-01-23,1
BbNUwQXW,2026-01-25,2
BbNUwQXW,2026-02-01,1
BbNUwQXW,2026-02-02,1
Bc5kFY8B,2025-11-16,1
BcOJbLtX,2025-08-07,2
BcOJbLtX,2025-08-08,1
BcOJbLtX,2025-08-15,2
BcOJbLtX,2025-08-16,1
BcOJbLtX,2025-08-17,1
BcOJbLtX,2025-08-22,1
BcOJbLtX,2025-08-23,1
BcOJbLtX,2025-08-25,1
BckpI2Dn,2025-11-05,1
Bd0Jz8Cx,2025-10-15,1
BdHjU2qy,2026-08-09,2
BdXL0mxI,2025-02-10,1
BdXL0mxI,2025-02-11,6
BdXL0mxI,2025-02-12,1
BdXL0mxI,2025-02-13,5
BeAY0RNB,2026-07-19,1
BeAY0RNB,2026-07-21,1
BeAY0RNB,2026-07-28,1
BeAY0RNB,2026-07-29,1
BeAY0RNB,2026-07-30,1
BeAY0RNB,2026-07-31,1
BeAY0RNB,2026-08-02,1
BeAY0RNB,2026-08-04,1
BeAY0RNB,2026-08-07,1
BeAY0RNB,2026-08-13,3
BeAY0RNB,2026-08-16,1
BghxjAoY,2026-08-26,1
BghxjAoY,2026-08-29,1
BghxjAoY,2026-09-05,1
BghxjAoY,2026-09-15,2
BghxjAoY,2026-09-16,1
BghxjAoY,2026-09-17,1
BghxjAoY,2026-09-18,1
BghxjAoY,2026-09-19,3
BghxjAoY,2026-09-20,6
BghxjAoY,2026-09-21,3
BgxFrnjJ,2026-03-24,1
BgxFrnjJ,2026-03-26,3
BgxFrnjJ,2026-03-27,3
BgxFrnjJ,2026-03-28,5
BgxFrnjJ,2026-03-29,4
BgxFrnjJ,2026-03-30,3
BgxFrnjJ,2026-03-31,2
BgxFrnjJ,2026-04-05,1
BgxFrnjJ,2026-04-11,1
BgxFrnjJ,2026-04-12,2
BgxFrnjJ,2026-04-13,1
Bh2yIKiT,2025-05-27,1
Bi3wVUNk,2026-09-16,93
BiNbcW5o,2025-03-21,1
BiNbcW5o,2025-03-25,1
Bj2G7P8Y,2024-12-31,1
BjPiIqYv,2026-04-16,1
BjPiIqYv,2026-04-17,2
BjPiIqYv,2026-04-19,1
BjPiIqYv,2026-04-20,1
BjPiIqYv,2026-04-21,4
BjPiIqYv,2026-04-22,1
BjPiIqYv,2026-04-23,1
BjPiIqYv,2026-04-24,2
BjPiIqYv,2026-04-25,1
BjPiIqYv,2026-04-26,1
BjPiIqYv,2026-04-27,1
BjPiIqYv,2026-04-28,1
BjPiIqYv,2026-04-29,1
BjPiIqYv,2026-04-30,3
BjPiIqYv,2026-05-01,1
BjPiIqYv,2026-05-02,2
BjPiIqYv,2026-05-03,2
BjPiIqYv,2026-05-04,1
BjPiIqYv,2026-05-05,2
BjPiIqYv,2026-05-06,2
BjPiIqYv,2026-05-07,1
BjPiIqYv,2026-05-08,3
BjPiIqYv,2026-05-09,1
BjPiIqYv,2026-05-10,1
BjPiIqYv,2026-05-11,1
BjPiIqYv,2026-05-12,1
BjPiIqYv,2026-05-13,2
BjPiIqYv,2026-05-14,3
BkfaDJuL,2025-05-17,2
BkfaDJuL,2025-05-22,1
BkfaDJuL,2025-05-24,1
BlB5Ov6W,2025-06-12,1
BlB5Ov6W,2025-06-17,1
BlB5Ov6W,2025-06-18,1
BnUahzde,2026-04-16,2
BnUahzde,2026-04-17,4
BnUahzde,2026-04-18,1
BnUahzde,2026-04-19,1
BnUahzde,2026-04-25,1
BnUahzde,2026-04-26,1
BnUahzde,2026-04-27,1
BnUahzde,2026-05-02,4
BnUahzde,2026-05-10,2
Bo1BTzqv,2025-05-24,1
Bp9s3ZC7,2025-11-23,1
Bp9s3ZC7,2025-11-28,1
Bq9N2NKi,2026-08-02,1
Bq9N2NKi,2026-08-17,1
BqRrax1q,2025-02-22,1
BqRrax1q,2025-02-28,1
BqXCOetq,2026-06-24,2
BqXCOetq,2026-06-28,1
BqXCOetq,2026-06-29,1
BqXCOetq,2026-07-02,1
BqXCOetq,2026-07-03,1
BqXCOetq,2026-07-06,2
BqXCOetq,2026-07-08,1
BqXCOetq,2026-07-13,1
BqXCOetq,2026-07-15,1
BqkLKW06,2025-09-07,1
BqkLKW06,2025-09-10,3
BqkLKW06,2025-09-11,2
BqkLKW06,2025-09-13,1
BrJjpwhd,2026-08-04,1
BrJjpwhd,2026-08-08,1
BsX96G0V,2026-08-20,1
BsX96G0V,2026-08-21,1
BsX96G0V,2026-08-28,1
BsX96G0V,2026-08-29,1
BsX96G0V,2026-09-03,1
BsX96G0V,2026-09-06,1
BsX96G0V,2026-09-10,2
BsX96G0V,2026-09-18,1
BsX96G0V,2026-09-19,1
BsX96G0V,2026-09-20,1
BsX96G0V,2026-09-21,2
BsZKyMYD,2025-06-18,1
Bu1NCx0l,2026-06-05,1
BvGqoDPy,2026-09-13,1
BvGqoDPy,2026-09-14,1
BvGqoDPy,2026-09-16,1
BvGqoDPy,2026-09-19,3
BvGqoDPy,2026-09-20,4
Bw0lHzJb,2025-08-26,2
Bw0lHzJb,2025-08-31,2
Bw0lHzJb,2025-09-01,2
Bw0lHzJb,2025-09-02,3
Bw0lHzJb,2025-09-03,6
Bw0lHzJb,2025-09-04,2
Bw0lHzJb,2025-09-05,2
BwLTfiIm,2025-12-28,1
BwLTfiIm,2025-12-29,2
BwLTfiIm,2026-01-01,3
BwLTfiIm,2026-01-06,1
BwLTfiIm,2026-01-11,2
BwLTfiIm,2026-01-12,1
BwLTfiIm,2026-01-13,2
BwLTfiIm,2026-01-17,1
BwLTfiIm,2026-01-19,4
BwLTfiIm,2026-01-23,1
BwLTfiIm,2026-01-28,4
BwLTfiIm,2026-01-30,2
BwLTfiIm,2026-01-31,2
BwLTfiIm,2026-02-01,3
BwLTfiIm,2026-02-02,2
BwbqHiPe,2026-05-16,1
BwkWWYM2,2025-03-30,1
BwkWWYM2,2025-04-03,1
BwkWWYM2,2025-04-05,1
Bx5FTD3M,2025-01-30,1
Bx5FTD3M,2025-02-04,1
BxQD6AGn,2026-02-28,2
BxQD6AGn,2026-03-01,1
BxQD6AGn,2026-03-06,1
BxQD6AGn,2026-03-08,1
BxQD6AGn,2026-03-12,1
BxQD6AGn,2026-03-15,1
BxQD6AGn,2026-03-22,1
Bxg7y4XL,2025-10-11,1
Bxg7y4XL,2025-10-12,1
ByoK9QC4,2025-06-15,1
BzUGXLOm,2025-09-10,2
BzUGXLOm,2025-09-11,1
Bzo6NOdU,2026-09-03,1
Bzo6NOdU,2026-09-08,1
Bzo6NOdU,2026-09-17,1
C0L6cCtJ,2025-04-11,1
C0gEF9NI,2024-12-26,1
C0gEF9NI,2024-12-28,1
C1NOzpKB,2026-07-25,1
C2BxZpim,2025-08-01,1
C2ccYS87,2026-01-23,1
C2dzsZSE,2025-02-02,1
C2qkJBta,2026-01-01,1
C2qkJBta,2026-01-04,1
C2qkJBta,2026-01-09,1
C2qkJBta,2026-01-11,1
C2qkJBta,2026-01-12,2
C2qkJBta,2026-01-15,1
C2qkJBta,2026-01-28,1
C2tRX2MT,2025-09-21,1
C2tRX2MT,2025-10-01,1
C36Gv4Eb,2025-12-28,1
C36Gv4Eb,2026-01-04,2
C36Gv4Eb,2026-01-22,1
C3Bn9sSn,2025-02-15,1
C3dMUgaw,2024-12-31,2
C3dMUgaw,2025-01-05,1
C3dMUgaw,2025-01-14,2
C3dMUgaw,2025-01-29,1
C4gTdXF5,2026-09-06,1
C4gtGLea,2025-01-28,1
C4mxTDWr,2025-03-09,1
C4xqvkLE,2025-04-30,1
C4xqvkLE,2025-05-01,1
C4xqvkLE,2025-05-02,1
C4xqvkLE,2025-05-04,1
C4xqvkLE,2025-05-09,1
C55ddpzJ,2026-04-17,3
C55ddpzJ,2026-04-18,1
C55ddpzJ,2026-04-19,1
C55ddpzJ,2026-04-24,1
C55ddpzJ,2026-04-27,2
C55ddpzJ,2026-04-28,3
C55ddpzJ,2026-04-30,1
C55ddpzJ,2026-05-05,1
C55ddpzJ,2026-05-06,2
C55ddpzJ,2026-05-09,2
C55ddpzJ,2026-05-12,3
C5ok4zCi,2026-07-22,1
C5ok4zCi,2026-07-25,3
C5ok4zCi,2026-07-30,2
C5ok4zCi,2026-08-02,1
C5ok4zCi,2026-08-09,5
C5ok4zCi,2026-08-14,1
C5wgdHRi,2025-01-31,1
C6vZPKd8,2025-01-06,1
C6vZPKd8,2025-01-17,1
C6vZPKd8,2025-01-24,1
C6vZPKd8,2025-02-05,1
C6vhH7Yw,2025-04-16,1
C6vhH7Yw,2025-04-22,1
C6vhH7Yw,2025-04-24,1
C6vhH7Yw,2025-04-26,1
C6vhH7Yw,2025-04-27,1
C7KCqe7Z,2025-07-24,1
C7bTx03U,2026-04-19,2
C7g3ByWn,2025-01-28,1
C7jPBFkQ,2024-12-31,1
C7kOeF4v,2025-05-09,5
C7kOeF4v,2025-05-10,3
C8s2TCrY,2025-09-12,1
C8s2TCrY,2025-09-13,3
CADnXkv6,2025-05-12,1
CC5ilf39,2025-07-25,3
CC5ilf39,2025-07-27,1
CCOrEu2O,2026-05-15,1
CCOrEu2O,2026-05-21,1
CCOrEu2O,2026-05-25,1
CCOrEu2O,2026-05-29,1
CCOrEu2O,2026-06-01,2
CCOrEu2O,2026-06-02,1
CCOrEu2O,2026-06-04,1
CCOrEu2O,2026-06-11,1
CCOrEu2O,2026-06-12,1
CCOrEu2O,2026-06-20,2
CCOrEu2O,2026-06-22,1
CCoL5BHK,2026-08-23,1
CCoL5BHK,2026-08-31,1
CCoL5BHK,2026-09-06,1
CCoL5BHK,2026-09-16,1
CCoL5BHK,2026-09-17,2
CCoL5BHK,2026-09-18,1
CCoL5BHK,2026-09-19,9
CCoL5BHK,2026-09-20,23
CCoL5BHK,2026-09-21,10
CD1qTHUE,2025-04-19,1
CD1qTHUE,2025-04-24,1
CE0FchpK,2026-09-01,1
CE0FchpK,2026-09-04,4
CE0FchpK,2026-09-05,3
CE0FchpK,2026-09-06,1
CE0FchpK,2026-09-10,1
CE0FchpK,2026-09-11,2
CE0FchpK,2026-09-12,4
CE0FchpK,2026-09-13,3
CE0FchpK,2026-09-14,1
CE0FchpK,2026-09-15,4
CE0FchpK,2026-09-16,5
CE0FchpK,2026-09-17,1
CE0FchpK,2026-09-19,3
CE0FchpK,2026-09-20,3
CE5iUry4,2025-02-12,1
CEHCnqOO,2026-07-11,1
CEPcSZKI,2025-07-24,1
CFMU7Pga,2026-09-04,1
CFMU7Pga,2026-09-05,2
CFMU7Pga,2026-09-06,1
CFMU7Pga,2026-09-17,1
CGByrvhy,2025-02-19,1
CGVZBZHJ,2026-07-25,1
CGVZBZHJ,2026-08-01,2
CGVZBZHJ,2026-08-11,1
CGWnaFzK,2025-08-24,1
CGoFUHfo,2026-07-17,1
CGukDt8P,2025-09-12,1
CGukDt8P,2025-09-13,2
CGxxrYGf,2025-04-07,1
CHtJQGaf,2025-08-26,1
CII4Hzdh,2026-05-02,2
CII4Hzdh,2026-05-11,1
CJbChus1,2026-09-12,1
CJbChus1,2026-09-19,5
CJbChus1,2026-09-20,8
CJbChus1,2026-09-21,2
CJqrcaob,2026-07-17,1
CJqrcaob,2026-07-23,1
CJqrcaob,2026-07-24,1
CJqrcaob,2026-07-25,1
CJqrcaob,2026-07-26,1
CJqrcaob,2026-08-09,1
CJqrcaob,2026-08-14,1
CK3w0x11,2025-07-30,2
CK3w0x11,2025-08-05,3
CK4zwFW3,2026-06-27,1
CK4zwFW3,2026-07-12,1
CKK2QiVT,2025-08-28,1
CKK2QiVT,2025-08-30,1
CKK2QiVT,2025-08-31,7
CKmwbgd8,2025-03-30,1
CL3VEydh,2026-03-01,1
CL3VEydh,2026-03-12,1
CL3VEydh,2026-03-15,1
CL3VEydh,2026-03-16,1
CLp5HyXR,2025-05-03,1
CLp5HyXR,2025-05-12,1
CO6fsqm1,2025-05-01,1
CO6fsqm1,2025-05-02,1
CO6fsqm1,2025-05-03,1
CO6fsqm1,2025-05-04,1
CO6fsqm1,2025-05-05,1
CO6fsqm1,2025-05-06,1
CO6fsqm1,2025-05-13,1
CO6fsqm1,2025-05-14,1
CO6fsqm1,2025-05-15,1
COBXp1zd,2025-08-26,1
COBXp1zd,2025-08-27,4
COBXp1zd,2025-08-28,1
COBXp1zd,2025-08-30,1
COBXp1zd,2025-09-02,2
COBXp1zd,2025-09-03,2
COsXHr7N,2025-04-06,3
COsXHr7N,2025-04-07,1
COsXHr7N,2025-04-08,1
COsXHr7N,2025-04-11,1
CPKs5s2k,2025-10-17,1
CPKs5s2k,2025-10-21,2
CPKs5s2k,2025-10-23,1
CPQto1h7,2026-02-09,1
CPUk5ACN,2025-07-15,4
CPUk5ACN,2025-07-16,2
CPUk5ACN,2025-07-17,2
CPUk5ACN,2025-07-18,3
CPUk5ACN,2025-07-19,2
CPUk5ACN,2025-07-20,2
CPUk5ACN,2025-07-21,2
CPUk5ACN,2025-07-22,2
CPUk5ACN,2025-07-23,1
CPUk5ACN,2025-07-24,1
CPUk5ACN,2025-07-25,2
CPUk5ACN,2025-07-26,3
CPUk5ACN,2025-07-27,2
CPUk5ACN,2025-07-28,1
CPUk5ACN,2025-07-29,1
CPUk5ACN,2025-07-30,2
CPXzrM7R,2026-03-04,1
CPXzrM7R,2026-03-05,1
CPXzrM7R,2026-03-06,2
CPXzrM7R,2026-03-07,1
CPXzrM7R,2026-03-09,1
CPXzrM7R,2026-03-11,1
CPXzrM7R,2026-03-12,1
CPXzrM7R,2026-03-13,1
CPXzrM7R,2026-03-18,3
CPXzrM7R,2026-03-21,1
CPXzrM7R,2026-03-22,1
CPfQHKUI,2026-01-14,1
CQ6uzEZi,2025-09-17,1
CQ6uzEZi,2025-09-26,1
CQSwLUab,2025-05-02,1
CQSwLUab,2025-05-04,1
CQjxcKYi,2025-04-06,1
CQq54wnR,2025-08-09,1
CQq54wnR,2025-08-23,1
CQzcDDrT,2026-02-18,1
CRbSuzor,2025-08-07,1
CRbSuzor,2025-08-24,1
CRbSuzor,2025-08-25,2
CTNtwKCC,2025-02-09,1
CVADwRsu,2025-11-19,3
CVADwRsu,2025-11-20,1
CVADwRsu,2025-11-21,7
CVADwRsu,2025-11-22,10
CVADwRsu,2025-11-23,9
CVADwRsu,2025-11-24,1
CVADwRsu,2025-11-28,1
CVUgI8UQ,2025-06-27,4
CVasB1rM,2025-08-05,1
CWJTJCR9,2025-05-19,1
CWJTJCR9,2025-05-20,1
CWJTJCR9,2025-05-22,1
CWhoqGt0,2026-01-13,1
CWkacCcM,2025-03-20,1
CWkacCcM,2025-03-21,1
CWkacCcM,2025-03-22,1
CWkacCcM,2025-03-23,1
CWkacCcM,2025-03-24,1
CWkacCcM,2025-03-25,1
CWkacCcM,2025-03-26,1
CWkacCcM,2025-03-27,1
CYILino0,2025-08-24,1
CYRRsNDI,2025-11-27,1
CYTGBKQj,2025-10-24,1
CYX6gj3n,2025-05-16,1
CYX6gj3n,2025-05-19,2
CYX6gj3n,2025-05-23,1
CYX6gj3n,2025-05-24,2
CYeDg4Ik,2026-05-17,1
CYeDg4Ik,2026-05-20,1
CYeDg4Ik,2026-05-25,1
CYeDg4Ik,2026-05-29,1
CYeDg4Ik,2026-06-01,1
CYeDg4Ik,2026-06-04,1
CYeDg4Ik,2026-06-08,1
CYeDg4Ik,2026-06-11,1
CYeDg4Ik,2026-06-14,1
CZXO9q24,2026-08-20,1
CZXO9q24,2026-08-22,1
CZXO9q24,2026-08-23,2
CZXO9q24,2026-08-25,1
CZXO9q24,2026-08-26,1
CZXO9q24,2026-08-27,1
CZXO9q24,2026-08-31,1
CZXO9q24,2026-09-02,1
CZXO9q24,2026-09-04,1
CZXO9q24,2026-09-06,2
CZXO9q24,2026-09-08,2
CZXO9q24,2026-09-09,1
CZXO9q24,2026-09-11,1
CZXO9q24,2026-09-13,15
CZXO9q24,2026-09-15,2
CZXO9q24,2026-09-20,1
CZYyb0zX,2026-02-16,2
Ca5N0uXZ,2024-12-27,1
CaFP4j54,2026-09-20,1
Cb4Wk1B6,2025-03-29,3
Cb4Wk1B6,2025-03-30,8
Cb4Wk1B6,2025-03-31,8
Cb4Wk1B6,2025-04-03,1
Cb4Wk1B6,2025-04-04,1
Cb4Wk1B6,2025-04-05,1
Cby1LI5t,2026-03-20,1
Cby1LI5t,2026-03-22,2
Cby1LI5t,2026-03-23,2
Cc6x0kZN,2026-03-24,2
Cc6x0kZN,2026-03-27,1
Cc6x0kZN,2026-03-28,1
Cc6x0kZN,2026-03-30,1
Cc6x0kZN,2026-04-11,1
Cc6x0kZN,2026-04-12,1
Cc9RYeaW,2026-05-20,1
Cc9RYeaW,2026-06-13,1
Cc9RYeaW,2026-06-19,1
Cc9RYeaW,2026-06-20,1
CcrimA7K,2025-12-17,1
CdNHZpzD,2025-07-15,2
CdNHZpzD,2025-07-18,1
CdNHZpzD,2025-07-19,1
CdNHZpzD,2025-07-20,1
CdNHZpzD,2025-07-21,1
CdNHZpzD,2025-07-22,1
CdNHZpzD,2025-07-23,2
CdNHZpzD,2025-07-24,1
CdNHZpzD,2025-07-25,2
CdNHZpzD,2025-07-27,1
CdNHZpzD,2025-07-28,2
CdNHZpzD,2025-07-29,2
CdnmLlyn,2026-06-01,1
CdnmLlyn,2026-06-02,1
CdoustyL,2026-01-03,1
Cdv7lX5c,2025-07-18,1
Cdv7lX5c,2025-07-29,1
CeDA4uGb,2025-03-01,1
CeDA4uGb,2025-03-04,2
CeDA4uGb,2025-03-08,1
CfNqSNCX,2025-11-22,2
CfNqSNCX,2025-11-23,2
CfNqSNCX,2025-11-24,1
CgJkid0i,2025-07-02,1
CgYnNbHp,2025-07-15,1
CgiCKxBv,2026-04-17,1
CgiCKxBv,2026-04-19,2
CgiCKxBv,2026-04-21,2
CgiCKxBv,2026-04-22,1
CgiCKxBv,2026-04-23,1
CgiCKxBv,2026-04-24,1
CgiCKxBv,2026-04-25,2
CgiCKxBv,2026-04-28,1
CgiCKxBv,2026-04-29,2
CgiCKxBv,2026-05-02,3
CgiCKxBv,2026-05-11,1
CgiCKxBv,2026-05-12,1
CgiCKxBv,2026-05-13,1
Cgx44pMI,2025-02-22,1
Cgx44pMI,2025-02-24,1
Ch9cCYGY,2026-04-16,1
Ch9cCYGY,2026-04-17,1
Ch9cCYGY,2026-04-19,2
Ch9cCYGY,2026-04-24,1
Ch9cCYGY,2026-04-28,1
Ch9cCYGY,2026-05-01,3
Ch9cCYGY,2026-05-03,1
Ch9cCYGY,2026-05-07,1
Ch9cCYGY,2026-05-13,2
Ch9cCYGY,2026-05-14,1
ChyHNuE3,2025-09-15,1
Ci0JZRBr,2025-04-29,1
Ci2VFSuE,2026-08-18,1
Ci2VFSuE,2026-08-31,1
Ci2VFSuE,2026-09-06,1
Ci2VFSuE,2026-09-07,1
Ci2VFSuE,2026-09-11,1
Ci2VFSuE,2026-09-12,1
Ci2VFSuE,2026-09-13,2
Ci2VFSuE,2026-09-15,1
Ci2VFSuE,2026-09-17,1
Cj4EVUJs,2026-02-09,1
Cj4EVUJs,2026-02-12,1
Cj4EVUJs,2026-02-15,1
Cj4EVUJs,2026-02-16,1
Cj4EVUJs,2026-02-17,2
Cj4EVUJs,2026-02-18,1
Cj4EVUJs,2026-02-22,1
Cj4EVUJs,2026-02-23,1
Cj4EVUJs,2026-02-24,1
Cj4EVUJs,2026-02-26,1
CjozkYsL,2025-02-05,1
CjozkYsL,2025-02-06,2
CjozkYsL,2025-02-07,5
Cl7PlClY,2025-08-26,1
ClETzmCR,2025-08-06,1
ClTXl9aQ,2025-04-14,1
ClxrcVRx,2025-04-17,1
ClxrcVRx,2025-04-27,1
ClxrcVRx,2025-04-29,1
CmTtmeEg,2025-05-30,2
CmmywKlg,2026-06-27,1
CmmywKlg,2026-07-14,1
Cn8rD4A6,2025-01-26,1
CnPnGvHz,2026-02-11,1
CoWxuQWc,2025-11-29,1
CoWxuQWc,2025-12-01,1
CoWxuQWc,2025-12-05,1
CoWxuQWc,2025-12-08,1
CoWxuQWc,2025-12-13,1
CoWxuQWc,2025-12-14,3
CoWxuQWc,2025-12-15,1
CoWxuQWc,2025-12-16,1
CoWxuQWc,2025-12-19,1
CoWxuQWc,2025-12-20,1
CoWxuQWc,2025-12-21,1
CoWxuQWc,2025-12-22,1
CoWxuQWc,2025-12-23,1
CoWxuQWc,2025-12-24,1
CoWxuQWc,2025-12-25,3
CoWxuQWc,2025-12-27,1
Cp189zxw,2026-08-19,2
Cp189zxw,2026-08-23,1
Cp189zxw,2026-08-26,1
Cp189zxw,2026-08-28,1
Cp189zxw,2026-08-29,2
Cp189zxw,2026-08-30,1
Cp189zxw,2026-08-31,1
Cp189zxw,2026-09-03,1
Cp189zxw,2026-09-05,1
Cp189zxw,2026-09-07,1
Cp189zxw,2026-09-08,1
Cp189zxw,2026-09-13,2
Cp189zxw,2026-09-14,1
Cp189zxw,2026-09-15,2
Cp189zxw,2026-09-16,1
Cp189zxw,2026-09-19,1
Cp189zxw,2026-09-20,2
CpRAqXCJ,2025-05-07,1
CpmWawSJ,2025-10-26,3
CqgwBHng,2025-11-08,1
Cr5Mth9V,2025-01-23,1
Cr5Mth9V,2025-01-24,1
Cr5Mth9V,2025-01-25,1
CrLGtqst,2026-04-21,2
Ctg8PUNz,2025-11-27,1
CtlL8uDT,2026-02-16,1
Cu3HiAnQ,2026-05-15,1
Cu3HiAnQ,2026-05-16,1
Cu3HiAnQ,2026-05-17,1
Cu3HiAnQ,2026-05-21,1
Cu3HiAnQ,2026-05-22,1
Cu3HiAnQ,2026-05-24,1
Cu3HiAnQ,2026-05-26,2
Cu3HiAnQ,2026-05-31,1
Cu3HiAnQ,2026-06-02,1
Cu3HiAnQ,2026-06-05,1
Cu3HiAnQ,2026-06-07,1
Cu3HiAnQ,2026-06-10,1
Cu3HiAnQ,2026-06-14,1
Cu3HiAnQ,2026-06-15,1
Cu3HiAnQ,2026-06-17,1
Cu3HiAnQ,2026-06-18,1
Cu3HiAnQ,2026-06-20,1
Cu3HiAnQ,2026-06-21,2
Cu3qUjZw,2025-01-13,1
CuZMalLF,2025-04-09,1
CvEQzgsb,2025-10-04,1
CvEQzgsb,2025-10-05,1
CvJlf65V,2026-05-01,1
CxXMl5Mq,2025-07-30,1
CxXMl5Mq,2025-08-03,1
CxXMl5Mq,2025-08-05,1
CxXMl5Mq,2025-08-06,1
CxxjHwab,2025-04-15,1
CxxjHwab,2025-04-16,2
CxxjHwab,2025-04-17,1
CxxjHwab,2025-04-18,2
CxxjHwab,2025-04-19,3
CxxjHwab,2025-04-20,2
CxxjHwab,2025-04-21,1
CxxjHwab,2025-04-22,2
CxxjHwab,2025-04-23,2
CxxjHwab,2025-04-24,1
CxxjHwab,2025-04-25,1
CxxjHwab,2025-04-26,1
CxxjHwab,2025-04-27,1
CxxjHwab,2025-04-28,1
CxxjHwab,2025-04-29,3
Cy9gwZZj,2026-02-03,1
Cy9gwZZj,2026-02-08,1
Cy9gwZZj,2026-02-09,2
Cy9gwZZj,2026-02-16,2
Cy9gwZZj,2026-02-18,1
Cy9gwZZj,2026-02-21,1
Cy9gwZZj,2026-02-26,2
CzM2yEhp,2025-02-17,1
CzqNJ4AC,2025-09-10,1
D075kKvs,2026-07-04,1
D075kKvs,2026-07-13,1
D075kKvs,2026-07-14,2
D1ZthcCW,2026-06-23,1
D1ZthcCW,2026-06-24,1
D1ZthcCW,2026-06-26,1
D1ZthcCW,2026-06-27,1
D1ZthcCW,2026-06-30,2
D1ZthcCW,2026-07-04,1
D1ZthcCW,2026-07-08,1
D1m7OAbs,2025-03-26,1
D2BKZd5J,2025-11-18,1
D2BKZd5J,2025-11-23,1
D2BKZd5J,2025-11-26,1
D2RBBLOo,2026-09-09,1
D2RBBLOo,2026-09-19,1
D2pF15zu,2024-12-26,8
D2pF15zu,2024-12-27,2
D3vcsq9j,2025-09-11,3
D4Y8uGOt,2025-10-17,1
D4Y8uGOt,2025-10-19,1
D5FQohHH,2026-09-16,1
D5FQohHH,2026-09-19,1
D5FQohHH,2026-09-20,3
D68kuOHp,2026-07-14,2
D6CDAGJH,2025-10-12,1
D6mlNto6,2025-04-06,1
D70QuXr4,2026-03-23,1
D70QuXr4,2026-03-26,1
D70QuXr4,2026-03-28,1
D70QuXr4,2026-04-05,1
D70QuXr4,2026-04-07,1
D75Gaors,2026-01-01,1
D75Gaors,2026-01-05,1
D75Gaors,2026-01-23,1
D75Gaors,2026-01-24,1
D7g6Loj6,2026-01-01,2
D7g6Loj6,2026-01-04,2
D7g6Loj6,2026-01-10,1
D7g6Loj6,2026-01-13,1
D7g6Loj6,2026-01-14,1
D7g6Loj6,2026-01-16,1
D7g6Loj6,2026-01-21,1
D7g6Loj6,2026-01-23,1
D7g6Loj6,2026-01-24,1
D7g6Loj6,2026-01-25,3
D7g6Loj6,2026-01-27,1
D7g6Loj6,2026-02-01,1
D7q9QwB2,2024-12-27,1
D8D8WEc6,2025-12-05,1
D9wZtcKl,2026-06-11,2
D9wZtcKl,2026-06-20,1
D9zXyCVK,2024-12-31,1
DAwhNHBQ,2026-08-25,1
DAwhNHBQ,2026-09-14,1
DBNhKewu,2026-04-16,1
DBNhKewu,2026-04-17,2
DBNhKewu,2026-04-21,1
DBNhKewu,2026-04-23,1
DBNhKewu,2026-04-26,2
DBNhKewu,2026-04-27,1
DBNhKewu,2026-05-03,1
DBNhKewu,2026-05-04,1
DBNhKewu,2026-05-06,1
DBNhKewu,2026-05-07,1
DBNhKewu,2026-05-09,1
DBNhKewu,2026-05-13,1
DD1zY6Cz,2025-07-28,1
DD9Jv73b,2025-12-08,4
DD9Jv73b,2025-12-20,1
DD9Jv73b,2025-12-22,1
DDV4EK6o,2025-04-13,1
DDvwgEM3,2026-01-01,1
DDvwgEM3,2026-01-28,1
DEcIiALG,2026-07-17,2
DEcIiALG,2026-07-18,1
DEcIiALG,2026-07-21,5
DEcIiALG,2026-07-22,1
DEcIiALG,2026-07-23,1
DEcIiALG,2026-07-24,5
DEcIiALG,2026-07-25,14
DEcIiALG,2026-07-26,7
DEcIiALG,2026-07-27,6
DEcIiALG,2026-07-30,5
DEcIiALG,2026-07-31,10
DEcIiALG,2026-08-01,10
DEcIiALG,2026-08-02,1
DEcIiALG,2026-08-03,2
DEcIiALG,2026-08-04,5
DEcIiALG,2026-08-05,3
DEcIiALG,2026-08-07,5
DEcIiALG,2026-08-08,2
DEcIiALG,2026-08-09,1
DEcIiALG,2026-08-10,1
DEcIiALG,2026-08-12,1
DEcIiALG,2026-08-14,3
DEcIiALG,2026-08-15,6
DEcIiALG,2026-08-16,2
DEhWXAAc,2025-07-03,1
DEhWXAAc,2025-07-11,1
DEkGjVPS,2025-08-27,1
DFIbb2ra,2025-06-19,1
DFPucsg0,2025-12-28,2
DFPucsg0,2025-12-29,1
DFPucsg0,2025-12-30,2
DFPucsg0,2025-12-31,1
DFPucsg0,2026-01-01,2
DFPucsg0,2026-01-02,1
DFPucsg0,2026-01-03,1
DFPucsg0,2026-01-04,1
DFPucsg0,2026-01-05,2
DFPucsg0,2026-01-06,2
DFPucsg0,2026-01-07,3
DFPucsg0,2026-01-08,3
DFPucsg0,2026-01-09,1
DFPucsg0,2026-01-10,1
DFPucsg0,2026-01-12,6
DFPucsg0,2026-01-13,3
DFPucsg0,2026-01-14,1
DFPucsg0,2026-01-15,3
DFPucsg0,2026-01-16,1
DFPucsg0,2026-01-17,1
DFPucsg0,2026-01-20,1
DFPucsg0,2026-01-21,3
DFPucsg0,2026-01-22,2
DFPucsg0,2026-01-23,2
DFPucsg0,2026-01-24,1
DFPucsg0,2026-01-25,2
DFPucsg0,2026-01-26,3
DFPucsg0,2026-01-27,1
DFPucsg0,2026-01-28,2
DFPucsg0,2026-01-29,1
DFPucsg0,2026-01-30,1
DFPucsg0,2026-01-31,1
DFPucsg0,2026-02-01,1
DFPucsg0,2026-02-02,2
DFjC1NFC,2026-03-25,1
DFjC1NFC,2026-04-11,1
DFpPexH0,2025-09-15,1
DFpPexH0,2025-09-16,13
DFpPexH0,2025-09-17,5
DFpPexH0,2025-09-18,2
DFpPexH0,2025-09-19,1
DFpPexH0,2025-09-20,1
DFpPexH0,2025-09-22,2
DFpPexH0,2025-09-23,2
DFpPexH0,2025-09-24,1
DFpPexH0,2025-09-26,2
DFpPexH0,2025-09-27,5
DFpPexH0,2025-09-28,2
DFpPexH0,2025-09-29,1
DFpPexH0,2025-09-30,2
DFr2ctOa,2026-06-23,2
DFr2ctOa,2026-06-24,1
DFr2ctOa,2026-06-25,2
DFr2ctOa,2026-06-26,1
DFr2ctOa,2026-06-27,7
DFr2ctOa,2026-06-28,2
DFr2ctOa,2026-06-29,4
DFr2ctOa,2026-07-02,1
DFr2ctOa,2026-07-03,1
DFr2ctOa,2026-07-04,2
DFr2ctOa,2026-07-14,1
DGC59VQ5,2025-04-27,1
DGfusO1l,2026-02-10,1
DGfusO1l,2026-02-20,1
DGfusO1l,2026-02-26,1
DGxgw1PN,2026-03-23,1
DGxgw1PN,2026-03-26,1
DGxgw1PN,2026-03-28,2
DGxgw1PN,2026-03-31,1
DGxgw1PN,2026-04-07,1
DHzphVup,2026-06-24,1
DIY2UUaT,2025-03-10,1
DIY2UUaT,2025-03-13,2
DIY2UUaT,2025-03-14,2
DIY2UUaT,2025-03-17,1
DIY2UUaT,2025-03-18,1
DIeNI4XN,2026-03-28,1
DIeNI4XN,2026-04-06,1
DIeNI4XN,2026-04-09,2
DIeNI4XN,2026-04-14,2
DIocOBo5,2025-08-24,3
DIqJVhlT,2026-06-08,1
DJOgNH07,2025-07-14,1
DJOgNH07,2025-07-15,1
DJOgNH07,2025-07-16,1
DJOgNH07,2025-07-17,1
DJOgNH07,2025-07-18,1
DJOgNH07,2025-07-19,1
DJOgNH07,2025-07-20,1
DJOgNH07,2025-07-21,1
DJOgNH07,2025-07-22,1
DJOgNH07,2025-07-23,1
DJOgNH07,2025-07-24,1
DJOgNH07,2025-07-25,1
DJOgNH07,2025-07-26,1
DJOgNH07,2025-07-27,1
DJOgNH07,2025-07-28,1
DJcqVqYK,2026-07-20,1
DJcqVqYK,2026-08-14,1
DJuxyTfX,2025-09-15,10
DJuxyTfX,2025-09-16,1
DJuxyTfX,2025-09-17,5
DJuxyTfX,2025-09-21,5
DJuxyTfX,2025-09-25,1
DJuxyTfX,2025-09-29,2
DMUcv5nY,2026-02-26,1
DMUscroQ,2025-10-17,1
DMUscroQ,2025-10-29,1
DMZp4OfZ,2026-03-18,1
DMhHZIgn,2025-07-30,2
DMiQtan5,2025-10-01,1
DMsDnDfd,2025-09-08,1
DMsDnDfd,2025-09-10,1
DMtQDW8u,2026-05-18,1
DMtQDW8u,2026-05-24,1
DMtQDW8u,2026-05-25,1
DMtQDW8u,2026-06-06,1
DMtQDW8u,2026-06-07,1
DMtQDW8u,2026-06-14,1
DMtQDW8u,2026-06-20,1
DMugQiPG,2026-07-26,6
DMugQiPG,2026-08-15,1
DNwXEATr,2025-08-15,1
DNwXEATr,2025-08-18,1
DNwXEATr,2025-08-23,1
DO8nKvDZ,2025-07-23,1
DOWuv8B4,2025-09-25,1
DOWuv8B4,2025-09-26,1
DPFcKGro,2025-08-09,1
DPFcKGro,2025-08-15,1
DPVyz0Ln,2026-04-21,1
DPVyz0Ln,2026-04-25,1
DPVyz0Ln,2026-05-04,1
DPv7eJGL,2025-05-03,1
DPv7eJGL,2025-05-05,1
DPv7eJGL,2025-05-10,1
DPv7eJGL,2025-05-16,1
DQ4e5Kds,2026-07-11,1
DQ4e5Kds,2026-07-12,1
DQn3rHRW,2026-01-03,1
DQn3rHRW,2026-01-24,1
DRY2u3qg,2026-07-19,1
DRY2u3qg,2026-07-23,1
DRY2u3qg,2026-07-24,1
DRY2u3qg,2026-07-25,1
DRY2u3qg,2026-07-26,1
DRY2u3qg,2026-07-28,1
DRY2u3qg,2026-08-01,1
DRY2u3qg,2026-08-02,1
DRY2u3qg,2026-08-03,1
DRY2u3qg,2026-08-08,1
DRY2u3qg,2026-08-10,1
DRY2u3qg,2026-08-12,1
DReomZO8,2025-08-01,1
DSJdlv2e,2026-07-10,1
DSVBOGBs,2025-04-06,1
DSVBOGBs,2025-04-10,7
DSVBOGBs,2025-04-12,1
DSVBOGBs,2025-04-13,1
DSWXzgXx,2025-10-30,1
DTY5Rnzz,2025-12-27,1
DTtYCWD1,2026-03-06,1
DTtYCWD1,2026-03-11,2
DTtYCWD1,2026-03-18,1
DU1aPgWD,2025-03-22,1
DUFnHHHa,2025-06-28,1
DVdYMMdM,2026-06-24,1
DVdYMMdM,2026-07-06,1
DVdYMMdM,2026-07-07,1
DVdYMMdM,2026-07-14,1
DVrWbh3F,2026-01-02,1
DVrWbh3F,2026-01-03,1
DVrWbh3F,2026-01-19,1
DWtTphLd,2025-02-28,1
DWvujOtr,2026-03-01,1
DWvujOtr,2026-03-03,1
DWvujOtr,2026-03-05,1
DWvujOtr,2026-03-07,1
DWvujOtr,2026-03-10,1
DWvujOtr,2026-03-16,1
DWvujOtr,2026-03-17,2
DWvujOtr,2026-03-18,2
DWvujOtr,2026-03-21,1
DYwdekF0,2025-08-08,4
DYwdekF0,2025-08-09,1
DZOnd7sC,2025-10-17,1
DZOnd7sC,2025-10-19,1
DZOnd7sC,2025-10-29,1
DZPh9HLv,2026-03-23,1
DZPh9HLv,2026-03-28,1
DZPh9HLv,2026-04-01,3
DZPh9HLv,2026-04-05,1
DZPh9HLv,2026-04-09,1
DZpPxDO8,2026-01-04,1
DZpPxDO8,2026-01-08,1
DZpPxDO8,2026-01-30,1
Da4cYzVU,2025-01-11,1
Da4cYzVU,2025-01-12,2
Da4cYzVU,2025-01-17,1
Da6rLGVU,2025-01-30,1
Dah6Qlhd,2025-03-06,1
Db96Iy69,2026-05-03,1
Db96Iy69,2026-05-04,2
DcMBKopY,2025-11-28,1
DcwelJFD,2026-08-19,1
DcwelJFD,2026-08-20,2
DcwelJFD,2026-08-21,1
DcwelJFD,2026-08-24,3
DcwelJFD,2026-08-27,1
DcwelJFD,2026-08-31,2
DcwelJFD,2026-09-01,1
DcwelJFD,2026-09-03,1
DcwelJFD,2026-09-08,2
DcwelJFD,2026-09-14,1
DcwelJFD,2026-09-15,2
DcwelJFD,2026-09-16,1
DcwelJFD,2026-09-17,3
DcwelJFD,2026-09-18,1
De7M2182,2025-03-07,1
De7M2182,2025-03-09,1
DfoYxyai,2025-02-09,1
DfoYxyai,2025-02-11,2
DfoYxyai,2025-02-12,1
Dg7HLgi7,2026-06-15,1
DhRwCBOp,2025-08-26,1
DhRwCBOp,2025-08-30,1
DhRwCBOp,2025-08-31,3
DhRwCBOp,2025-09-02,2
DhSIXz34,2026-02-03,2
DhSIXz34,2026-02-05,1
DhSIXz34,2026-02-16,2
DhSIXz34,2026-02-20,1
DhSIXz34,2026-02-23,1
DhSIXz34,2026-02-24,1
DhSIXz34,2026-02-25,2
DhsnyKdo,2025-12-26,4
Di2HdkYF,2024-12-31,1
Di2HdkYF,2025-01-12,2
DiTmwqXP,2026-06-02,3
DiTmwqXP,2026-06-05,1
DiTmwqXP,2026-06-06,2
DiTmwqXP,2026-06-11,1
DiTmwqXP,2026-06-15,1
DiTmwqXP,2026-06-16,1
DiTmwqXP,2026-06-19,1
DjOAC7wm,2025-06-05,1
DjOAC7wm,2025-06-06,1
DjvXWrpO,2025-11-21,3
DjvXWrpO,2025-11-28,1
Djw9xjin,2025-11-20,1
Djyw2yDR,2026-05-25,1
Djyw2yDR,2026-06-18,1
Dk82cr5S,2025-05-18,1
DkBN2vFj,2025-12-04,1
DkBN2vFj,2025-12-05,1
DkBN2vFj,2025-12-10,1
DkBN2vFj,2025-12-11,1
DkBN2vFj,2025-12-14,1
DkBN2vFj,2025-12-24,1
DkBN2vFj,2025-12-27,1
DmXAco5T,2025-06-13,1
DmXAco5T,2025-06-14,1
DmXAco5T,2025-06-19,1
DmXAco5T,2025-06-22,1
DoUPYmRH,2026-02-05,1
DoUPYmRH,2026-02-08,2
DoUPYmRH,2026-02-15,1
DoUPYmRH,2026-02-17,2
DoUPYmRH,2026-02-18,1
DoUPYmRH,2026-02-21,1
DoUPYmRH,2026-02-22,1
DoUPYmRH,2026-02-26,1
Dor551Uz,2026-05-17,1
Dor551Uz,2026-05-23,2
Dor551Uz,2026-05-30,1
Dor551Uz,2026-06-05,3
Dor551Uz,2026-06-12,3
Dor551Uz,2026-06-20,1
DpFKzNhJ,2025-02-08,1
DpFKzNhJ,2025-02-09,1
DpLj3XT8,2025-10-09,1
DpbPWNHz,2025-09-09,2
DpsGbTZk,2026-08-03,1
DpsGbTZk,2026-08-14,1
DpsGbTZk,2026-08-15,2
DqPKcyLh,2025-02-20,1
Dr0p2Vu9,2025-08-08,1
Dr0p2Vu9,2025-08-11,1
Dr0p2Vu9,2025-08-18,1
DrMFZ5qg,2026-07-12,1
DrjB0ABj,2026-04-06,1
DrwgOawn,2026-05-18,1
DrwgOawn,2026-05-21,1
DrwgOawn,2026-05-26,1
DrwgOawn,2026-05-30,1
DrwgOawn,2026-06-04,1
DrwgOawn,2026-06-07,1
DrwgOawn,2026-06-19,1
Ds9y4Gtc,2025-02-28,1
DsJFj55Z,2026-08-21,2
DsJFj55Z,2026-08-30,1
DsJFj55Z,2026-09-13,1
DsP4ZhzL,2025-07-28,1
DsQ9ibPE,2025-03-29,1
Dsc7iX8E,2025-11-04,3
Dsc7iX8E,2025-11-05,1
Dsc7iX8E,2025-11-06,1
Dsc7iX8E,2025-11-08,1
Dsc7iX8E,2025-11-10,1
Du7ciZQd,2026-06-23,1
Du7ciZQd,2026-07-05,2
Du7ciZQd,2026-07-12,1
Du7ciZQd,2026-07-13,1
Duf9K8Wd,2026-05-10,1
Dupmn4HB,2025-07-23,1
DutfqYhf,2025-06-28,1
DutfqYhf,2025-07-13,1
DwIeD3gh,2026-08-18,1
DwIeD3gh,2026-08-19,1
DwIeD3gh,2026-08-20,1
DwIeD3gh,2026-08-30,1
DwIeD3gh,2026-09-01,1
DwIeD3gh,2026-09-03,1
DwIeD3gh,2026-09-06,3
DwIeD3gh,2026-09-07,4
DwIeD3gh,2026-09-09,1
DwIeD3gh,2026-09-10,6
DwIeD3gh,2026-09-11,1
DwIeD3gh,2026-09-14,1
DwIeD3gh,2026-09-18,1
DwOwQP8V,2026-06-24,1
DwOwQP8V,2026-06-26,1
DwgWfdIr,2026-06-24,1
DwgWfdIr,2026-06-27,1
DwgWfdIr,2026-06-30,2
DwgWfdIr,2026-07-03,1
DwgWfdIr,2026-07-09,1
DwgWfdIr,2026-07-10,1
DwgWfdIr,2026-07-12,1
Dwi612d1,2025-02-26,2
Dxg2nQ6Y,2026-04-03,1
Dxg2nQ6Y,2026-04-11,1
Dxg2nQ6Y,2026-04-13,1
Dxj0KO6T,2025-10-17,1
Dxj0KO6T,2025-10-18,1
Dxj0KO6T,2025-10-28,1
DyPWvhnq,2026-03-26,1
DyPWvhnq,2026-03-30,1
DyPWvhnq,2026-04-07,1
Dyk2lV3W,2025-11-03,1
Dyk2lV3W,2025-11-04,1
Dyk2lV3W,2025-11-05,1
Dyk2lV3W,2025-11-07,1
Dyk2lV3W,2025-11-08,1
Dyk2lV3W,2025-11-10,1
Dyk2lV3W,2025-11-11,1
Dyk2lV3W,2025-11-12,1
Dyk2lV3W,2025-11-16,1
Dyk2lV3W,2025-11-17,1
DzUmvDSc,2026-09-04,1
DzUmvDSc,2026-09-16,1
DzUmvDSc,2026-09-19,1
DzUmvDSc,2026-09-20,1
DzwU9eJd,2026-06-27,1
DzwU9eJd,2026-06-28,1
DzwU9eJd,2026-07-10,1
DzwU9eJd,2026-07-12,1
DzwU9eJd,2026-07-14,6
E0jyg0qg,2026-02-06,1
E0jyg0qg,2026-02-17,1
E0jyg0qg,2026-02-20,1
E1dKP7Hl,2025-12-04,1
E1fMwsAZ,2025-04-03,1
E1fMwsAZ,2025-04-04,1
E1fMwsAZ,2025-04-05,2
E24CSJMN,2025-12-26,1
E2cphbQz,2024-12-26,1
E2cphbQz,2024-12-28,1
E2uB5mC3,2025-07-11,1
E3SWJAeq,2025-07-28,1
E3lXYIiC,2026-09-19,1
E4K9XjpS,2026-04-19,1
E4K9XjpS,2026-04-30,1
E4K9XjpS,2026-05-09,1
E4Z3Kk2e,2025-08-15,1
E4Z3Kk2e,2025-08-17,1
E50OCRg8,2025-03-13,1
E5mKWwjQ,2025-07-21,2
E6sC9DPw,2025-01-02,1
E6sC9DPw,2025-01-12,1
E6sC9DPw,2025-01-15,1
E6sC9DPw,2025-01-18,1
E6sC9DPw,2025-01-29,1
E7Br03dX,2025-08-07,1
E7Br03dX,2025-08-23,1
E7Br03dX,2025-08-24,1
E8srb9wG,2025-03-07,1
E9bQW0bH,2025-12-10,1
E9bQW0bH,2025-12-18,1
E9bQW0bH,2025-12-26,1
E9vnziQc,2026-01-12,1
EAWrEBmY,2026-04-21,1
EAWrEBmY,2026-05-01,1
EAWrEBmY,2026-05-09,1
EAqRC2vs,2025-05-10,1
EB20oXn9,2026-06-24,1
EB20oXn9,2026-07-02,1
EB20oXn9,2026-07-15,1
EBO4GuiR,2026-07-03,1
EBgcQks4,2026-06-09,1
EBgcQks4,2026-06-10,2
EBgcQks4,2026-06-11,3
EBgcQks4,2026-06-12,3
EBgcQks4,2026-06-14,3
EBgcQks4,2026-06-15,2
EBgcQks4,2026-06-16,3
EBgcQks4,2026-06-17,2
EBgcQks4,2026-06-18,2
EBgcQks4,2026-06-19,2
EBgcQks4,2026-06-20,1
EBgcQks4,2026-06-21,1
EC1hpwrZ,2025-09-27,3
ECB20NWh,2026-09-21,1
ECBR6282,2025-04-11,1
ECCn00An,2025-11-30,1
ECCn00An,2025-12-21,1
ECCn00An,2025-12-27,1
ECpLuCEp,2026-05-20,1
ECzXEWQC,2025-08-31,2
ECzXEWQC,2025-09-04,2
EDC7MnOg,2026-01-02,1
EE1jkGBU,2025-08-02,1
EErGKbDB,2025-05-30,16
EErGKbDB,2025-06-01,8
EErGKbDB,2025-06-02,2
EErGKbDB,2025-06-07,1
EErGKbDB,2025-06-14,5
EH86l3Qs,2025-06-01,1
EH86l3Qs,2025-06-09,1
EHTYFCqx,2025-05-03,1
EHmrmMyj,2026-04-21,1
EJ4Ucq7f,2026-07-17,2
EJ4Ucq7f,2026-07-18,1
EJ4Ucq7f,2026-07-19,2
EJ4Ucq7f,2026-07-20,1
EJ4Ucq7f,2026-07-21,1
EJ4Ucq7f,2026-07-24,1
EJ4Ucq7f,2026-07-27,1
EJ4Ucq7f,2026-07-29,1
EJ4Ucq7f,2026-07-30,1
EJ4Ucq7f,2026-07-31,1
EJ4Ucq7f,2026-08-02,1
EJ4Ucq7f,2026-08-06,1
EJ4Ucq7f,2026-08-12,2
EJ4Ucq7f,2026-08-13,3
EJ4Ucq7f,2026-08-15,1
EJ4Ucq7f,2026-08-17,1
EJR7V3v3,2025-07-31,1
EJR7V3v3,2025-08-05,1
EJR7V3v3,2025-08-06,1
EJYynApD,2025-11-09,1
EJczHRZB,2025-05-19,1
EJeqHYlr,2025-06-26,1
EJpAwO5G,2025-12-10,1
EJw5i8Qw,2026-05-15,6
EJw5i8Qw,2026-05-16,2
EJw5i8Qw,2026-05-18,1
EJw5i8Qw,2026-05-22,2
EJw5i8Qw,2026-05-24,1
EJw5i8Qw,2026-05-27,2
EJw5i8Qw,2026-05-28,3
EJw5i8Qw,2026-05-29,2
EJw5i8Qw,2026-05-30,1
EJw5i8Qw,2026-05-31,3
EJw5i8Qw,2026-06-01,4
EJw5i8Qw,2026-06-02,2
EJw5i8Qw,2026-06-05,1
EJw5i8Qw,2026-06-06,1
EJw5i8Qw,2026-06-09,2
EJw5i8Qw,2026-06-11,1
EJw5i8Qw,2026-06-12,1
EJw5i8Qw,2026-06-13,1
EJw5i8Qw,2026-06-15,1
EJw5i8Qw,2026-06-17,1
EJw5i8Qw,2026-06-22,2
EKm11tlP,2025-03-20,2
EKm11tlP,2025-03-21,3
EKm11tlP,2025-03-22,1
EKm11tlP,2025-03-24,1
EKm11tlP,2025-03-27,1
ELp38x3W,2025-02-18,1
ELpxxqiL,2026-03-24,1
ELpxxqiL,2026-03-30,1
EMSpBivZ,2025-06-28,1
EMSpBivZ,2025-06-29,1
EMSpBivZ,2025-07-05,2
EMSpBivZ,2025-07-12,1
EMXK9m5r,2026-02-04,1
EMXK9m5r,2026-02-07,1
EMXK9m5r,2026-02-21,1
EMYP3qVo,2026-04-03,1
EMYP3qVo,2026-04-06,1
EMYP3qVo,2026-04-10,1
EMYP3qVo,2026-04-15,1
EN54tiay,2025-03-27,2
ENOrtO84,2025-08-07,2
EOSvlxlb,2026-07-29,1
EOVFsppe,2025-08-21,1
EOVFsppe,2025-08-22,1
EOXoTAi3,2025-09-06,3
EOXoTAi3,2025-09-09,1
EOXoTAi3,2025-09-10,4
EOq268fg,2025-06-21,1
EOtfz6n2,2025-03-21,1
EOxrV8rI,2026-02-06,1
EPWssudu,2026-08-19,1
EPWssudu,2026-08-28,1
EPWssudu,2026-09-06,3
EPWssudu,2026-09-07,1
EPWssudu,2026-09-10,5
EPWssudu,2026-09-12,2
EPWssudu,2026-09-13,1
EPWssudu,2026-09-16,3
EPWssudu,2026-09-17,1
EPbR3CGZ,2025-12-28,1
EPbR3CGZ,2026-01-01,1
EPbR3CGZ,2026-01-03,1
EPbR3CGZ,2026-01-09,2
EPbR3CGZ,2026-01-10,1
EPbR3CGZ,2026-01-16,1
EPbR3CGZ,2026-01-17,1
EPbR3CGZ,2026-01-22,1
EPbR3CGZ,2026-01-23,2
EPbR3CGZ,2026-01-24,1
EPbR3CGZ,2026-01-30,1
EPbR3CGZ,2026-02-01,1
ERiOIPME,2026-08-20,1
ERiOIPME,2026-08-23,1
ERiOIPME,2026-08-25,1
ERiOIPME,2026-08-30,1
ERiOIPME,2026-09-01,2
ERiOIPME,2026-09-05,1
ERiOIPME,2026-09-07,1
ERiOIPME,2026-09-15,1
ERiOIPME,2026-09-20,1
ERoVLP7q,2025-12-29,1
ERoVLP7q,2026-01-30,1
ESJvrJbG,2025-09-05,1
ESQo3APd,2025-11-30,1
ESQo3APd,2025-12-04,1
ESa3j2Bz,2025-08-27,2
ESa3j2Bz,2025-09-04,2
ESo2DHgF,2025-08-23,1
ETWBUaDS,2025-09-07,1
ETZkMy0P,2025-04-16,1
ETZkMy0P,2025-04-19,1
ETZkMy0P,2025-04-20,1
ETepjk8G,2025-12-20,1
ETiIGFL7,2025-07-13,1
EU7A1GPE,2026-05-05,1
EU7A1GPE,2026-05-08,1
EUccqCxv,2026-08-19,1
EUccqCxv,2026-08-26,1
EUccqCxv,2026-09-01,1
EUccqCxv,2026-09-07,1
EUccqCxv,2026-09-17,3
EUccqCxv,2026-09-20,7
EUccqCxv,2026-09-21,5
EVOqIUML,2025-08-08,1
EVW1Ybel,2025-05-28,1
EWioLoMu,2026-09-13,1
EWioLoMu,2026-09-15,1
EWioLoMu,2026-09-17,1
EWioLoMu,2026-09-19,1
EWioLoMu,2026-09-20,1
EWw1T2RU,2026-04-04,1
EWw1T2RU,2026-04-08,1
EWw1T2RU,2026-04-13,1
EXFaTnaU,2026-02-27,3
EXFaTnaU,2026-03-03,1
EXFaTnaU,2026-03-04,1
EXFaTnaU,2026-03-13,1
EXFaTnaU,2026-03-14,1
EXFaTnaU,2026-03-18,1
EXFaTnaU,2026-03-19,1
EXFaTnaU,2026-03-20,1
EXFaTnaU,2026-03-22,1
EZAmlbrJ,2025-05-02,1
EZAmlbrJ,2025-05-14,1
EZuvegGm,2026-09-11,1
EZuvegGm,2026-09-13,1
EZuvegGm,2026-09-15,2
EZuvegGm,2026-09-16,3
EZuvegGm,2026-09-17,6
EZuvegGm,2026-09-18,2
EZuvegGm,2026-09-19,1
EZuvegGm,2026-09-20,7
EZuvegGm,2026-09-21,2
EaFwCXex,2026-05-15,1
EaFwCXex,2026-05-19,1
EaFwCXex,2026-05-20,1
EaGGAGar,2026-08-21,2
EaGGAGar,2026-08-22,2
EaGGAGar,2026-09-08,2
EaGGAGar,2026-09-13,2
EaGGAGar,2026-09-14,1
EaGGAGar,2026-09-16,2
EaGGAGar,2026-09-19,1
EaGGAGar,2026-09-20,1
EaGGAGar,2026-09-21,1
EapqdR7C,2025-10-30,1
EapqdR7C,2025-11-01,1
Ec8LteV3,2025-03-18,1
EcFgq47s,2026-09-18,1
EcOsgvPc,2025-11-06,1
EcOsgvPc,2025-11-15,1
EcOsgvPc,2025-11-17,1
EdEzP41Y,2025-12-01,1
EdEzP41Y,2025-12-08,3
EdEzP41Y,2025-12-09,2
EdEzP41Y,2025-12-11,1
EdEzP41Y,2025-12-12,1
EdEzP41Y,2025-12-14,2
EdEzP41Y,2025-12-16,1
EdEzP41Y,2025-12-19,1
EdEzP41Y,2025-12-20,1
EdEzP41Y,2025-12-21,4
EdYRXBK7,2025-04-11,1
EdligXkE,2026-07-18,1
EdligXkE,2026-07-19,2
EdligXkE,2026-07-20,1
EdligXkE,2026-07-27,2
EdligXkE,2026-07-30,1
EdligXkE,2026-08-02,1
EdligXkE,2026-08-03,1
EdligXkE,2026-08-05,3
EdligXkE,2026-08-08,1
EdligXkE,2026-08-11,2
EdligXkE,2026-08-17,1
Ee4BQjO7,2025-12-28,1
EeP6FUtT,2025-10-16,1
EeP6FUtT,2025-10-20,1
EeP6FUtT,2025-10-28,1
EeP6FUtT,2025-10-31,1
EfZRbCb9,2026-04-22,1
EfZRbCb9,2026-05-02,1
EfZRbCb9,2026-05-06,1
EfZRbCb9,2026-05-13,1
Eh4EQrh0,2026-07-06,1
Eh9VeWbI,2025-01-20,1
EhIR3xOE,2026-06-27,1
EhIR3xOE,2026-07-06,1
EhIR3xOE,2026-07-09,1
EhIR3xOE,2026-07-15,1
EhmvzGfA,2026-02-09,1
EhmvzGfA,2026-02-15,1
EhmvzGfA,2026-02-24,2
Ehuk9FjM,2025-05-21,1
Ei5ivHnG,2026-08-06,1
Ek2nqOgR,2025-02-24,1
ElHbJCjT,2026-05-16,2
ElHbJCjT,2026-05-18,2
ElbMBeZH,2026-03-12,1
Elz4oP01,2025-06-10,1
Em4XYPup,2025-01-01,1
Em4XYPup,2025-01-09,2
Em4XYPup,2025-01-12,2
Em4XYPup,2025-01-14,1
Em4XYPup,2025-01-21,1
Em4XYPup,2025-01-29,1
Em4XYPup,2025-01-30,1
Em4XYPup,2025-02-01,1
Em4XYPup,2025-02-02,1
EmfqbQqL,2025-09-14,2
EmfqbQqL,2025-09-21,1
EmfxrY1R,2026-04-11,1
EoO500g1,2026-04-21,1
EoO500g1,2026-04-27,1
EoO500g1,2026-05-13,2
EoaYv5wT,2026-05-23,1
EopKKugx,2026-04-22,1
EpQwyG64,2025-05-11,1
EpfjCs76,2025-11-21,2
Epos6Ppx,2025-06-14,1
Epos6Ppx,2025-06-23,1
Eq1MWkQL,2025-11-08,1
Eq1MWkQL,2025-11-15,1
Eq9rriE4,2025-12-28,1
Eq9rriE4,2025-12-29,1
Eq9rriE4,2026-01-02,2
Eq9rriE4,2026-01-04,1
Eq9rriE4,2026-01-09,1
Eq9rriE4,2026-01-12,1
Eq9rriE4,2026-01-29,1
EqKlA52q,2025-10-21,1
EqMhYo63,2026-02-28,1
EqMhYo63,2026-03-02,1
EqMhYo63,2026-03-07,1
EqMhYo63,2026-03-11,1
EqMhYo63,2026-03-13,1
EqMhYo63,2026-03-20,1
EqMhYo63,2026-03-22,1
EqMhYo63,2026-03-23,1
EqMhYo63,2026-03-24,1
EqMhYo63,2026-03-31,2
EqMhYo63,2026-04-01,1
EqMhYo63,2026-04-03,1
EqMhYo63,2026-04-07,1
ErMQdYfL,2026-09-15,1
ErMQdYfL,2026-09-20,2
ErdKADRi,2025-11-21,1
EriXeaUU,2025-07-01,2
ErpF5sXw,2025-11-03,1
ErpF5sXw,2025-11-05,1
ErpF5sXw,2025-11-10,2
ErpF5sXw,2025-11-14,1
ErpF5sXw,2025-11-15,2
Es7oY7tZ,2025-02-15,1
EsS1L2Ss,2026-02-27,1
EsS1L2Ss,2026-03-01,1
EsS1L2Ss,2026-03-03,1
EsS1L2Ss,2026-03-05,1
EsS1L2Ss,2026-03-07,2
EsS1L2Ss,2026-03-09,1
EsS1L2Ss,2026-03-10,3
EsS1L2Ss,2026-03-13,2
EsS1L2Ss,2026-03-14,2
EsS1L2Ss,2026-03-15,1
EsS1L2Ss,2026-03-18,2
EsS1L2Ss,2026-03-19,2
EsS1L2Ss,2026-03-20,1
EsS1L2Ss,2026-03-22,6
EsS1L2Ss,2026-03-23,1
EsaPpW4n,2026-08-21,1
EsaPpW4n,2026-09-15,1
EsaPpW4n,2026-09-17,1
Esf0PMfz,2025-12-28,1
EtmS3mIl,2026-09-19,1
EulsOsYd,2025-11-30,1
Ev5p9zNm,2025-01-14,1
Ev84lvER,2025-12-01,1
Ev84lvER,2025-12-17,1
Ev84lvER,2025-12-20,2
Ev84lvER,2025-12-24,1
EwAAGF8w,2026-05-16,2
EwAAGF8w,2026-05-21,1
EwAAGF8w,2026-05-27,1
EwAAGF8w,2026-05-30,2
EwAAGF8w,2026-06-01,1
EwAAGF8w,2026-06-03,1
EwAAGF8w,2026-06-09,5
EwAAGF8w,2026-06-12,1
EwAAGF8w,2026-06-16,1
EwAAGF8w,2026-06-20,1
EwAAGF8w,2026-06-21,2
EwG5gAVk,2026-03-16,1
EwG5gAVk,2026-03-17,4
EwG5gAVk,2026-03-18,1
EwMYlne3,2026-08-26,1
EwMYlne3,2026-08-29,1
EwMYlne3,2026-09-12,1
EwMYlne3,2026-09-13,3
EwMYlne3,2026-09-15,2
EwMYlne3,2026-09-17,2
EwMYlne3,2026-09-19,3
EwMYlne3,2026-09-20,7
EwOPvcIs,2025-03-28,1
EwOPvcIs,2025-04-05,2
EwOrhw0J,2026-03-31,1
EwOrhw0J,2026-04-12,1
EwtDew08,2026-03-09,2
EwtDew08,2026-03-13,1
Ex7R85AP,2026-01-08,2
Ex7R85AP,2026-01-16,1
Ex7R85AP,2026-01-20,2
Exe41Xq2,2026-05-19,1
Exe41Xq2,2026-05-21,1
Exe41Xq2,2026-05-24,4
Exe41Xq2,2026-05-25,2
Exe41Xq2,2026-05-26,2
Exe41Xq2,2026-05-27,1
Exe41Xq2,2026-05-29,4
Exe41Xq2,2026-05-30,1
Exe41Xq2,2026-05-31,1
Exe41Xq2,2026-06-02,1
Exe41Xq2,2026-06-03,1
Exe41Xq2,2026-06-04,2
Exe41Xq2,2026-06-05,2
Exe41Xq2,2026-06-06,1
Exe41Xq2,2026-06-07,1
Exe41Xq2,2026-06-11,1
Exe41Xq2,2026-06-14,1
Exe41Xq2,2026-06-16,1
Exe41Xq2,2026-06-17,1
Exe41Xq2,2026-06-19,5
Exe41Xq2,2026-06-20,1
Exe41Xq2,2026-06-21,2
ExwqgERu,2025-12-05,1
Ez3xAhgN,2024-12-29,1
Ez4P3cPo,2025-05-01,1
Ez4P3cPo,2025-05-05,1
Ez4P3cPo,2025-05-08,1
Ez4P3cPo,2025-05-14,1
EzBITFLA,2026-07-19,1
EzBITFLA,2026-08-16,1
F0BBb59d,2025-05-03,1
F1VRlQSt,2025-07-06,1
F1VRlQSt,2025-07-09,1
F1cpktB7,2025-11-10,1
F2mXhPHT,2026-01-24,1
F2mXhPHT,2026-01-25,1
F2ppbAxK,2025-03-22,12
F2ppbAxK,2025-03-23,12
F2puH3l5,2026-01-24,1
F2qIe4e5,2025-03-02,1
F2qIe4e5,2025-03-03,1
F2qIe4e5,2025-03-04,1
F2qIe4e5,2025-03-05,1
F2qIe4e5,2025-03-06,1
F2qIe4e5,2025-03-07,2
F2qIe4e5,2025-03-08,1
F2qIe4e5,2025-03-09,1
F2qIe4e5,2025-03-10,1
F3AqwW6R,2025-05-01,1
F3XJEpDP,2025-04-25,1
F4OPgiVU,2025-05-07,1
F4OPgiVU,2025-05-11,1
F4OPgiVU,2025-05-14,1
F4OZlO5G,2025-09-25,1
F4sJncGa,2024-12-28,1
F4sJncGa,2024-12-30,1
F5BD8BcL,2026-09-05,1
F5a2lPvc,2026-08-19,1
F5a2lPvc,2026-08-23,1
F5a2lPvc,2026-08-26,1
F5a2lPvc,2026-08-28,1
F5a2lPvc,2026-08-29,1
F5a2lPvc,2026-08-30,2
F5a2lPvc,2026-08-31,1
F5a2lPvc,2026-09-02,1
F5a2lPvc,2026-09-03,1
F5a2lPvc,2026-09-04,1
F5a2lPvc,2026-09-07,1
F5a2lPvc,2026-09-08,1
F5a2lPvc,2026-09-11,2
F5a2lPvc,2026-09-12,3
F5a2lPvc,2026-09-13,5
F5a2lPvc,2026-09-14,1
F5a2lPvc,2026-09-15,10
F5a2lPvc,2026-09-16,2
F5a2lPvc,2026-09-17,4
F5a2lPvc,2026-09-18,1
F5a2lPvc,2026-09-19,6
F5a2lPvc,2026-09-20,8
F5a2lPvc,2026-09-21,7
F5t2Wnxm,2024-12-26,1
F5t2Wnxm,2024-12-28,2
F5t2Wnxm,2024-12-29,2
F5t2Wnxm,2024-12-30,1
F6utST9A,2025-01-22,1
F74DZDIL,2025-11-21,1
F7AngRHT,2025-05-09,1
F7fPxjyB,2025-01-02,1
F7fPxjyB,2025-01-06,1
F7fPxjyB,2025-01-08,2
F7fPxjyB,2025-01-12,1
F7fPxjyB,2025-01-13,2
F7fPxjyB,2025-02-03,1
F7p4AtzV,2026-07-25,1
F7p4AtzV,2026-08-07,1
F83wPdW9,2025-04-13,1
F8aTFYmD,2026-05-12,1
F90i2RVy,2026-01-29,1
F9bNrMay,2025-02-19,1
F9nCAaKj,2026-08-28,1
F9nCAaKj,2026-08-30,1
F9nCAaKj,2026-09-04,1
F9nCAaKj,2026-09-08,1
F9nCAaKj,2026-09-12,1
F9nCAaKj,2026-09-16,2
F9nCAaKj,2026-09-18,1
F9nCAaKj,2026-09-19,3
F9nCAaKj,2026-09-20,1
F9nCAaKj,2026-09-21,4
F9u2BLEt,2025-01-27,1
FA3tMRGp,2025-06-14,1
FA3tMRGp,2025-06-15,1
FA3tMRGp,2025-06-16,3
FA3tMRGp,2025-06-24,1
FA6jy2Dq,2025-02-24,1
FARIxdqU,2025-12-10,1
FCsJoML0,2025-02-23,1
FDbAFFIg,2026-01-25,1
FECthy3s,2026-01-02,1
FEWbmOku,2026-09-04,1
FEWbmOku,2026-09-20,1
FEWbmOku,2026-09-21,1
FFRIcInp,2026-06-24,2
FFRIcInp,2026-06-25,1
FFRIcInp,2026-07-01,1
FFRIcInp,2026-07-11,5
FFRIcInp,2026-07-12,11
FFRIcInp,2026-07-13,5
FFRIcInp,2026-07-14,1
FFY9f9RQ,2025-04-20,1
FFY9f9RQ,2025-04-22,1
FFY9f9RQ,2025-04-25,1
FFY9f9RQ,2025-04-26,1
FFYr7uoj,2025-09-14,1
FFYr7uoj,2025-09-15,1
FFYr7uoj,2025-09-16,1
FFYr7uoj,2025-09-17,1
FFYr7uoj,2025-09-19,1
FFYr7uoj,2025-09-20,1
FFYr7uoj,2025-09-21,2
FFYr7uoj,2025-09-23,3
FFYr7uoj,2025-09-25,1
FFYr7uoj,2025-09-27,2
FFYr7uoj,2025-09-28,1
FFYr7uoj,2025-09-30,1
FGYMPkf5,2026-08-29,1
FGYMPkf5,2026-09-03,1
FGYMPkf5,2026-09-06,1
FGYMPkf5,2026-09-11,1
FGYMPkf5,2026-09-16,1
FGYMPkf5,2026-09-18,1
FGYMPkf5,2026-09-19,2
FGYMPkf5,2026-09-20,2
FGcJrXYk,2026-08-08,1
FGcJrXYk,2026-08-09,1
FGcJrXYk,2026-08-12,1
FGcJrXYk,2026-08-14,1
FGcJrXYk,2026-08-15,2
FGcJrXYk,2026-08-17,1
FHd8R8gr,2025-11-30,1
FHd8R8gr,2025-12-23,1
FHd8R8gr,2025-12-26,1
FHlBRTMi,2026-09-17,1
FHlBRTMi,2026-09-20,3
FHlBRTMi,2026-09-21,1
FI7jghoS,2025-08-01,1
FIgFav9O,2026-01-09,1
FIgFav9O,2026-01-12,1
FIgFav9O,2026-01-23,1
FIgFav9O,2026-01-26,1
FIgFav9O,2026-01-27,1
FJ1jewX0,2026-03-26,1
FJa9bavu,2026-02-04,1
FJa9bavu,2026-02-05,1
FJa9bavu,2026-02-07,2
FJa9bavu,2026-02-08,3
FJa9bavu,2026-02-11,1
FJa9bavu,2026-02-13,1
FJa9bavu,2026-02-15,1
FJa9bavu,2026-02-16,1
FJgGUs0H,2025-04-03,1
FJgGUs0H,2025-04-05,3
FKD0M7oz,2025-02-27,1
FLEi7Q2X,2026-08-04,1
FLFr8FOW,2025-09-06,1
FLLGwNdX,2025-07-30,1
FLQumjGo,2025-06-28,1
FLzmj1MV,2025-06-01,1
FLzmj1MV,2025-06-02,1
FLzmj1MV,2025-06-08,2
FLzmj1MV,2025-06-13,2
FMAFQPRH,2025-04-16,2
FMAFQPRH,2025-04-17,1
FMAFQPRH,2025-04-24,1
FMAFQPRH,2025-04-26,1
FMAyqyRG,2025-05-23,1
FNUqCnl0,2025-10-07,3
FNUqCnl0,2025-10-11,1
FNUqCnl0,2025-10-13,3
FNUqCnl0,2025-10-14,1
FNdsFcw4,2025-04-18,1
FPEbD2Ns,2026-08-23,2
FPEbD2Ns,2026-08-29,1
FPEbD2Ns,2026-09-04,1
FPEbD2Ns,2026-09-06,1
FPEbD2Ns,2026-09-16,1
FPEbD2Ns,2026-09-18,1
FPEbD2Ns,2026-09-19,1
FPEbD2Ns,2026-09-20,2
FPEbD2Ns,2026-09-21,1
FPLMJG9l,2025-04-24,1
FPT9xmZ8,2025-05-29,1
FPT9xmZ8,2025-06-08,1
FQr8Dlr8,2025-12-05,1
FQr8Dlr8,2025-12-23,1
FR0CAUjd,2026-02-12,1
FR0CAUjd,2026-02-23,1
FRCL6MT5,2026-05-25,1
FRCL6MT5,2026-06-01,1
FRCL6MT5,2026-06-08,1
FRi8qgFl,2026-03-27,1
FRoGg80b,2025-04-10,1
FSWdZeM8,2025-06-27,1
FSWdZeM8,2025-07-13,1
FT1zq98I,2025-10-15,1
FT1zq98I,2025-10-20,1
FT1zq98I,2025-10-28,1
FTDoexFk,2025-06-20,1
FTSlPkCi,2025-07-11,1
FU6Ewstf,2026-07-16,2
FU6Ewstf,2026-07-17,5
FU6Ewstf,2026-07-18,6
FU6Ewstf,2026-07-19,3
FU6Ewstf,2026-07-20,2
FU6Ewstf,2026-07-21,5
FU6Ewstf,2026-07-22,4
FU6Ewstf,2026-07-23,4
FU6Ewstf,2026-07-24,2
FU6Ewstf,2026-07-25,4
FU6Ewstf,2026-07-26,2
FU6Ewstf,2026-07-27,2
FU6Ewstf,2026-07-28,7
FU6Ewstf,2026-07-29,1
FU6Ewstf,2026-07-30,2
FU6Ewstf,2026-07-31,1
FU6Ewstf,2026-08-01,1
FU6Ewstf,2026-08-02,3
FU6Ewstf,2026-08-03,1
FU6Ewstf,2026-08-04,1
FU6Ewstf,2026-08-05,2
FU6Ewstf,2026-08-06,2
FU6Ewstf,2026-08-07,3
FU6Ewstf,2026-08-08,12
FU6Ewstf,2026-08-09,2
FU6Ewstf,2026-08-10,3
FU6Ewstf,2026-08-11,2
FU6Ewstf,2026-08-12,2
FU6Ewstf,2026-08-13,4
FU6Ewstf,2026-08-14,5
FU6Ewstf,2026-08-15,3
FU6Ewstf,2026-08-16,4
FU6Ewstf,2026-08-17,3
FU6Ewstf,2026-08-18,1
FUPZkAC7,2026-04-06,1
FUq3BvNw,2026-01-13,1
FV6DPCE9,2025-11-29,2
FV6DPCE9,2025-11-30,5
FV6DPCE9,2025-12-01,1
FV6DPCE9,2025-12-03,1
FV6DPCE9,2025-12-04,1
FV6DPCE9,2025-12-08,4
FV6DPCE9,2025-12-09,2
FV6DPCE9,2025-12-10,1
FV6DPCE9,2025-12-13,2
FVQG1VJ3,2026-08-21,1
FVQG1VJ3,2026-08-22,2
FVQY3nT5,2025-12-01,1
FVQY3nT5,2025-12-03,1
FVQY3nT5,2025-12-06,1
FVQY3nT5,2025-12-07,1
FVQY3nT5,2025-12-08,3
FVQY3nT5,2025-12-09,1
FVQY3nT5,2025-12-11,1
FVQY3nT5,2025-12-13,1
FVQY3nT5,2025-12-14,1
FVQY3nT5,2025-12-15,1
FVQY3nT5,2025-12-17,1
FVQY3nT5,2025-12-21,1
FVQY3nT5,2025-12-24,1
FVQY3nT5,2025-12-25,1
FVQY3nT5,2025-12-26,3
FVQY3nT5,2025-12-27,1
FWxSAYct,2025-02-25,1
FWxdmmIn,2025-11-12,1
FY5UKWXN,2026-05-18,1
FY5UKWXN,2026-05-24,1
FY5UKWXN,2026-05-25,1
FY5UKWXN,2026-05-29,1
FY5UKWXN,2026-05-31,1
FY5UKWXN,2026-06-02,3
FY5UKWXN,2026-06-04,1
FY5UKWXN,2026-06-06,1
FY5UKWXN,2026-06-07,2
FY5UKWXN,2026-06-12,1
FY5UKWXN,2026-06-15,1
FY5UKWXN,2026-06-17,1
FY5UKWXN,2026-06-19,3
FY5UKWXN,2026-06-20,2
FYDkLOBU,2026-03-26,1
FZ0D0fEr,2026-02-18,1
FZ0D0fEr,2026-02-19,1
FZ0D0fEr,2026-02-26,1
Fa1H9dP2,2025-11-06,1
FaLewjrM,2025-05-09,1
FaqV8ZhJ,2025-03-10,1
Fb7q1Yab,2026-02-08,1
FbT7tVEM,2025-07-20,1
FbbSggnv,2025-03-26,1
FbiosP9H,2025-06-12,1
FbiosP9H,2025-06-13,1
FbiosP9H,2025-06-15,3
FbiosP9H,2025-06-16,1
FbiosP9H,2025-06-18,1
FbjoSVff,2026-06-28,2
FbjoSVff,2026-07-01,1
FbjoSVff,2026-07-03,1
FbjoSVff,2026-07-06,1
FbjoSVff,2026-07-07,1
FbjoSVff,2026-07-12,2
FbjoSVff,2026-07-13,1
Fc2rJee9,2025-12-04,1
Fc4kOtIs,2024-12-27,1
FcLEVoDx,2025-06-27,3
FcLEVoDx,2025-07-08,1
FcXBxXAT,2025-09-23,1
FcXBxXAT,2025-09-24,2
FcXBxXAT,2025-09-28,1
FcXBxXAT,2025-09-29,1
Fd8akSJT,2025-06-05,1
Fdvawyb1,2026-07-04,1
FeqzU6X8,2025-04-24,1
FfCHNf5N,2025-07-17,1
Fg145Ppe,2026-04-10,1
Fh7yU1RZ,2025-08-01,1
FhoNQBPu,2025-03-15,1
FieGuKcI,2026-03-27,1
FjsrFWgB,2025-08-27,1
FjsrFWgB,2025-08-28,2
FjsrFWgB,2025-08-29,1
FjsrFWgB,2025-08-30,1
FjsrFWgB,2025-08-31,1
FjsrFWgB,2025-09-01,1
FjsrFWgB,2025-09-02,1
FjsrFWgB,2025-09-03,1
FjsrFWgB,2025-09-04,1
FjsrFWgB,2025-09-05,3
FjsrFWgB,2025-09-06,2
Fl229Lau,2025-07-30,1
Fl229Lau,2025-07-31,1
Fl229Lau,2025-08-01,1
Flnlsuvw,2026-06-23,1
Flnlsuvw,2026-06-24,1
Flnlsuvw,2026-06-27,2
Flnlsuvw,2026-06-28,1
Flnlsuvw,2026-06-29,2
Flnlsuvw,2026-07-08,2
Flnlsuvw,2026-07-10,1
Flnlsuvw,2026-07-12,1
Flpef9Mg,2026-08-19,4
Flpef9Mg,2026-08-20,1
Flpef9Mg,2026-08-21,1
Flpef9Mg,2026-08-22,3
Flpef9Mg,2026-08-23,2
Flpef9Mg,2026-08-25,2
Flpef9Mg,2026-08-28,2
Flpef9Mg,2026-08-29,1
Flpef9Mg,2026-08-30,2
Flpef9Mg,2026-08-31,11
Flpef9Mg,2026-09-01,1
Flpef9Mg,2026-09-02,1
Flpef9Mg,2026-09-03,5
Flpef9Mg,2026-09-04,4
Flpef9Mg,2026-09-05,1
Flpef9Mg,2026-09-06,4
Flpef9Mg,2026-09-07,2
Flpef9Mg,2026-09-08,4
Flpef9Mg,2026-09-09,3
Flpef9Mg,2026-09-10,14
Flpef9Mg,2026-09-11,1
Flpef9Mg,2026-09-13,10
Flpef9Mg,2026-09-14,6
Flpef9Mg,2026-09-15,2
Flpef9Mg,2026-09-16,3
Flpef9Mg,2026-09-17,6
Flpef9Mg,2026-09-18,6
Flpef9Mg,2026-09-19,8
Flpef9Mg,2026-09-20,4
Fm4LgIf8,2025-08-06,1
Fm8W3e2y,2025-08-19,2
Fmcude5C,2025-09-12,1
FoYxUHXT,2025-04-02,1
Fozndi6O,2026-03-14,1
Fp4kpENs,2025-10-01,1
Fp4kpENs,2025-10-06,2
Fp4kpENs,2025-10-12,3
Fp4kpENs,2025-10-13,1
Fp6E3lui,2026-05-01,6
Fp6E3lui,2026-05-02,6
Fp6E3lui,2026-05-03,3
Fp6E3lui,2026-05-04,2
Fp6E3lui,2026-05-09,4
Fp6E3lui,2026-05-10,1
Fp6E3lui,2026-05-11,2
FpMzPg0W,2026-06-23,5
FpMzPg0W,2026-06-24,4
FpMzPg0W,2026-06-25,3
FpMzPg0W,2026-06-26,6
FpMzPg0W,2026-06-27,2
FpMzPg0W,2026-06-28,4
FpMzPg0W,2026-06-29,8
FpMzPg0W,2026-07-01,4
FpMzPg0W,2026-07-02,1
FpMzPg0W,2026-07-03,4
FpMzPg0W,2026-07-04,3
FpMzPg0W,2026-07-05,2
FpMzPg0W,2026-07-06,5
FpMzPg0W,2026-07-07,2
FpMzPg0W,2026-07-08,6
FpMzPg0W,2026-07-09,5
FpMzPg0W,2026-07-10,3
FpMzPg0W,2026-07-11,5
FpMzPg0W,2026-07-12,10
FpMzPg0W,2026-07-13,13
FpMzPg0W,2026-07-14,4
FpMzPg0W,2026-07-15,17
FpMzPg0W,2026-07-16,1
FpbQVIJU,2025-06-28,5
FpbQVIJU,2025-06-29,4
FpbQVIJU,2025-07-06,5
FpbQVIJU,2025-07-13,9
FrdpnI8q,2026-06-16,2
FsLuyP6u,2025-07-25,1
FsUEEChZ,2026-01-05,1
FsUEEChZ,2026-01-17,1
Fu5ACVYL,2024-12-31,1
Fu5ACVYL,2025-01-17,3
Fu5ACVYL,2025-01-23,1
Fu5ACVYL,2025-01-27,1
Fu5ACVYL,2025-01-30,1
Fu7ppnzo,2025-12-31,1
FuR7bBKs,2026-04-17,1
FuR7bBKs,2026-04-26,1
FuR7bBKs,2026-05-09,1
FwUBjUzl,2026-01-02,1
FwjHnIKp,2025-10-17,1
FyHBWNxm,2025-02-09,1
FyHBWNxm,2025-02-12,1
Fz6LkGVr,2025-12-08,1
Fz6LkGVr,2025-12-09,1
Fz742WZf,2026-04-08,1
G0gHrzos,2026-06-26,1
G0gHrzos,2026-06-27,1
G0gHrzos,2026-07-14,1
G0hT35je,2025-04-28,2
G0moFVWu,2026-06-26,1
G0pksMRp,2026-02-10,2
G0pksMRp,2026-02-11,1
G0pksMRp,2026-02-13,1
G0pksMRp,2026-02-21,3
G10AeLXn,2026-03-25,1
G10oGi0Z,2025-06-13,1
G10oGi0Z,2025-06-17,1
G10oGi0Z,2025-06-21,1
G18E9TKM,2025-03-31,1
G1OACTaI,2025-10-04,4
G1OACTaI,2025-10-11,1
G1QTmo5W,2025-04-16,1
G1QTmo5W,2025-04-26,1
G2PhokRS,2025-05-07,1
G2QDebDn,2025-06-13,2
G2QDebDn,2025-06-19,1
G2QDebDn,2025-06-24,1
G2TVRynI,2025-05-17,1
G2afYdDz,2026-02-13,1
G2afYdDz,2026-02-18,1
G2afYdDz,2026-02-22,1
G2afYdDz,2026-02-23,1
G2afYdDz,2026-02-24,1
G2afYdDz,2026-02-26,1
G3pJgtwg,2025-06-16,1
G3x5ErTR,2024-12-31,1
G3x5ErTR,2025-01-04,28
G3x5ErTR,2025-01-08,1
G3x5ErTR,2025-01-13,1
G3x5ErTR,2025-01-14,21
G3x5ErTR,2025-01-15,12
G3x5ErTR,2025-01-17,1
G3x5ErTR,2025-01-21,20
G3x5ErTR,2025-01-22,3
G3x5ErTR,2025-01-24,2
G3x5ErTR,2025-01-29,2
G4Biy2gU,2025-11-29,1
G4Biy2gU,2025-12-23,1
G5BUlNvY,2025-07-18,1
G5YgUaao,2026-02-13,1
G5YgUaao,2026-02-15,1
G5YgUaao,2026-02-22,1
G5YgUaao,2026-02-23,1
G5YgUaao,2026-02-26,1
G5oskZaO,2025-12-28,1
G5oskZaO,2026-01-24,1
G5zvEetd,2025-01-01,1
G65PXrFK,2025-09-15,2
G65PXrFK,2025-09-16,1
G65PXrFK,2025-09-18,1
G65PXrFK,2025-09-22,1
G65PXrFK,2025-09-24,1
G65PXrFK,2025-09-29,1
G6Hdx3sN,2025-09-19,1
G6Re1msS,2025-05-05,1
G6VPLG63,2025-03-05,1
G6VPLG63,2025-03-06,1
G6jw8vsT,2025-11-26,1
G6jw8vsT,2025-11-27,1
G75LwfGg,2026-05-15,1
G75LwfGg,2026-05-21,1
G75LwfGg,2026-05-24,1
G75LwfGg,2026-05-25,1
G75LwfGg,2026-05-26,1
G75LwfGg,2026-05-27,1
G75LwfGg,2026-05-30,1
G75LwfGg,2026-06-01,1
G75LwfGg,2026-06-02,3
G7Aa4YqS,2025-12-30,1
G7Aa4YqS,2025-12-31,1
G7Aa4YqS,2026-01-01,1
G7Aa4YqS,2026-01-04,2
G7Aa4YqS,2026-01-08,1
G7Aa4YqS,2026-01-11,1
G7Aa4YqS,2026-01-12,3
G7Aa4YqS,2026-01-13,3
G7Aa4YqS,2026-01-15,3
G7Aa4YqS,2026-01-17,1
G7Aa4YqS,2026-01-18,1
G7Aa4YqS,2026-01-21,1
G7Aa4YqS,2026-01-23,1
G7Aa4YqS,2026-01-24,2
G7Aa4YqS,2026-01-29,1
G7Aa4YqS,2026-01-30,1
G7Aa4YqS,2026-01-31,1
G7Aa4YqS,2026-02-01,1
G7IHpCfT,2025-03-24,1
G7gTIkwx,2026-08-20,1
G7gTIkwx,2026-08-22,1
G7gTIkwx,2026-08-26,2
G7gTIkwx,2026-08-27,1
G7gTIkwx,2026-08-29,1
G7gTIkwx,2026-09-03,3
G7gTIkwx,2026-09-06,1
G7gTIkwx,2026-09-07,1
G7gTIkwx,2026-09-08,1
G7gTIkwx,2026-09-09,1
G7gTIkwx,2026-09-12,1
G7gTIkwx,2026-09-13,3
G7gTIkwx,2026-09-15,3
G7gTIkwx,2026-09-16,1
G7gTIkwx,2026-09-17,5
G7gTIkwx,2026-09-19,5
G7gTIkwx,2026-09-20,7
G7gTIkwx,2026-09-21,7
G88s82It,2025-09-14,1
G88s82It,2025-09-24,1
G8xc9mYt,2025-01-23,2
G9azftpu,2025-05-25,1
G9vNJj6y,2024-12-26,3
G9vNJj6y,2024-12-27,3
G9vNJj6y,2024-12-28,6
G9vNJj6y,2024-12-29,2
GA7MHnSa,2025-06-17,1
GAtWXZ4T,2025-07-30,1
GAtWXZ4T,2025-08-01,6
GBeKUZjb,2025-05-29,1
GBeKUZjb,2025-06-18,1
GCN3nI4H,2026-08-13,1
GCN3nI4H,2026-08-14,3
GCYI2JMM,2026-09-05,1
GCkbGFCi,2025-09-06,2
GDIyUdxZ,2025-05-01,4
GDIyUdxZ,2025-05-03,2
GDIyUdxZ,2025-05-10,1
GDIyUdxZ,2025-05-11,1
GDQFQtRX,2025-12-13,2
GFCZV9eO,2026-09-21,1
GGQgpqdY,2025-02-21,1
GH7KDxtA,2025-07-30,1
GH7KDxtA,2025-07-31,1
GH7KDxtA,2025-08-01,2
GH7KDxtA,2025-08-02,1
GH7KDxtA,2025-08-03,1
GH7KDxtA,2025-08-04,1
GH7KDxtA,2025-08-05,1
GH7KDxtA,2025-08-06,2
GH7KDxtA,2025-08-07,1
GHOaNCof,2025-02-15,2
GHOaNCof,2025-02-17,1
GHOaNCof,2025-02-18,1
GHOaNCof,2025-02-20,3
GHT9Y4Cj,2026-02-21,1
GHT9Y4Cj,2026-02-22,1
GHeHHDax,2026-07-16,1
GHeHHDax,2026-07-21,1
GHeHHDax,2026-07-22,1
GHeHHDax,2026-07-23,1
GHeHHDax,2026-07-25,1
GHeHHDax,2026-07-26,1
GHeHHDax,2026-08-06,1
GHeHHDax,2026-08-07,1
GHeHHDax,2026-08-15,1
GI7E75fv,2025-09-11,1
GIM8iNcW,2025-02-06,1
GIM8iNcW,2025-02-07,2
GJ9gfrLz,2026-02-19,1
GJ9gfrLz,2026-02-26,1
GJIzPU8N,2025-11-21,2
GJIzPU8N,2025-11-23,1
GJIzPU8N,2025-11-28,1
GK01y5Bn,2026-01-14,1
GKkmIylU,2025-12-11,1
GKkmIylU,2025-12-13,1
GKkmIylU,2025-12-21,1
GKkmIylU,2025-12-22,1
GKkmIylU,2025-12-24,1
GKkmIylU,2025-12-25,1
GKkmIylU,2025-12-26,1
GKlCuPHE,2025-05-02,2
GKlCuPHE,2025-05-14,1
GLNYTE8h,2025-04-26,1
GLNYTE8h,2025-04-28,1
GLNYTE8h,2025-04-29,23
GLNYTE8h,2025-04-30,14
GLWZMJtG,2026-05-18,1
GLWZMJtG,2026-06-03,1
GLWZMJtG,2026-06-07,1
GLWZMJtG,2026-06-08,1
GLWZMJtG,2026-06-09,1
GLWZMJtG,2026-06-11,1
GLWZMJtG,2026-06-14,1
GLWZMJtG,2026-06-15,1
GLWZMJtG,2026-06-17,1
GLWZMJtG,2026-06-20,1
GLWZMJtG,2026-06-22,1
GNPVFv86,2025-12-04,1
GNPVFv86,2025-12-20,1
GNoibz56,2025-11-03,1
GNskhF6h,2025-07-16,1
GNskhF6h,2025-07-26,1
GO0tkqlu,2025-08-19,1
GO0tkqlu,2025-08-25,1
GOGCd5xa,2026-03-17,1
GOGCd5xa,2026-03-18,1
GOlcSqTc,2026-03-07,1
GP7owqlK,2026-05-28,2
GP7owqlK,2026-06-01,1
GP7owqlK,2026-06-07,1
GPKgDcCv,2026-09-21,1
GPV3MvQL,2025-07-25,1
GPewH7d8,2025-11-21,4
GPewH7d8,2025-11-22,3
GPewH7d8,2025-11-23,3
GPewH7d8,2025-11-24,2
GPewH7d8,2025-11-25,2
GPewH7d8,2025-11-26,1
GPewH7d8,2025-11-27,2
GPewH7d8,2025-11-28,5
GPewH7d8,2025-11-29,1
GRZmCIzw,2026-05-24,1
GSGJh6OS,2025-05-24,1
GSyJ7WdA,2025-12-08,1
GSyJ7WdA,2025-12-11,1
GSyJ7WdA,2025-12-25,1
GVCOo547,2026-01-06,1
GVCOo547,2026-01-22,1
GVkGqUnM,2025-03-17,1
GVvYMCuQ,2025-11-02,1
GVvYMCuQ,2025-11-11,2
GVvYMCuQ,2025-11-17,1
GXRmr7Vi,2025-05-01,1
GXv5qf8c,2025-10-18,1
GXv5qf8c,2025-10-22,1
GXv5qf8c,2025-10-24,1
GXv5qf8c,2025-10-31,1
GY3oPrMs,2026-07-06,1
GYAa7rql,2025-11-01,1
GYNTxR43,2026-05-24,1
GYNTxR43,2026-06-06,1
GYNTxR43,2026-06-07,1
GYNTxR43,2026-06-10,1
GYNTxR43,2026-06-12,1
GYNTxR43,2026-06-13,2
GYNTxR43,2026-06-14,1
GYNTxR43,2026-06-15,1
GYexeC89,2025-09-11,1
GYlKgtLQ,2025-06-30,3
GYnA3QkZ,2025-09-20,1
GZBM6ckO,2025-12-05,2
GZBM6ckO,2025-12-06,2
GZBM6ckO,2025-12-08,3
GZBM6ckO,2025-12-11,1
GZBM6ckO,2025-12-14,1
GZBM6ckO,2025-12-27,1
GZot168M,2025-12-29,1
GZot168M,2025-12-30,1
GZot168M,2026-01-03,1
GZot168M,2026-01-04,2
GZot168M,2026-01-06,1
GZot168M,2026-01-07,1
GZot168M,2026-01-11,1
GZot168M,2026-01-19,1
GZot168M,2026-01-20,2
GZot168M,2026-01-23,1
GZot168M,2026-01-25,1
GZot168M,2026-01-28,2
GZot168M,2026-01-30,1
GZt4hOYv,2025-05-21,1
GaE69ZFt,2025-07-13,1
GaOCc3W4,2025-02-05,1
GaOCc3W4,2025-02-08,1
GaOCc3W4,2025-02-12,3
GaOCc3W4,2025-02-13,1
GaTbTRKb,2025-09-13,2
GaU1KJfT,2026-09-17,1
GakFzbtX,2025-04-30,1
GakFzbtX,2025-05-07,1
GbBNoWVi,2026-04-17,1
GbBNoWVi,2026-04-19,1
GbBNoWVi,2026-04-20,1
GbBNoWVi,2026-04-24,1
GbBNoWVi,2026-04-26,1
GbBNoWVi,2026-04-27,1
GbBNoWVi,2026-05-01,1
GbBNoWVi,2026-05-03,1
GbBNoWVi,2026-05-04,1
GbBNoWVi,2026-05-10,1
GbvJTjOF,2025-10-18,2
Gc7hYPBe,2025-05-03,1
Gc7hYPBe,2025-05-06,1
Gc7hYPBe,2025-05-07,1
Gc7hYPBe,2025-05-12,1
Gc8iQ74E,2025-01-13,1
GcgjEVuQ,2026-03-23,2
GcgjEVuQ,2026-03-24,4
GcgjEVuQ,2026-03-25,2
GcgjEVuQ,2026-03-26,2
GcgjEVuQ,2026-04-01,2
GcgjEVuQ,2026-04-03,3
GcgjEVuQ,2026-04-04,1
GcgjEVuQ,2026-04-05,1
GcgjEVuQ,2026-04-06,1
GcgjEVuQ,2026-04-10,1
GcgjEVuQ,2026-04-11,3
GcgjEVuQ,2026-04-12,1
GcgjEVuQ,2026-04-13,1
GcgjEVuQ,2026-04-14,1
GdNLZYn9,2025-08-19,1
Ge8MGIAC,2026-07-17,1
Ge8MGIAC,2026-08-04,1
Ge8MGIAC,2026-08-06,1
Ge8MGIAC,2026-08-15,1
Gfh93glM,2026-09-03,1
Gg6rkVA9,2024-12-31,1
Gg6rkVA9,2025-01-17,1
Gg6rkVA9,2025-01-31,1
Gg7Vq968,2025-02-03,1
GgbBMlC4,2025-04-10,2
GgyasXp5,2025-05-30,1
GhLf25RD,2026-04-23,2
GhLf25RD,2026-05-07,2
GhLf25RD,2026-05-08,1
GhO5Cqur,2025-04-18,2
GhO5Cqur,2025-04-25,1
GhO5Cqur,2025-04-26,1
GhWmXbkI,2026-05-19,1
GhWmXbkI,2026-05-22,1
GhWmXbkI,2026-05-24,1
GhWmXbkI,2026-06-07,1
GiONjsBP,2026-07-16,1
GiONjsBP,2026-07-18,2
GiONjsBP,2026-07-22,1
GiONjsBP,2026-07-30,1
GiONjsBP,2026-07-31,1
GiONjsBP,2026-08-01,1
GiONjsBP,2026-08-05,1
GiONjsBP,2026-08-10,2
GiONjsBP,2026-08-17,1
GiYhm2af,2026-09-05,1
GiYhm2af,2026-09-06,1
Gif2hE9l,2025-11-12,1
GikBxuGQ,2026-07-16,1
GikBxuGQ,2026-07-17,2
GikBxuGQ,2026-07-18,1
GikBxuGQ,2026-07-21,4
GikBxuGQ,2026-07-23,4
GikBxuGQ,2026-07-24,1
GikBxuGQ,2026-07-25,5
GikBxuGQ,2026-07-26,4
GikBxuGQ,2026-07-27,2
GikBxuGQ,2026-07-30,1
GikBxuGQ,2026-08-03,1
GikBxuGQ,2026-08-07,1
GikBxuGQ,2026-08-15,7
GilTiDoK,2025-03-22,1
Gili4bzr,2025-04-30,1
Gili4bzr,2025-05-01,2
Gili4bzr,2025-05-02,1
Gili4bzr,2025-05-04,3
Gili4bzr,2025-05-07,2
Gili4bzr,2025-05-09,1
Gili4bzr,2025-05-10,3
Gili4bzr,2025-05-13,1
Gj92ntBD,2025-07-17,1
GjwrtX7I,2025-10-06,1
GjwrtX7I,2025-10-09,1
GjwrtX7I,2025-10-10,1
Gk1qMoS3,2025-10-01,1
Gk1qMoS3,2025-10-14,1
Gk8gxCho,2026-08-18,1
Gk8gxCho,2026-08-19,1
Gk8gxCho,2026-09-07,1
Gk8gxCho,2026-09-20,1
GkmLKooB,2025-10-19,1
GkmLKooB,2025-10-23,1
GkmLKooB,2025-10-28,1
GkwDUhrN,2026-03-28,2
Glharsee,2025-11-18,1
Glharsee,2025-11-22,2
Glharsee,2025-11-24,1
Glharsee,2025-11-25,2
Glharsee,2025-11-26,3
Glharsee,2025-11-27,1
Glharsee,2025-11-28,3
GljjNRt0,2026-07-24,1
GljjNRt0,2026-08-03,1
GljjNRt0,2026-08-04,1
GljjNRt0,2026-08-09,1
GljjNRt0,2026-08-10,1
GljjNRt0,2026-08-15,2
GlwLa7Pj,2025-06-27,2
GlwLa7Pj,2025-06-28,3
GlwLa7Pj,2025-06-29,1
GlwLa7Pj,2025-06-30,2
GlwLa7Pj,2025-07-01,1
GlwLa7Pj,2025-07-02,1
GlwLa7Pj,2025-07-03,1
GlwLa7Pj,2025-07-04,1
GlwLa7Pj,2025-07-05,1
GlwLa7Pj,2025-07-06,1
GlwLa7Pj,2025-07-07,1
GlwLa7Pj,2025-07-08,1
GlwLa7Pj,2025-07-09,1
GlwLa7Pj,2025-07-10,2
GlwLa7Pj,2025-07-11,1
GlwLa7Pj,2025-07-13,2
Gm3SF7Xd,2025-12-04,1
Gm3SF7Xd,2025-12-12,1
Gm3SF7Xd,2025-12-20,1
GnQSQ3qB,2026-08-07,4
GnQSQ3qB,2026-08-08,1
GnQSQ3qB,2026-08-09,3
GnQSQ3qB,2026-08-10,2
GnQSQ3qB,2026-08-11,4
GnQSQ3qB,2026-08-12,4
GnQSQ3qB,2026-08-13,3
GnQSQ3qB,2026-08-14,2
GnQSQ3qB,2026-08-15,2
GnQSQ3qB,2026-08-16,4
GnQSQ3qB,2026-08-17,3
GnXC9SuK,2026-02-03,1
GnXC9SuK,2026-02-07,2
GnXC9SuK,2026-02-08,1
GnXC9SuK,2026-02-09,3
GnXC9SuK,2026-02-11,1
GnXC9SuK,2026-02-12,1
GnXC9SuK,2026-02-14,3
GnXC9SuK,2026-02-15,2
GnXC9SuK,2026-02-16,2
GnXC9SuK,2026-02-17,1
GnXC9SuK,2026-02-23,1
GnXC9SuK,2026-02-24,1
GnXC9SuK,2026-02-26,1
GnqLkn2h,2025-02-09,3
GnqLkn2h,2025-02-11,1
GnqLkn2h,2025-02-13,4
Go7iMWEw,2026-09-20,15
Go7iMWEw,2026-09-21,4
GpZtc9cF,2026-08-31,1
GpZtc9cF,2026-09-04,1
GpZtc9cF,2026-09-10,2
GpZtc9cF,2026-09-17,2
GpZtc9cF,2026-09-18,1
GpZtc9cF,2026-09-19,2
GpZtc9cF,2026-09-20,1
GpZtc9cF,2026-09-21,1
Gq9v7tUk,2026-02-24,1
Gq9v7tUk,2026-02-25,1
GqEHbvYB,2025-08-07,1
GqEHbvYB,2025-08-10,1
GqEHbvYB,2025-08-11,1
GqEHbvYB,2025-08-16,1
GqGYZgyw,2026-03-29,1
GqGYZgyw,2026-04-06,1
GsHXGIpq,2025-07-03,1
GsHXGIpq,2025-07-06,1
GsHXGIpq,2025-07-10,1
GsIfBP0s,2026-01-01,1
GsIfBP0s,2026-01-20,2
GszIf00J,2025-06-04,2
GszIf00J,2025-06-15,1
GszIf00J,2025-06-19,1
Gt3GJQD2,2025-04-30,3
Gt3GJQD2,2025-05-01,1
Gt3GJQD2,2025-05-03,2
Gt3GJQD2,2025-05-04,1
Gt3GJQD2,2025-05-05,1
Gt3GJQD2,2025-05-07,2
Gt3GJQD2,2025-05-08,1
Gt3GJQD2,2025-05-11,2
Gt3GJQD2,2025-05-12,1
Gt3GJQD2,2025-05-13,3
Gt3GJQD2,2025-05-14,1
Gtp5RglZ,2025-02-05,1
Gtp5RglZ,2025-02-08,1
Gu0tEXaN,2026-03-24,1
Gu0tEXaN,2026-03-26,1
Gu0tEXaN,2026-03-27,1
Gu0tEXaN,2026-04-04,1
Gu0tEXaN,2026-04-05,2
Gu0tEXaN,2026-04-11,1
Gu0tEXaN,2026-04-13,1
GukgDOyz,2026-03-23,1
GukgDOyz,2026-03-28,1
GukgDOyz,2026-04-01,1
GukgDOyz,2026-04-02,1
GukgDOyz,2026-04-06,1
GummxGDc,2025-08-26,1
GummxGDc,2025-09-05,1
Gup3w604,2025-09-26,1
Gup3w604,2025-09-27,1
GuvUZIAS,2025-02-09,1
GuvUZIAS,2025-02-11,1
Gv5HcHnn,2025-08-01,1
Gv5HcHnn,2025-08-05,1
GvEOK30V,2025-10-20,1
GvEOK30V,2025-10-24,1
GvEOK30V,2025-10-29,1
GvTjWChv,2025-11-23,1
GvtH1xjo,2026-03-23,1
GwXxNnhd,2025-02-09,2
Gx7uIQOM,2025-11-19,1
GzVqTFW2,2026-01-19,1
H0BzwQWt,2025-02-10,1
H0jgTglU,2025-12-04,1
H1pGv0EK,2025-05-31,2
H1yKxSQT,2025-03-21,1
H1yKxSQT,2025-03-23,1
H24FvKtP,2026-05-15,2
H24FvKtP,2026-05-16,1
H24FvKtP,2026-05-18,1
H24FvKtP,2026-05-19,2
H24FvKtP,2026-05-21,3
H24FvKtP,2026-05-24,2
H24FvKtP,2026-05-25,1
H24FvKtP,2026-05-26,1
H24FvKtP,2026-05-31,1
H24FvKtP,2026-06-02,1
H24FvKtP,2026-06-04,1
H24FvKtP,2026-06-05,2
H24FvKtP,2026-06-14,1
H24FvKtP,2026-06-16,1
H24FvKtP,2026-06-19,3
H2EZFlBF,2025-05-16,1
H2EZFlBF,2025-05-21,1
H2K7EdXv,2026-06-28,1
H2xRaKDV,2024-12-30,1
H3I03Jnv,2026-07-16,1
H3I03Jnv,2026-08-01,1
H3Ks2wDU,2026-06-23,2
H3Ks2wDU,2026-06-26,1
H3Ks2wDU,2026-06-28,1
H3Ks2wDU,2026-06-29,1
H3Ks2wDU,2026-06-30,1
H3Ks2wDU,2026-07-03,1
H3Ks2wDU,2026-07-06,1
H3Ks2wDU,2026-07-13,1
H3Ks2wDU,2026-07-15,1
H3TH79G0,2025-10-15,2
H3TH79G0,2025-10-28,1
H3kjfONz,2025-05-17,1
H3kjfONz,2025-05-18,4
H3kjfONz,2025-05-22,1
H3kjfONz,2025-05-24,1
H41wdboR,2026-05-15,1
H41wdboR,2026-05-16,2
H41wdboR,2026-05-17,2
H41wdboR,2026-05-18,1
H41wdboR,2026-05-19,3
H41wdboR,2026-05-20,1
H41wdboR,2026-05-22,3
H41wdboR,2026-05-23,1
H41wdboR,2026-05-24,4
H41wdboR,2026-05-27,3
H41wdboR,2026-05-29,2
H41wdboR,2026-05-30,1
H41wdboR,2026-05-31,1
H41wdboR,2026-06-03,2
H41wdboR,2026-06-07,3
H41wdboR,2026-06-08,2
H41wdboR,2026-06-10,2
H41wdboR,2026-06-11,1
H41wdboR,2026-06-15,3
H41wdboR,2026-06-16,2
H41wdboR,2026-06-18,1
H41wdboR,2026-06-19,1
H41wdboR,2026-06-21,4
H41wdboR,2026-06-22,1
H429J9vT,2026-04-17,1
H429J9vT,2026-04-19,2
H429J9vT,2026-04-23,4
H429J9vT,2026-05-01,5
H429J9vT,2026-05-02,1
H429J9vT,2026-05-07,1
H429J9vT,2026-05-13,1
H5V55Ixp,2025-02-21,1
H6ZJEqiL,2025-05-02,2
H6ZJEqiL,2025-05-09,1
H6mCStLz,2024-12-26,2
H6mCStLz,2024-12-31,1
H6zKYME7,2024-12-28,1
H8MI0wGa,2026-02-21,1
H8flo1z8,2025-05-30,1
H8flo1z8,2025-05-31,1
H8flo1z8,2025-06-04,1
H8flo1z8,2025-06-05,1
H8flo1z8,2025-06-09,1
H8kYl9Aw,2025-10-09,1
H8v5Pmu7,2025-09-06,1
H8v5Pmu7,2025-09-09,1
H8v5Pmu7,2025-09-10,2
H8v5Pmu7,2025-09-13,2
H92pFaZL,2026-07-06,2
H9A0twNY,2025-05-09,1
H9A0twNY,2025-05-13,1
H9sGLB7N,2025-10-05,1
HA9pxWwP,2025-06-14,1
HAJ8kEXZ,2025-02-17,4
HAJ8kEXZ,2025-02-18,1
HAJ8kEXZ,2025-02-19,2
HAJ8kEXZ,2025-02-20,2
HBBa3zDK,2026-05-17,1
HBBa3zDK,2026-05-20,1
HBBa3zDK,2026-06-06,1
HBC647JT,2025-09-15,1
HBC647JT,2025-09-16,1
HBC647JT,2025-09-17,1
HBC647JT,2025-09-18,1
HBC647JT,2025-09-19,1
HBC647JT,2025-09-20,2
HBC647JT,2025-09-21,1
HBC647JT,2025-09-22,2
HBC647JT,2025-09-23,2
HBC647JT,2025-09-24,1
HBC647JT,2025-09-25,1
HBC647JT,2025-09-26,1
HBC647JT,2025-09-27,1
HBC647JT,2025-09-28,2
HBC647JT,2025-09-29,1
HBC647JT,2025-09-30,3
HBC647JT,2025-10-01,1
HBK0YOa6,2026-04-19,1
HBReciSQ,2026-06-23,1
HBReciSQ,2026-07-04,1
HBdTd8Ui,2025-05-19,1
HBdTd8Ui,2025-05-22,1
HBwyLKDK,2025-10-04,1
HC7xxnZc,2025-10-19,1
HC7xxnZc,2025-10-20,1
HC7xxnZc,2025-10-22,1
HC7xxnZc,2025-10-23,1
HC7xxnZc,2025-10-24,1
HC7xxnZc,2025-10-26,1
HC7xxnZc,2025-10-27,1
HC7xxnZc,2025-10-29,3
HC7xxnZc,2025-10-30,1
HC7xxnZc,2025-10-31,2
HCVSFnqI,2025-07-16,1
HCiQU22F,2025-12-31,1
HD3aJekI,2025-11-14,3
HD3aJekI,2025-11-15,1
HDNfg06H,2025-05-03,1
HDNfg06H,2025-05-04,2
HDNsNzX1,2025-02-09,1
HDf7xZCi,2026-06-23,1
HDf7xZCi,2026-06-26,1
HDf7xZCi,2026-06-29,1
HDf7xZCi,2026-06-30,1
HDf7xZCi,2026-07-01,1
HDf7xZCi,2026-07-02,4
HDf7xZCi,2026-07-03,2
HDf7xZCi,2026-07-05,1
HDf7xZCi,2026-07-06,1
HDf7xZCi,2026-07-08,1
HDf7xZCi,2026-07-09,1
HDf7xZCi,2026-07-10,1
HDf7xZCi,2026-07-11,1
HDf7xZCi,2026-07-12,1
HDf7xZCi,2026-07-14,1
HEyNIfS5,2025-08-07,3
HEyNIfS5,2025-08-08,1
HEyNIfS5,2025-08-12,2
HEyNIfS5,2025-08-15,2
HEyNIfS5,2025-08-16,1
HEyNIfS5,2025-08-17,4
HEyNIfS5,2025-08-19,4
HEyNIfS5,2025-08-20,3
HEyNIfS5,2025-08-22,1
HEyNIfS5,2025-08-23,1
HEyNIfS5,2025-08-25,1
HF7V3Qt3,2025-11-15,2
HFX2AJ76,2026-04-19,1
HFX2AJ76,2026-05-02,1
HGFjQvWt,2025-11-13,1
HGLXC6ft,2025-09-10,1
HGtyJkk9,2026-08-24,1
HGtyJkk9,2026-08-27,1
HGtyJkk9,2026-08-31,1
HGtyJkk9,2026-09-01,1
HGtyJkk9,2026-09-02,1
HGtyJkk9,2026-09-05,4
HGtyJkk9,2026-09-06,5
HGtyJkk9,2026-09-08,1
HGtyJkk9,2026-09-09,1
HGtyJkk9,2026-09-10,1
HGtyJkk9,2026-09-12,3
HGtyJkk9,2026-09-13,4
HGtyJkk9,2026-09-15,1
HGtyJkk9,2026-09-17,1
HGtyJkk9,2026-09-18,1
HGtyJkk9,2026-09-19,8
HGtyJkk9,2026-09-20,12
HGtyJkk9,2026-09-21,5
HHQGINRp,2025-12-04,2
HHQGINRp,2025-12-18,1
HHQGINRp,2025-12-25,1
HHqJSN9i,2025-05-20,1
HHqJSN9i,2025-05-27,1
HI9WLCjh,2026-09-17,1
HI9WLCjh,2026-09-21,2
HItkUMfk,2025-02-19,1
HJ36KCr3,2025-02-26,1
HJRnGDu4,2026-08-20,1
HJRnGDu4,2026-09-14,1
HJfVpFer,2025-02-25,1
HJmPRNVi,2025-07-24,1
HJmPRNVi,2025-07-25,2
HKJiifc6,2026-03-16,1
HKJiifc6,2026-03-17,1
HKr9JUou,2026-07-18,2
HKr9JUou,2026-07-23,3
HKr9JUou,2026-07-24,2
HKr9JUou,2026-07-25,1
HKr9JUou,2026-07-27,1
HKr9JUou,2026-07-29,1
HKr9JUou,2026-07-31,1
HKr9JUou,2026-08-03,5
HKr9JUou,2026-08-04,2
HKr9JUou,2026-08-07,1
HKr9JUou,2026-08-08,2
HKr9JUou,2026-08-09,3
HKr9JUou,2026-08-12,2
HKr9JUou,2026-08-16,1
HLKDGl2G,2026-02-06,1
HLKDGl2G,2026-02-20,1
HLPNrWRi,2025-09-14,1
HLPNrWRi,2025-09-16,2
HLPNrWRi,2025-09-18,1
HLPNrWRi,2025-09-27,1
HLPNrWRi,2025-09-29,1
HMHzhauS,2026-02-03,1
HMHzhauS,2026-02-05,2
HMHzhauS,2026-02-09,1
HMHzhauS,2026-02-11,1
HMHzhauS,2026-02-16,1
HMHzhauS,2026-02-26,2
HMXonEd1,2026-07-24,2
HMXonEd1,2026-07-30,2
HMXonEd1,2026-07-31,1
HMXonEd1,2026-08-07,1
HMXonEd1,2026-08-15,2
HMXonEd1,2026-08-16,1
HMijXjVX,2026-04-17,1
HMijXjVX,2026-04-21,1
HMijXjVX,2026-04-22,1
HMijXjVX,2026-04-24,1
HMijXjVX,2026-04-28,1
HMijXjVX,2026-04-29,1
HMijXjVX,2026-05-01,1
HMijXjVX,2026-05-02,1
HMijXjVX,2026-05-04,1
HMijXjVX,2026-05-05,3
HMijXjVX,2026-05-09,1
HMijXjVX,2026-05-12,2
HMqRU9ze,2025-06-12,1
HNJTImK2,2026-05-24,3
HNJTImK2,2026-06-03,1
HNJTImK2,2026-06-06,1
HNJTImK2,2026-06-07,1
HNJTImK2,2026-06-09,1
HNJTImK2,2026-06-11,1
HNJTImK2,2026-06-13,1
HNJTImK2,2026-06-14,1
HNJTImK2,2026-06-15,1
HNJTImK2,2026-06-21,1
HNQutFB4,2026-03-27,2
HNQutFB4,2026-03-28,1
HNQutFB4,2026-03-30,1
HNQutFB4,2026-03-31,1
HNQutFB4,2026-04-01,1
HNQutFB4,2026-04-06,1
HNQutFB4,2026-04-08,1
HNQutFB4,2026-04-10,1
HNQutFB4,2026-04-11,1
HNQutFB4,2026-04-12,1
HNQutFB4,2026-04-14,1
HO1pJXkJ,2026-03-03,1
HO1pJXkJ,2026-03-09,1
HO1pJXkJ,2026-03-22,2
HO1pJXkJ,2026-03-31,2
HOOZTNpT,2025-09-14,1
HOOZTNpT,2025-09-17,2
HOOZTNpT,2025-09-22,1
HOOZTNpT,2025-09-23,2
HOOZTNpT,2025-09-25,1
HOOZTNpT,2025-09-28,2
HOOZTNpT,2025-09-29,1
HOOZTNpT,2025-09-30,2
HQXNhV6V,2026-08-17,2
HR77spow,2025-10-08,1
HR77spow,2025-10-10,1
HR77spow,2025-10-13,1
HR77spow,2025-10-14,1
HRRhMHwI,2025-05-16,1
HS5zRYpw,2026-06-21,1
HSNJggSH,2026-02-26,2
HTgHxfQ6,2026-03-23,2
HTgHxfQ6,2026-03-24,2
HTgHxfQ6,2026-03-25,1
HTgHxfQ6,2026-03-26,2
HTgHxfQ6,2026-03-27,2
HTgHxfQ6,2026-03-28,2
HTgHxfQ6,2026-03-29,2
HTgHxfQ6,2026-03-30,1
HTgHxfQ6,2026-03-31,3
HTgHxfQ6,2026-04-01,6
HTgHxfQ6,2026-04-02,3
HTgHxfQ6,2026-04-03,3
HTgHxfQ6,2026-04-04,3
HTgHxfQ6,2026-04-05,2
HTgHxfQ6,2026-04-06,3
HTgHxfQ6,2026-04-07,1
HTgHxfQ6,2026-04-08,1
HTgHxfQ6,2026-04-09,2
HTgHxfQ6,2026-04-10,1
HTgHxfQ6,2026-04-11,3
HTgHxfQ6,2026-04-12,2
HTgHxfQ6,2026-04-13,2
HTgHxfQ6,2026-04-14,1
HTgHxfQ6,2026-04-15,1
HU7ncg0F,2026-03-18,2
HUIhr5xK,2025-10-18,1
HUIhr5xK,2025-10-25,1
HUad3W99,2025-09-15,1
HUpLV283,2025-11-21,1
HUpLV283,2025-11-23,1
HV9A6den,2025-06-08,1
HVQ9WfjY,2025-11-08,1
HVQ9WfjY,2025-11-10,1
HVQ9WfjY,2025-11-17,1
HVYHjuRt,2025-03-29,1
HW9l9d5b,2025-02-12,1
HXVbatr0,2025-08-02,8
HXiXulVm,2025-11-18,2
HXiXulVm,2025-11-19,2
HXiXulVm,2025-11-20,2
HXiXulVm,2025-11-21,2
HXiXulVm,2025-11-22,4
HXiXulVm,2025-11-23,2
HXiXulVm,2025-11-24,2
HXiXulVm,2025-11-25,2
HXiXulVm,2025-11-26,2
HXiXulVm,2025-11-27,1
HXiXulVm,2025-11-28,3
HY0E8oho,2025-03-10,1
HYL8WUOt,2025-09-26,12
HYhqG5OX,2025-07-30,3
HZYaK7bu,2025-09-14,1
HZYaK7bu,2025-09-27,1
HZgXejXk,2026-02-27,1
HZgXejXk,2026-02-28,1
HZgXejXk,2026-03-12,1
HZgXejXk,2026-03-13,2
HZgXejXk,2026-03-20,1
Hag19KOS,2026-07-08,1
HahkIlHq,2025-11-29,1
HaqpHTbI,2025-08-27,1
HaqpHTbI,2025-08-31,1
Hbgf2NjL,2025-10-07,1
HcR64zU8,2025-07-24,1
HcRnYuNB,2025-05-19,1
Hd3rcUAZ,2025-01-17,1
HdunncZ5,2025-12-01,1
HdunncZ5,2025-12-04,1
HdunncZ5,2025-12-06,1
HdunncZ5,2025-12-08,1
HdunncZ5,2025-12-18,1
HeH2GW7i,2025-05-07,1
HfakiNe3,2026-05-30,1
HfdTn5fv,2025-06-27,1
HflonAvG,2026-02-13,1
HflonAvG,2026-02-20,1
Hgm2HNqw,2026-09-02,1
Hgm2HNqw,2026-09-09,1
Hgm2HNqw,2026-09-14,1
Hgz15meR,2026-07-12,1
Hh1qyPcU,2025-03-05,1
HhaP81s4,2025-10-19,1
HiQ9zSX7,2025-09-26,2
HiQ9zSX7,2025-09-27,1
Hjcb8o0M,2026-06-24,2
Hjcb8o0M,2026-07-05,1
Hjcb8o0M,2026-07-15,1
HjeNM00c,2025-03-10,1
HjeNM00c,2025-03-15,1
HjeNM00c,2025-03-18,1
Hjs0Yr4v,2026-03-07,1
Hjs0Yr4v,2026-03-09,2
Hjs0Yr4v,2026-03-16,1
Hjs0Yr4v,2026-03-18,1
Hjvj4j6i,2026-04-11,1
Hm3wgRGz,2025-09-14,1
Hm3wgRGz,2025-09-28,1
HmGdZLwA,2025-11-08,1
HmGdZLwA,2025-11-13,1
HmGdZLwA,2025-11-17,1
Hn8It70K,2025-03-21,1
HnIh4dQ2,2025-10-11,3
HnIh4dQ2,2025-10-12,1
HnIh4dQ2,2025-10-13,1
HnOgXO7o,2025-11-10,1
HnjtJP40,2025-11-18,1
HnjtJP40,2025-11-19,1
HntTGEf2,2025-03-01,2
HntTGEf2,2025-03-02,1
HntTGEf2,2025-03-03,2
HntTGEf2,2025-03-06,4
Hny5YPkc,2026-04-21,1
Ho2h9Z38,2025-05-25,1
HoNUt566,2026-01-09,1
HoNUt566,2026-01-16,1
HoNUt566,2026-01-23,1
HoyWY1WC,2025-05-28,1
HoyWY1WC,2025-05-30,1
HoyWY1WC,2025-06-03,1
HoyWY1WC,2025-06-06,2
HoyWY1WC,2025-06-08,2
HoyWY1WC,2025-06-11,1
HpEdlggR,2025-08-15,1
HrcugqqB,2026-04-18,1
HrcugqqB,2026-04-23,1
HrcugqqB,2026-05-02,1
HrcugqqB,2026-05-10,1
HrcugqqB,2026-05-14,2
Hrj3uwWi,2025-07-01,1
Hrj3uwWi,2025-07-10,1
Hrl7LAsy,2026-08-18,2
Hrl7LAsy,2026-08-19,6
Hrl7LAsy,2026-08-20,4
Hrl7LAsy,2026-08-21,2
Hrl7LAsy,2026-08-22,6
Hrl7LAsy,2026-08-23,1
Hrl7LAsy,2026-08-24,1
Hrl7LAsy,2026-08-25,1
Hrl7LAsy,2026-08-26,1
Hrl7LAsy,2026-08-27,4
Hrl7LAsy,2026-08-28,1
Hrl7LAsy,2026-08-29,1
Hrl7LAsy,2026-08-30,2
Hrl7LAsy,2026-09-02,4
Hrl7LAsy,2026-09-04,2
Hrl7LAsy,2026-09-05,4
Hrl7LAsy,2026-09-06,1
Hrl7LAsy,2026-09-08,2
Hrl7LAsy,2026-09-10,5
Hrl7LAsy,2026-09-11,3
Hrl7LAsy,2026-09-12,3
Hrl7LAsy,2026-09-13,9
Hrl7LAsy,2026-09-14,3
Hrl7LAsy,2026-09-15,2
Hrl7LAsy,2026-09-16,3
Hrl7LAsy,2026-09-17,4
Hrl7LAsy,2026-09-18,3
Hrl7LAsy,2026-09-19,5
Hrl7LAsy,2026-09-21,5
Hrpv55hB,2025-08-08,1
Hrpv55hB,2025-08-14,1
Hrpv55hB,2025-08-15,1
Hrpv55hB,2025-08-19,1
Hrpv55hB,2025-08-22,1
Hrpv55hB,2025-08-23,1
Hs25TCGW,2025-01-13,1
Hs25TCGW,2025-01-17,1
Hs25TCGW,2025-01-27,1
HsdxVP6m,2026-03-03,1
HsdxVP6m,2026-03-08,2
HsdxVP6m,2026-03-14,1
Hufr2yU8,2025-08-08,1
Hv2YFa8C,2025-01-19,1
HvS79j4w,2026-05-24,1
HvUJ0dqJ,2025-06-25,2
HvZEQStG,2026-04-09,1
HvZEQStG,2026-04-13,1
Hx1NOKuQ,2026-04-19,1
Hx1NOKuQ,2026-05-02,1
Hx1NOKuQ,2026-05-03,1
Hx1NOKuQ,2026-05-13,1
Hx3Q0MYs,2026-03-24,1
Hx3Q0MYs,2026-03-25,1
Hx3Q0MYs,2026-04-02,1
Hx3Q0MYs,2026-04-04,2
Hx3Q0MYs,2026-04-05,2
Hx3Q0MYs,2026-04-14,1
HxIwpdSf,2025-09-19,1
HxjVlj1p,2025-07-16,1
HzQaCA3N,2026-03-19,2
HzVaCsiP,2026-01-29,1
I0Z1s0ex,2025-06-20,1
I0gOE3YA,2026-06-01,1
I1eE6lFa,2025-08-23,1
I1eE6lFa,2025-08-25,1
I2lEK6tv,2025-05-20,1
I2lEK6tv,2025-06-24,1
I347RFMl,2026-06-27,4
I347RFMl,2026-06-29,1
I3nSuZE8,2024-12-28,1
I3oYNx6d,2025-04-21,1
I3oYNx6d,2025-04-22,1
I3yG7uuX,2025-05-22,1
I3yG7uuX,2025-05-23,2
I48KbEpP,2026-06-04,1
I48KbEpP,2026-06-20,1
I54fSzBz,2025-04-17,1
I54fSzBz,2025-04-18,1
I54fSzBz,2025-04-19,1
I54fSzBz,2025-04-20,1
I54fSzBz,2025-04-25,1
I5wXHk0o,2026-07-07,1
I6A9ir7U,2026-03-25,1
I7uSAgoD,2025-08-01,1
I7uSAgoD,2025-08-03,1
I7uSAgoD,2025-08-04,2
I7uSAgoD,2025-08-06,1
I8P3PlAJ,2025-09-13,1
I9nRBYgr,2026-03-16,1
IAK03b9C,2025-11-18,1
IAK03b9C,2025-11-19,1
IAK03b9C,2025-11-23,1
IAKsLVJS,2025-04-02,1
IAKsLVJS,2025-04-04,1
IAPUzlH6,2026-04-30,1
IArdTRH1,2025-06-06,1
IArdTRH1,2025-06-18,1
IArdTRH1,2025-06-20,1
IBA6ZhCu,2026-06-02,2
IBA6ZhCu,2026-06-04,1
IBA6ZhCu,2026-06-07,1
IBA6ZhCu,2026-06-16,1
IBTB0mxG,2026-04-04,1
IBeloe1V,2026-03-24,3
IBeloe1V,2026-04-03,1
IBfLfUxK,2025-05-19,1
IBjHlb5G,2025-06-13,1
IBjHlb5G,2025-06-15,1
IBjHlb5G,2025-06-16,1
IBjHlb5G,2025-06-17,1
ICYQXZUG,2026-01-08,1
IDWJhxnr,2025-12-01,1
IDWJhxnr,2025-12-10,1
IDWJhxnr,2025-12-13,1
IDWJhxnr,2025-12-14,1
IDWJhxnr,2025-12-15,1
IDo9BxBK,2026-05-27,1
IDo9BxBK,2026-05-29,1
IDo9BxBK,2026-06-01,2
IDo9BxBK,2026-06-03,2
IDux2yvj,2026-05-15,1
IDux2yvj,2026-05-18,1
IDux2yvj,2026-05-22,1
IEDYjcNM,2025-10-17,1
IEDYjcNM,2025-10-19,1
IEDYjcNM,2025-10-28,1
IEDYjcNM,2025-10-31,1
IEJgALT9,2025-04-06,1
IEJgALT9,2025-04-11,2
IETfyzJo,2025-11-22,1
IFOb23kf,2026-07-13,1
IFVPdNgJ,2026-08-20,1
IFVPdNgJ,2026-08-21,3
IG4nARBh,2025-08-26,1
IG4nARBh,2025-08-27,1
IG4nARBh,2025-08-30,1
IG4nARBh,2025-08-31,5
IG4nARBh,2025-09-03,1
IGst9zUG,2025-04-03,1
IIxaUQGe,2025-11-10,1
IIxaUQGe,2025-11-13,1
IIxaUQGe,2025-11-14,1
IIxaUQGe,2025-11-17,1
IKYCNlyC,2025-06-25,1
ILHWcdG6,2026-08-18,2
ILHWcdG6,2026-08-19,3
ILHWcdG6,2026-08-21,1
ILHWcdG6,2026-08-22,2
ILHWcdG6,2026-08-24,1
ILHWcdG6,2026-08-25,2
ILHWcdG6,2026-08-26,2
ILHWcdG6,2026-08-27,1
ILHWcdG6,2026-08-28,4
ILHWcdG6,2026-08-29,2
ILHWcdG6,2026-08-30,4
ILHWcdG6,2026-08-31,1
ILHWcdG6,2026-09-02,2
ILHWcdG6,2026-09-03,1
ILHWcdG6,2026-09-04,4
ILHWcdG6,2026-09-05,2
ILHWcdG6,2026-09-06,5
ILHWcdG6,2026-09-07,2
ILHWcdG6,2026-09-08,5
ILHWcdG6,2026-09-09,2
ILHWcdG6,2026-09-10,1
ILHWcdG6,2026-09-11,5
ILHWcdG6,2026-09-13,2
ILHWcdG6,2026-09-14,3
ILHWcdG6,2026-09-15,4
ILHWcdG6,2026-09-16,4
ILHWcdG6,2026-09-17,1
ILHWcdG6,2026-09-18,3
ILHWcdG6,2026-09-19,2
ILHWcdG6,2026-09-20,2
ILa9UusL,2025-10-06,1
ILa9UusL,2025-10-09,1
ILzGujeL,2026-04-22,1
ILzGujeL,2026-04-25,1
ILzGujeL,2026-04-30,1
ILzGujeL,2026-05-01,2
ILzGujeL,2026-05-02,1
ILzGujeL,2026-05-04,2
ILzGujeL,2026-05-09,2
ILzGujeL,2026-05-10,1
ILzGujeL,2026-05-14,1
IMLR7dyn,2025-04-10,1
IMQufQr7,2025-03-03,1
IN88NEFK,2025-07-15,1
IN88NEFK,2025-07-20,1
IN88NEFK,2025-07-25,1
INg0SRhq,2025-12-20,1
INg0SRhq,2025-12-24,1
IO1gfzEV,2025-11-24,2
IObda0o2,2026-02-27,1
IObda0o2,2026-03-04,1
IObda0o2,2026-03-06,1
IOt1Xewm,2026-02-12,1
IOt1Xewm,2026-02-17,1
IQ30rhqi,2026-02-28,1
IQEObK4Z,2026-02-27,1
IQEObK4Z,2026-03-03,1
IQEObK4Z,2026-03-06,3
IQEObK4Z,2026-03-08,1
IQEObK4Z,2026-03-09,1
IQEObK4Z,2026-03-10,1
IQEObK4Z,2026-03-13,1
IQEObK4Z,2026-03-14,2
IQEObK4Z,2026-03-15,1
IQEObK4Z,2026-03-17,2
IQEObK4Z,2026-03-19,2
IQEObK4Z,2026-03-20,1
IQm8qG38,2025-10-19,1
IQm8qG38,2025-10-26,1
IR1XJuIS,2025-11-29,1
IR1XJuIS,2025-11-30,1
IR1XJuIS,2025-12-01,2
IR1XJuIS,2025-12-02,1
IR1XJuIS,2025-12-04,1
IR1XJuIS,2025-12-05,1
IR1XJuIS,2025-12-06,1
IR1XJuIS,2025-12-07,1
IR1XJuIS,2025-12-08,3
IR1XJuIS,2025-12-10,1
IR1XJuIS,2025-12-12,1
IR1XJuIS,2025-12-13,1
IR1XJuIS,2025-12-18,1
IR1XJuIS,2025-12-21,1
IR1XJuIS,2025-12-22,1
IR7MNXuA,2026-06-23,1
IR7MNXuA,2026-07-12,1
IR7RaeUR,2026-06-07,1
IR7RaeUR,2026-06-10,1
IR7RaeUR,2026-06-19,1
IRN5IHXO,2026-08-22,1
IRN5IHXO,2026-09-21,1
ISWnBh2D,2025-06-27,2
ISWnBh2D,2025-07-02,1
ISWnBh2D,2025-07-11,1
ISjoqWou,2026-05-16,1
ISjoqWou,2026-05-24,34
ISjoqWou,2026-05-25,8
ISjoqWou,2026-05-26,14
ISjoqWou,2026-05-27,14
ISjoqWou,2026-05-28,12
ISjoqWou,2026-05-29,20
ISjoqWou,2026-05-30,13
ISjoqWou,2026-05-31,7
ISjoqWou,2026-06-01,12
ISjoqWou,2026-06-02,22
ISjoqWou,2026-06-03,8
ISjoqWou,2026-06-04,9
ISjoqWou,2026-06-05,22
ISjoqWou,2026-06-06,12
ISjoqWou,2026-06-07,15
ISjoqWou,2026-06-08,9
ISjoqWou,2026-06-09,3
ISjoqWou,2026-06-10,24
ISjoqWou,2026-06-11,18
ISjoqWou,2026-06-12,11
ISjoqWou,2026-06-13,1
ISjoqWou,2026-06-14,8
ISjoqWou,2026-06-15,25
ISjoqWou,2026-06-16,10
ISjoqWou,2026-06-17,10
ISjoqWou,2026-06-18,19
ISjoqWou,2026-06-19,23
ISjoqWou,2026-06-20,17
ISjoqWou,2026-06-21,14
ISjoqWou,2026-06-22,13
IStp5aa7,2025-08-25,2
ITSFuyem,2026-05-22,1
ITSFuyem,2026-05-23,1
ITSFuyem,2026-06-15,1
ITSFuyem,2026-06-21,1
ITgf4K8C,2025-02-13,1
IToMU5f2,2025-07-15,1
IToMU5f2,2025-07-18,1
IToMU5f2,2025-07-19,1
IToMU5f2,2025-07-24,1
IUdj9jhG,2025-12-29,1
IUdj9jhG,2026-01-11,1
IUdj9jhG,2026-01-16,1
IUdj9jhG,2026-01-18,1
IUdj9jhG,2026-01-21,1
IUdj9jhG,2026-01-27,1
IUwf1WGf,2025-08-24,1
IV3S4ay2,2025-05-31,1
IV6KXKqe,2025-03-08,1
IV8LAuy8,2026-01-08,1
IVN1B3Ca,2026-08-18,1
IVN1B3Ca,2026-08-19,1
IVN1B3Ca,2026-08-20,1
IVN1B3Ca,2026-08-21,1
IVN1B3Ca,2026-08-22,1
IVN1B3Ca,2026-08-23,1
IVN1B3Ca,2026-08-24,1
IVN1B3Ca,2026-08-25,1
IVN1B3Ca,2026-08-26,1
IVN1B3Ca,2026-08-27,1
IVN1B3Ca,2026-08-28,1
IVN1B3Ca,2026-08-29,1
IVN1B3Ca,2026-08-30,1
IVN1B3Ca,2026-08-31,1
IVN1B3Ca,2026-09-01,1
IVN1B3Ca,2026-09-02,1
IVN1B3Ca,2026-09-03,1
IVN1B3Ca,2026-09-04,2
IVN1B3Ca,2026-09-05,1
IVN1B3Ca,2026-09-06,1
IVN1B3Ca,2026-09-07,1
IVN1B3Ca,2026-09-08,1
IVN1B3Ca,2026-09-09,1
IVN1B3Ca,2026-09-10,1
IVN1B3Ca,2026-09-11,1
IVN1B3Ca,2026-09-12,1
IVN1B3Ca,2026-09-13,1
IVN1B3Ca,2026-09-14,1
IVN1B3Ca,2026-09-15,2
IVN1B3Ca,2026-09-16,1
IVN1B3Ca,2026-09-17,1
IVN1B3Ca,2026-09-18,1
IVN1B3Ca,2026-09-19,3
IVN1B3Ca,2026-09-20,2
IVfgeF8f,2025-09-20,1
IVfgeF8f,2025-09-26,1
IVsvZXgj,2026-08-20,1
IVsvZXgj,2026-08-22,1
IVsvZXgj,2026-08-23,1
IVsvZXgj,2026-08-24,1
IVsvZXgj,2026-08-25,8
IVsvZXgj,2026-08-27,1
IVsvZXgj,2026-09-03,2
IVsvZXgj,2026-09-07,1
IVsvZXgj,2026-09-08,1
IVsvZXgj,2026-09-11,1
IVsvZXgj,2026-09-13,1
IVsvZXgj,2026-09-15,2
IVsvZXgj,2026-09-16,1
IVsvZXgj,2026-09-17,3
IVsvZXgj,2026-09-18,2
IVsvZXgj,2026-09-19,2
IVsvZXgj,2026-09-20,2
IVsvZXgj,2026-09-21,1
IW04ZbCQ,2026-03-23,2
IW04ZbCQ,2026-03-24,2
IW04ZbCQ,2026-03-25,5
IW04ZbCQ,2026-03-26,3
IW04ZbCQ,2026-03-27,2
IW04ZbCQ,2026-03-28,4
IW04ZbCQ,2026-03-30,1
IW04ZbCQ,2026-04-04,3
IW04ZbCQ,2026-04-07,1
IW04ZbCQ,2026-04-09,1
IW04ZbCQ,2026-04-10,3
IW04ZbCQ,2026-04-13,1
IWuW2zpC,2025-10-09,1
IWuW2zpC,2025-10-14,1
IXBvSdzT,2025-05-21,1
IXBvSdzT,2025-05-25,1
IXcv0HwS,2026-03-14,1
IY0c66pG,2025-03-05,1
IY0c66pG,2025-03-06,1
IYHzjH5i,2026-09-08,1
IYHzjH5i,2026-09-10,1
IYHzjH5i,2026-09-12,1
IYHzjH5i,2026-09-15,1
IYHzjH5i,2026-09-17,1
IYHzjH5i,2026-09-18,1
IYHzjH5i,2026-09-19,3
IYHzjH5i,2026-09-20,2
IZ41WstF,2026-07-19,1
IZ41WstF,2026-07-24,2
IZ41WstF,2026-08-08,2
IZMZU5qm,2026-08-19,4
IZMZU5qm,2026-08-20,2
IZMZU5qm,2026-08-21,5
IZMZU5qm,2026-08-22,2
IZMZU5qm,2026-08-23,2
IZMZU5qm,2026-08-24,1
IZMZU5qm,2026-08-25,1
IZMZU5qm,2026-08-26,2
IZMZU5qm,2026-08-27,4
IZMZU5qm,2026-08-28,2
IZMZU5qm,2026-08-29,2
IZMZU5qm,2026-08-30,2
IZMZU5qm,2026-09-01,4
IZMZU5qm,2026-09-02,2
IZMZU5qm,2026-09-03,1
IZMZU5qm,2026-09-04,1
IZMZU5qm,2026-09-05,1
IZMZU5qm,2026-09-06,2
IZMZU5qm,2026-09-07,3
IZMZU5qm,2026-09-09,2
IZMZU5qm,2026-09-10,3
IZMZU5qm,2026-09-11,2
IZMZU5qm,2026-09-12,2
IZMZU5qm,2026-09-13,4
IZMZU5qm,2026-09-14,4
IZMZU5qm,2026-09-15,6
IZMZU5qm,2026-09-17,2
IZMZU5qm,2026-09-18,2
IZMZU5qm,2026-09-19,2
IZMZU5qm,2026-09-20,2
IZMZU5qm,2026-09-21,1
IZhNe1zj,2026-01-21,1
Ia75fric,2025-09-09,1
Ia75fric,2025-09-12,1
IadBV6wP,2026-04-28,2
IadBV6wP,2026-05-07,1
Iallnw6o,2026-01-03,1
Iallnw6o,2026-01-29,1
IbEriN4H,2025-03-24,1
IbEriN4H,2025-03-25,3
IbGyoLcC,2026-09-15,1
IbGyoLcC,2026-09-18,1
IbLQbPnk,2025-08-14,1
IbjgoT67,2025-09-12,4
IcDNjVFi,2025-09-02,1
Id7tLRzE,2025-12-08,1
Id9xg43V,2024-12-28,2
Id9xg43V,2024-12-29,4
Id9xg43V,2024-12-30,2
Id9xg43V,2024-12-31,2
Id9xg43V,2025-01-02,1
Id9xg43V,2025-01-06,1
Id9xg43V,2025-01-07,1
Id9xg43V,2025-01-10,1
Id9xg43V,2025-01-13,1
Id9xg43V,2025-01-15,1
Id9xg43V,2025-01-17,4
Id9xg43V,2025-01-18,1
Id9xg43V,2025-01-19,1
Id9xg43V,2025-01-20,2
Id9xg43V,2025-01-21,4
Id9xg43V,2025-01-23,3
Id9xg43V,2025-01-24,3
Id9xg43V,2025-01-25,1
Id9xg43V,2025-01-27,3
Id9xg43V,2025-01-28,2
Id9xg43V,2025-01-29,1
Id9xg43V,2025-01-30,1
Id9xg43V,2025-01-31,1
Id9xg43V,2025-02-01,1
Id9xg43V,2025-02-02,1
Id9xg43V,2025-02-03,1
IdBdLkJ5,2025-12-15,1
IdBdLkJ5,2025-12-23,1
IdLXkgiN,2026-08-22,1
IdLXkgiN,2026-08-23,2
IdLXkgiN,2026-09-03,3
IdLXkgiN,2026-09-04,1
IdLXkgiN,2026-09-05,3
IdLXkgiN,2026-09-07,1
IdLXkgiN,2026-09-09,1
IdLXkgiN,2026-09-12,2
IdLXkgiN,2026-09-15,7
IdLXkgiN,2026-09-16,2
IdLXkgiN,2026-09-17,5
IdLXkgiN,2026-09-18,1
IdLXkgiN,2026-09-19,6
IdLXkgiN,2026-09-20,18
IdLXkgiN,2026-09-21,32
IdQbWCzy,2026-07-04,1
IdQsFhrr,2026-08-08,1
IeQAzpPL,2025-09-18,1
IeR90B48,2025-04-18,1
IeR90B48,2025-04-25,2
IeR90B48,2025-04-26,1
If8XEwd6,2025-11-24,1
If8XEwd6,2025-11-28,1
IgDkYNpk,2025-11-29,2
IgDkYNpk,2025-12-01,3
IgDkYNpk,2025-12-03,1
IgDkYNpk,2025-12-04,2
IgDkYNpk,2025-12-07,2
IgDkYNpk,2025-12-08,1
IgDkYNpk,2025-12-09,2
IgDkYNpk,2025-12-10,3
IgDkYNpk,2025-12-13,1
IgDkYNpk,2025-12-17,1
IgDkYNpk,2025-12-18,2
IgDkYNpk,2025-12-23,1
IgDkYNpk,2025-12-26,1
IgDkYNpk,2025-12-27,4
IgT4RzQA,2025-08-08,1
IgT4RzQA,2025-08-09,1
IgT4RzQA,2025-08-10,1
IgjBdRtr,2026-03-23,2
IgjBdRtr,2026-03-24,2
IgjBdRtr,2026-03-25,1
IgjBdRtr,2026-03-26,2
IgjBdRtr,2026-03-27,1
IgjBdRtr,2026-03-28,3
IgjBdRtr,2026-03-29,2
IgjBdRtr,2026-04-01,1
IgjBdRtr,2026-04-05,1
IgjBdRtr,2026-04-06,1
IgjBdRtr,2026-04-09,1
IgjBdRtr,2026-04-10,3
IgjBdRtr,2026-04-11,1
IgjBdRtr,2026-04-14,1
IgjBdRtr,2026-04-15,1
IglXxh0F,2025-07-13,1
IgyX2oai,2025-02-21,1
IgyX2oai,2025-02-23,1
Ih1TaVKq,2024-12-28,1
IhbSImOV,2026-09-15,1
IhbSImOV,2026-09-19,1
IhbSImOV,2026-09-21,1
IjnYo2qg,2025-12-01,2
IjnYo2qg,2025-12-07,1
IjnYo2qg,2025-12-09,2
IjnYo2qg,2025-12-12,1
IjnYo2qg,2025-12-16,2
IjnYo2qg,2025-12-18,2
IjnYo2qg,2025-12-21,1
IjnYo2qg,2025-12-24,1
Ik2LNTDU,2024-12-29,1
Ik426bgE,2025-11-29,2
IkD3aaWR,2025-09-28,2
IkrUpmSt,2025-03-20,2
Il1JbAW8,2024-12-29,4
Il1JbAW8,2024-12-30,1
Il1JbAW8,2024-12-31,1
Il94iQHl,2026-08-14,1
IlQk9VQJ,2025-09-10,2
IlpZkEkR,2026-04-25,2
IlpZkEkR,2026-05-04,1
ImEgl1Ma,2025-02-16,1
ImEgl1Ma,2025-02-18,1
ImEgl1Ma,2025-02-19,1
ImEgl1Ma,2025-02-20,1
ImQAB3PU,2025-03-31,1
Imlc8RCV,2026-03-26,1
Imlc8RCV,2026-03-27,1
In34VtTW,2026-06-26,1
In34VtTW,2026-07-07,1
In34VtTW,2026-07-12,1
InAk9Q0X,2026-09-20,1
InPsDbih,2025-10-30,1
InRmyfaK,2025-02-20,1
IoMltLEc,2025-10-20,1
Ip7J9Ezq,2025-09-24,1
Iq349m8B,2025-07-02,1
Ir2spAYv,2025-06-10,1
Ir2spAYv,2025-06-11,1
IsGx2xse,2025-06-19,1
IsGx2xse,2025-06-20,1
IsGx2xse,2025-06-24,1
IsZVPitA,2026-02-26,1
IssBrrpo,2026-03-15,1
IssBrrpo,2026-03-16,2
IssBrrpo,2026-03-17,1
IssBrrpo,2026-03-21,1
It1ZzASL,2025-11-05,1
ItJ117dp,2025-10-04,1
ItJ117dp,2025-10-12,1
IthP0an9,2025-11-04,1
IthP0an9,2025-11-13,1
ItwPNtGI,2025-12-28,2
ItwPNtGI,2025-12-29,3
ItwPNtGI,2025-12-31,1
ItwPNtGI,2026-01-01,3
ItwPNtGI,2026-01-03,1
ItwPNtGI,2026-01-04,3
ItwPNtGI,2026-01-05,2
ItwPNtGI,2026-01-06,1
ItwPNtGI,2026-01-07,1
ItwPNtGI,2026-01-08,1
ItwPNtGI,2026-01-10,2
ItwPNtGI,2026-01-11,1
ItwPNtGI,2026-01-12,3
ItwPNtGI,2026-01-14,1
ItwPNtGI,2026-01-16,1
ItwPNtGI,2026-01-17,3
ItwPNtGI,2026-01-18,3
ItwPNtGI,2026-01-20,1
ItwPNtGI,2026-01-21,3
ItwPNtGI,2026-01-23,2
ItwPNtGI,2026-01-24,1
ItwPNtGI,2026-01-29,1
ItwPNtGI,2026-01-31,3
IvSdehlM,2025-10-05,1
IvSdehlM,2025-10-07,1
IvjV8AMp,2025-04-08,1
IvjV8AMp,2025-04-11,1
IwJ7gm4p,2025-02-14,1
IwuGmF6a,2026-08-30,1
IwuGmF6a,2026-09-18,1
IwuGmF6a,2026-09-20,1
Ix0paDXW,2025-07-30,1
Ix0paDXW,2025-08-01,1
Ix6HP69q,2026-06-30,1
IxbGSfWy,2026-05-19,1
IxbGSfWy,2026-06-05,1
IxbGSfWy,2026-06-12,1
IxbGSfWy,2026-06-20,1
Iy6WNL8t,2025-09-23,2
Iy6WNL8t,2025-09-24,1
Iy6WNL8t,2025-09-29,1
IyAHWgFc,2026-02-05,1
IyAHWgFc,2026-02-06,3
IyAHWgFc,2026-02-08,2
IyAHWgFc,2026-02-15,4
IyAHWgFc,2026-02-16,5
IyAHWgFc,2026-02-22,5
IyAHWgFc,2026-02-23,2
IyPBopfF,2026-09-13,2
IyPBopfF,2026-09-16,1
IyPBopfF,2026-09-17,3
IyPBopfF,2026-09-18,1
IyPBopfF,2026-09-19,1
IyPBopfF,2026-09-20,1
IzJwwNLf,2025-11-28,3
IzcRX9Px,2025-08-24,1
Izk3ipFm,2025-08-01,1
Izk3ipFm,2025-08-03,3
Izk3ipFm,2025-08-06,2
Izn6R5rY,2026-07-18,1
Izn6R5rY,2026-08-11,1
J0emEUHD,2026-04-01,2
J0emEUHD,2026-04-12,2
J0yeNrQ9,2025-06-24,1
J12x69J1,2026-02-20,1
J1ef5Zy4,2025-04-18,1
J1ef5Zy4,2025-04-27,1
J1psdabc,2025-02-05,1
J1vKJNtO,2026-05-15,1
J1vKJNtO,2026-05-16,1
J1vKJNtO,2026-06-01,2
J1vKJNtO,2026-06-10,2
J1vKJNtO,2026-06-19,1
J2P3GOcP,2026-03-05,4
J2P3GOcP,2026-03-06,1
J2P3GOcP,2026-03-07,1
J38UPPNK,2026-02-03,1
J38UPPNK,2026-02-05,2
J38UPPNK,2026-02-09,2
J38UPPNK,2026-02-10,2
J38UPPNK,2026-02-16,1
J38UPPNK,2026-02-17,1
J38UPPNK,2026-02-20,2
J38UPPNK,2026-02-21,2
J38UPPNK,2026-02-22,1
J38UPPNK,2026-02-26,2
J3Jc24NA,2025-03-21,1
J3Jc24NA,2025-03-24,1
J3aIiY90,2025-04-08,1
J4JXhiWv,2026-09-19,9
J4JXhiWv,2026-09-20,5
J4JXhiWv,2026-09-21,1
J4vXEL2D,2025-03-01,2
J4vXEL2D,2025-03-07,1
J4xD7kiW,2025-01-01,1
J4xD7kiW,2025-01-04,1
J4xD7kiW,2025-01-06,1
J4xD7kiW,2025-01-07,2
J4xD7kiW,2025-01-09,1
J4xD7kiW,2025-01-12,1
J4xD7kiW,2025-01-22,1
J4xD7kiW,2025-01-24,1
J4xD7kiW,2025-01-26,1
J4xD7kiW,2025-01-31,1
J4xD7kiW,2025-02-02,1
J4xD7kiW,2025-02-04,1
J5UxCOwB,2025-07-16,2
J5UxCOwB,2025-07-24,2
J5UxCOwB,2025-07-28,1
J5UxCOwB,2025-07-29,1
J6BZZcsM,2026-01-04,2
J6DJP34k,2025-11-15,1
J6IPC4YB,2026-09-10,1
J6IPC4YB,2026-09-20,1
J74VfsGJ,2026-06-02,1
J7JmnqUr,2026-03-24,1
J7JmnqUr,2026-03-28,1
J7JmnqUr,2026-03-31,1
J7JmnqUr,2026-04-01,2
J7iNvw3M,2025-03-10,1
J7iNvw3M,2025-03-11,1
J7iNvw3M,2025-03-12,2
J7iNvw3M,2025-03-13,1
J7iNvw3M,2025-03-14,2
J7iNvw3M,2025-03-15,2
J7iNvw3M,2025-03-16,2
J7iNvw3M,2025-03-17,2
J7iNvw3M,2025-03-18,1
J7iNvw3M,2025-03-19,1
J7q6HB5j,2025-02-03,1
J8twlfy0,2026-02-06,2
J8twlfy0,2026-02-08,1
J8twlfy0,2026-02-15,1
J8twlfy0,2026-02-16,2
J8twlfy0,2026-02-18,3
J8twlfy0,2026-02-19,1
J8twlfy0,2026-02-20,1
J8twlfy0,2026-02-21,2
J8twlfy0,2026-02-23,2
J8twlfy0,2026-02-25,1
J8twlfy0,2026-02-26,1
J9GaGMOj,2025-05-09,1
J9nm3Fan,2025-11-19,2
J9nm3Fan,2025-11-20,1
J9nm3Fan,2025-11-23,1
J9nm3Fan,2025-11-24,2
JAY3mfVh,2025-06-02,1
JAfpqcPr,2026-02-04,1
JAfpqcPr,2026-02-07,1
JAfpqcPr,2026-02-08,1
JAfpqcPr,2026-02-10,1
JAfpqcPr,2026-02-11,1
JAfpqcPr,2026-02-12,1
JAfpqcPr,2026-02-14,3
JAfpqcPr,2026-02-15,1
JAfpqcPr,2026-02-20,1
JAkKzNsB,2026-09-07,1
JAkKzNsB,2026-09-08,2
JAkKzNsB,2026-09-09,1
JAkKzNsB,2026-09-15,1
JAkKzNsB,2026-09-20,1
JAkKzNsB,2026-09-21,4
JApmixcO,2025-09-07,1
JApmixcO,2025-09-08,1
JApmixcO,2025-09-09,1
JBdS9Uzo,2025-02-08,1
JBwwjam8,2026-02-04,2
JBwwjam8,2026-02-05,1
JBwwjam8,2026-02-06,2
JBwwjam8,2026-02-07,1
JBwwjam8,2026-02-09,3
JBwwjam8,2026-02-10,1
JBwwjam8,2026-02-12,1
JBwwjam8,2026-02-13,1
JBwwjam8,2026-02-16,2
JBwwjam8,2026-02-17,1
JBwwjam8,2026-02-19,1
JBwwjam8,2026-02-20,1
JBwwjam8,2026-02-21,1
JBwwjam8,2026-02-23,1
JBwwjam8,2026-02-24,1
JBwwjam8,2026-02-25,2
JBwwjam8,2026-02-26,2
JC3xyqXZ,2025-03-22,2
JCdtjPNu,2026-08-21,1
JCdtjPNu,2026-08-24,3
JCdtjPNu,2026-09-06,1
JDjnaMAS,2025-12-30,1
JDjnaMAS,2026-01-01,1
JDjnaMAS,2026-01-03,1
JDjnaMAS,2026-01-09,1
JE6kxiRg,2026-08-30,1
JE6kxiRg,2026-08-31,1
JE6kxiRg,2026-09-05,1
JE6kxiRg,2026-09-06,1
JE6kxiRg,2026-09-07,1
JE6kxiRg,2026-09-13,1
JF24xZ1r,2026-01-20,1
JF44sKLE,2026-08-25,1
JF44sKLE,2026-08-30,1
JF44sKLE,2026-09-15,1
JF44sKLE,2026-09-21,1
JGIyzMjf,2026-08-01,1
JHCg5Eu2,2026-05-22,1
JHCg5Eu2,2026-06-02,2
JHNV14AO,2026-06-25,1
JHNV14AO,2026-06-28,1
JHNV14AO,2026-07-03,1
JHPrtOC0,2026-03-23,1
JHPrtOC0,2026-03-25,1
JHPrtOC0,2026-03-27,1
JJJosIvJ,2025-12-04,1
JJJosIvJ,2025-12-23,1
JJoGV98I,2025-03-01,12
JJoGV98I,2025-03-02,14
JJoGV98I,2025-03-03,8
JJoGV98I,2025-03-04,3
JJoGV98I,2025-03-06,6
JJoGV98I,2025-03-08,10
JKAXRdhI,2025-09-09,1
JKAXRdhI,2025-09-10,1
JKtVptcu,2026-09-21,5
JL8L22no,2026-03-20,1
JLBjfizl,2025-09-12,1
JLBjfizl,2025-09-13,6
JLBy6aFE,2025-06-26,1
JLcVlfX8,2025-07-05,1
JLll6j4x,2025-02-11,1
JLll6j4x,2025-02-13,1
JLyshOsa,2025-08-25,1
JMNybcNF,2025-02-14,2
JMNybcNF,2025-02-15,2
JMNybcNF,2025-02-16,1
JMNybcNF,2025-02-17,6
JMc1NSuk,2025-07-18,1
JMc1NSuk,2025-07-20,1
JMc1NSuk,2025-07-25,1
JMc1NSuk,2025-07-28,1
JMmgZe7B,2026-07-18,3
JMmgZe7B,2026-07-20,1
JMmgZe7B,2026-07-24,1
JMmgZe7B,2026-07-25,2
JMmgZe7B,2026-07-26,1
JN99AGlY,2025-07-30,1
JN99AGlY,2025-08-03,1
JN99AGlY,2025-08-05,1
JNkTywYV,2025-08-27,1
JOG2NGUR,2026-02-23,1
JPLTXD5A,2026-06-19,1
JPXtgAjh,2026-04-13,1
JPf1nyVR,2025-11-23,1
JPf1nyVR,2025-11-24,1
JPf1nyVR,2025-11-27,1
JQKSEStt,2026-06-26,1
JQKSEStt,2026-07-06,2
JQKSEStt,2026-07-12,2
JQcs0Jkn,2026-01-29,1
JR6Bw218,2026-04-16,1
JR6Bw218,2026-04-17,1
JR6Bw218,2026-04-19,1
JR6Bw218,2026-04-21,1
JR6Bw218,2026-04-27,1
JR6Bw218,2026-04-28,1
JR6Bw218,2026-04-29,1
JR6Bw218,2026-05-01,2
JR6Bw218,2026-05-03,2
JR6Bw218,2026-05-04,2
JR6Bw218,2026-05-05,2
JR6Bw218,2026-05-08,2
JR6Bw218,2026-05-09,1
JR6Bw218,2026-05-12,1
JRPAhnQk,2026-08-21,1
JRPAhnQk,2026-09-11,1
JRPAhnQk,2026-09-12,1
JRWojNOC,2025-02-05,2
JSY5Z9nt,2026-06-24,3
JSY5Z9nt,2026-06-26,1
JSY5Z9nt,2026-06-30,1
JSY5Z9nt,2026-07-01,2
JSY5Z9nt,2026-07-05,1
JSY5Z9nt,2026-07-06,1
JSY5Z9nt,2026-07-07,1
JSY5Z9nt,2026-07-10,1
JShsJiRI,2026-08-17,1
JSnzAQgg,2025-03-20,1
JTrEYikB,2026-09-04,1
JTrEYikB,2026-09-05,1
JTrEYikB,2026-09-08,1
JTrEYikB,2026-09-17,1
JTrEYikB,2026-09-18,1
JTrEYikB,2026-09-19,1
JTrEYikB,2026-09-20,3
JUErnfTn,2025-11-25,1
JUKmPVXL,2025-02-16,2
JUKmPVXL,2025-02-17,1
JUfawEdN,2026-02-19,1
JV34PTsk,2026-06-14,1
JVDgC6A9,2026-05-20,1
JVDgC6A9,2026-05-23,1
JVDgC6A9,2026-05-29,1
JVDgC6A9,2026-06-01,1
JVDgC6A9,2026-06-11,1
JVeZlJWB,2025-05-18,1
JW5WUOE7,2025-02-08,1
JW5WUOE7,2025-02-11,1
JWmjUsG6,2026-01-01,1
JWmjUsG6,2026-01-15,1
JWmjUsG6,2026-01-17,1
JWmjUsG6,2026-01-20,1
JWmjUsG6,2026-01-23,1
JWmjUsG6,2026-01-24,2
JWmjUsG6,2026-01-25,1
JWmjUsG6,2026-01-27,2
JWmjUsG6,2026-01-30,2
JYe4BEu9,2025-06-12,1
JZ7BTdOT,2025-06-15,1
JZ7BTdOT,2025-06-16,1
JZ7BTdOT,2025-06-23,1
JZ7BTdOT,2025-06-25,1
JZ7BTdOT,2025-06-26,1
Ja0lDGlP,2025-06-06,1
Ja0lDGlP,2025-06-10,1
Ja0lDGlP,2025-06-11,2
Ja0lDGlP,2025-06-26,1
Ja216LRB,2025-08-24,1
Ja9kFoxK,2024-12-26,1
Ja9kFoxK,2024-12-29,1
JaEkQDgV,2025-03-07,2
JaEkQDgV,2025-03-08,4
JaEkQDgV,2025-03-09,2
JaIFy3Ar,2026-04-25,1
JaIFy3Ar,2026-04-26,1
JaIFy3Ar,2026-05-09,1
JarzBO5t,2026-04-14,1
JcpxY2f7,2026-06-23,14
JcpxY2f7,2026-06-25,16
JcpxY2f7,2026-06-27,15
Jd4lePlv,2026-03-14,1
JdSbuEiM,2025-11-29,1
JdSbuEiM,2025-12-01,1
JdSbuEiM,2025-12-04,3
JdSbuEiM,2025-12-08,5
JdSbuEiM,2025-12-09,1
JdSbuEiM,2025-12-10,1
JdSbuEiM,2025-12-13,1
JdSbuEiM,2025-12-14,1
JdSbuEiM,2025-12-15,1
JdSbuEiM,2025-12-17,1
JdSbuEiM,2025-12-20,1
JdSbuEiM,2025-12-23,1
JdSbuEiM,2025-12-24,1
JdSbuEiM,2025-12-25,2
JdW17oHz,2025-08-07,1
JdW17oHz,2025-08-08,1
JdW17oHz,2025-08-10,1
JdWVYXIY,2025-05-18,1
JdWVYXIY,2025-05-19,2
JdWVYXIY,2025-05-23,1
JdWVYXIY,2025-05-24,1
JdvIMql8,2026-02-08,1
JdvIMql8,2026-02-12,2
JdvIMql8,2026-02-20,1
JdvIMql8,2026-02-26,1
JedZvb7N,2026-05-16,1
JedZvb7N,2026-06-07,1
JedZvb7N,2026-06-09,1
JedZvb7N,2026-06-11,1
JedZvb7N,2026-06-14,1
JedZvb7N,2026-06-17,1
JedZvb7N,2026-06-20,1
JerqFqZp,2026-06-27,1
JerqFqZp,2026-06-29,1
JerqFqZp,2026-07-01,1
JerqFqZp,2026-07-04,1
JerqFqZp,2026-07-07,1
JerqFqZp,2026-07-10,1
Jf3TyMy4,2025-09-10,1
Jg6hGIGQ,2026-07-06,1
JgRYnmjw,2026-02-04,1
JgRYnmjw,2026-02-15,1
JgRYnmjw,2026-02-23,1
JgeyQTWt,2026-08-18,1
JgeyQTWt,2026-08-24,1
JgeyQTWt,2026-08-31,1
JgeyQTWt,2026-09-20,1
JgiMePXw,2025-02-24,1
JgoxX0OC,2026-02-18,1
JgoxX0OC,2026-02-26,1
JgzdjKlp,2025-04-01,1
JhmNgLH9,2025-09-15,1
Ji3veT9j,2025-07-12,1
JiNOYUk3,2025-12-29,1
JiNOYUk3,2025-12-31,1
JiNOYUk3,2026-01-01,1
JiNOYUk3,2026-01-10,1
JiNOYUk3,2026-01-13,1
JiNOYUk3,2026-01-20,1
JiNOYUk3,2026-01-27,1
JiNOYUk3,2026-01-30,1
JihxQVJ8,2026-06-12,1
JjDV0KBf,2025-05-09,1
JjFAUmjI,2025-10-01,1
JjawyYAZ,2026-04-17,1
JjawyYAZ,2026-04-22,2
JjawyYAZ,2026-04-28,3
JjawyYAZ,2026-05-01,1
JjawyYAZ,2026-05-04,1
JjawyYAZ,2026-05-06,1
JjawyYAZ,2026-05-09,1
JjdpDz16,2026-07-17,1
JjdpDz16,2026-08-09,1
JjdpDz16,2026-08-15,1
JjiLuErt,2025-10-01,1
JjiLuErt,2025-10-07,1
JjiLuErt,2025-10-12,1
JjiLuErt,2025-10-13,1
Jl5ARGXD,2025-05-28,1
Jl5ARGXD,2025-06-03,1
JlF8J98B,2026-04-18,1
JlF8J98B,2026-04-21,1
JlF8J98B,2026-04-29,1
JlF8J98B,2026-05-01,1
JlF8J98B,2026-05-04,1
JlF8J98B,2026-05-05,1
JlF8J98B,2026-05-12,1
JlsUiTJ0,2025-08-16,2
JlsUiTJ0,2025-08-19,1
JmZGDNlV,2025-05-04,1
JoSxpveQ,2026-07-17,1
JoSxpveQ,2026-07-18,1
JoSxpveQ,2026-07-24,1
JoSxpveQ,2026-07-26,1
JoSxpveQ,2026-08-01,1
JoSxpveQ,2026-08-08,1
JoSxpveQ,2026-08-13,1
JoSxpveQ,2026-08-15,1
JqRM5XmE,2025-04-27,1
JqqFPAUJ,2025-05-04,1
JqqFPAUJ,2025-05-06,2
Jr8KPA3O,2025-10-12,1
JrVnXyYP,2026-01-11,1
Jrvw0F5h,2025-07-18,2
Jrvw0F5h,2025-07-19,2
Jrvw0F5h,2025-07-21,1
Jrvw0F5h,2025-07-22,1
Jrvw0F5h,2025-07-23,3
Jrvw0F5h,2025-07-24,1
Jrvw0F5h,2025-07-25,1
Jrvw0F5h,2025-07-26,1
Jrvw0F5h,2025-07-28,2
JsorX1Wt,2025-02-22,1
JtFBV6dx,2025-10-01,1
JtFBV6dx,2025-10-04,1
JtFBV6dx,2025-10-05,1
JtFBV6dx,2025-10-10,1
JtFBV6dx,2025-10-11,1
JtFBV6dx,2025-10-14,2
JtQ3A99t,2025-05-16,1
Ju3CPPXs,2026-07-19,1
Ju3CPPXs,2026-07-30,1
Ju3CPPXs,2026-08-13,1
Ju3CPPXs,2026-08-17,1
JuSnbPw2,2025-11-19,1
JuSnbPw2,2025-11-23,1
JuSnbPw2,2025-11-24,1
JuSnbPw2,2025-11-27,1
JuZXj6d8,2025-05-21,1
Jue8uWQL,2026-03-25,1
Jue8uWQL,2026-04-07,1
JvGYaH9F,2025-08-30,1
JvGYaH9F,2025-08-31,1
JvGYaH9F,2025-09-04,1
JvJ3AnqN,2025-07-20,1
JviSkPV8,2025-10-11,1
Jw4QpcNs,2025-04-26,1
JwpGpweA,2026-03-23,2
JwpGpweA,2026-03-24,2
JwpGpweA,2026-03-25,2
JwpGpweA,2026-03-26,3
JwpGpweA,2026-03-27,2
JwpGpweA,2026-03-28,3
JwpGpweA,2026-03-29,2
JwpGpweA,2026-03-30,2
JwpGpweA,2026-03-31,2
JwpGpweA,2026-04-01,2
JwpGpweA,2026-04-02,2
JwpGpweA,2026-04-03,2
JwpGpweA,2026-04-04,2
JwpGpweA,2026-04-05,2
JwpGpweA,2026-04-06,2
JwpGpweA,2026-04-07,2
JwpGpweA,2026-04-08,2
JwpGpweA,2026-04-09,2
JwpGpweA,2026-04-10,2
JwpGpweA,2026-04-11,2
JwpGpweA,2026-04-12,2
JwpGpweA,2026-04-13,2
JwpGpweA,2026-04-14,2
JwpGpweA,2026-04-15,2
Jx41tOh9,2025-01-24,1
JxAHZLwV,2025-08-07,1
JxAHZLwV,2025-08-08,1
JxAHZLwV,2025-08-09,1
JxAHZLwV,2025-08-10,3
JxAHZLwV,2025-08-15,4
JxAHZLwV,2025-08-16,2
JxAHZLwV,2025-08-17,1
JxAHZLwV,2025-08-18,2
JxAHZLwV,2025-08-19,2
JxAHZLwV,2025-08-21,2
JxAHZLwV,2025-08-22,3
JxAHZLwV,2025-08-23,1
JxAHZLwV,2025-08-24,2
JxAHZLwV,2025-08-25,1
JxhYII9Y,2026-05-16,1
JxhYII9Y,2026-05-17,2
JyUhq9dL,2026-02-03,1
JyUhq9dL,2026-02-10,1
JyUhq9dL,2026-02-17,1
JyUhq9dL,2026-02-20,1
Jz19wBQf,2025-08-17,1
Jz19wBQf,2025-08-19,1
Jz8iqw9R,2025-01-09,1
JzTdvaRE,2026-05-16,1
JzTdvaRE,2026-05-19,1
JzTdvaRE,2026-05-27,1
JzTdvaRE,2026-05-29,4
JzTdvaRE,2026-05-30,2
JzTdvaRE,2026-06-04,1
JzTdvaRE,2026-06-07,1
JzTdvaRE,2026-06-20,2
K0N17Mki,2025-04-16,1
K0N17Mki,2025-04-25,2
K0xLvo3q,2025-09-10,1
K157m0dd,2026-07-01,1
K157m0dd,2026-07-02,1
K157m0dd,2026-07-03,1
K157m0dd,2026-07-07,1
K157m0dd,2026-07-08,1
K157m0dd,2026-07-10,2
K1CaFMHZ,2025-06-04,7
K1CaFMHZ,2025-06-05,1
K1UhIdmT,2025-08-05,1
K1fuMdTu,2026-03-27,1
K1fuMdTu,2026-03-29,2
K1fuMdTu,2026-04-10,1
K1fuMdTu,2026-04-14,1
K1qRSFoF,2025-12-01,1
K1qRSFoF,2025-12-03,2
K1qRSFoF,2025-12-04,7
K1qRSFoF,2025-12-05,1
K1qRSFoF,2025-12-07,4
K1qRSFoF,2025-12-08,1
K1qRSFoF,2025-12-16,3
K1qRSFoF,2025-12-20,6
K1qRSFoF,2025-12-24,1
K1qRSFoF,2025-12-25,1
K1qcxhcf,2026-04-09,1
K1qcxhcf,2026-04-10,1
K32lnkvW,2026-04-04,1
K32lnkvW,2026-04-10,3
K32lnkvW,2026-04-15,1
K3NReGUP,2025-02-14,2
K3lsZW4G,2025-05-17,2
K3lsZW4G,2025-05-27,1
K3sIIIie,2026-04-17,1
K3sIIIie,2026-04-24,1
K3sIIIie,2026-04-26,1
K3sIIIie,2026-04-29,1
K3sIIIie,2026-04-30,1
K3sIIIie,2026-05-03,2
K3sIIIie,2026-05-06,1
K3sIIIie,2026-05-08,1
K3sIIIie,2026-05-09,1
K3sIIIie,2026-05-13,1
K510f81T,2026-04-17,1
K510f81T,2026-05-09,1
K5G6xj1z,2025-04-27,1
K5KSE28a,2025-08-16,1
K5jYKoxj,2026-09-18,1
K5jYKoxj,2026-09-20,3
K5jYKoxj,2026-09-21,1
K5k2Mjad,2025-01-13,1
K5ovlHRv,2026-09-04,1
K5ovlHRv,2026-09-07,1
K5ovlHRv,2026-09-09,1
K5ovlHRv,2026-09-10,1
K5ovlHRv,2026-09-16,1
K5ovlHRv,2026-09-20,3
K5ovlHRv,2026-09-21,2
K6K1WOAa,2026-06-19,1
K6aF7A9P,2025-11-10,1
K6lp5FA0,2025-09-07,1
K6lp5FA0,2025-09-12,1
K7CnEEzU,2025-08-20,2
K7CnEEzU,2025-08-21,1
K7CnEEzU,2025-08-23,1
K7W1YGn9,2025-09-17,1
K9fnXc4g,2025-11-30,2
K9fnXc4g,2025-12-04,1
K9fnXc4g,2025-12-05,1
K9fnXc4g,2025-12-06,1
K9fnXc4g,2025-12-08,1
K9fnXc4g,2025-12-11,1
K9fnXc4g,2025-12-12,1
K9fnXc4g,2025-12-25,3
K9fnXc4g,2025-12-26,1
K9fnXc4g,2025-12-27,2
K9rgWSnU,2026-04-17,1
K9rgWSnU,2026-05-05,1
K9rgWSnU,2026-05-14,1
K9sacU91,2025-03-03,1
K9sacU91,2025-03-09,1
KALgvpqg,2025-08-18,1
KALgvpqg,2025-08-21,1
KALgvpqg,2025-08-23,1
KBk5VLAt,2025-12-29,1
KBvWd2ak,2025-02-13,1
KByoK2Qk,2026-08-03,1
KC36rmRF,2026-08-24,1
KC36rmRF,2026-08-26,1
KC36rmRF,2026-09-12,1
KC36rmRF,2026-09-14,2
KC36rmRF,2026-09-19,1
KC4qfP6Z,2026-01-20,1
KC4qfP6Z,2026-01-30,1
KCw2gTYG,2025-09-09,2
KCw2gTYG,2025-09-11,2
KCzvJPbr,2026-03-09,1
KCzvJPbr,2026-03-18,1
KCzvJPbr,2026-03-19,2
KD9D1fd4,2026-08-28,1
KD9D1fd4,2026-09-01,1
KD9D1fd4,2026-09-02,2
KD9D1fd4,2026-09-05,3
KD9D1fd4,2026-09-09,1
KD9D1fd4,2026-09-18,3
KD9D1fd4,2026-09-19,2
KD9D1fd4,2026-09-20,2
KDSKIfMC,2025-11-21,2
KDSKIfMC,2025-11-27,1
KDSKIfMC,2025-11-28,1
KG7n8Xmq,2025-02-22,1
KGSovWPk,2025-11-29,1
KGSovWPk,2025-12-02,1
KGSovWPk,2025-12-08,4
KGSovWPk,2025-12-10,1
KGSovWPk,2025-12-13,1
KGSovWPk,2025-12-14,1
KGSovWPk,2025-12-20,1
KGSovWPk,2025-12-22,2
KGSovWPk,2025-12-27,2
KGbcTVOd,2026-06-28,1
KHQIRUtN,2025-04-18,1
KHQIRUtN,2025-04-25,1
KIfiRxi7,2025-11-29,1
KIsKarpR,2025-11-13,1
KIsKarpR,2025-11-15,1
KJIaKtc4,2025-04-24,1
KJRmekCl,2026-03-15,1
KJjjr7yY,2026-01-18,1
KJjjr7yY,2026-01-29,1
KJjjr7yY,2026-02-02,1
KMFwjyPf,2025-04-26,1
KMeNZiij,2026-09-07,1
KMqFouAP,2025-07-20,1
KMqFouAP,2025-07-23,1
KMqFouAP,2025-07-26,1
KMqFouAP,2025-07-27,1
KMqFouAP,2025-07-30,1
KMy6MixK,2025-02-23,1
KMy6MixK,2025-02-27,1
KNHlOon4,2026-09-21,1
KOAPoGv7,2026-02-07,1
KOAPoGv7,2026-02-12,1
KOAPoGv7,2026-02-26,1
KOctpXy9,2025-11-02,1
KOctpXy9,2025-11-05,2
KOctpXy9,2025-11-06,1
KOctpXy9,2025-11-11,1
KPAqmsKA,2025-03-28,1
KPAqmsKA,2025-03-29,1
KPAqmsKA,2025-03-30,2
KPAqmsKA,2025-04-03,1
KPE9YWFQ,2026-05-01,2
KPE9YWFQ,2026-05-02,1
KPE9YWFQ,2026-05-03,2
KPE9YWFQ,2026-05-09,1
KPE9YWFQ,2026-05-13,1
KPiMqFrT,2025-02-15,1
KPiMqFrT,2025-02-16,1
KPiMqFrT,2025-02-17,1
KPiMqFrT,2025-02-18,1
KPnWN7O2,2026-07-17,3
KPnWN7O2,2026-07-19,1
KPnWN7O2,2026-07-30,1
KPnWN7O2,2026-08-05,1
KPnWN7O2,2026-08-12,1
KPnWN7O2,2026-08-13,1
KPnWN7O2,2026-08-14,1
KPnWN7O2,2026-08-16,1
KR70CjUf,2026-02-06,1
KR70CjUf,2026-02-24,1
KR9mjoSo,2025-12-28,1
KR9mjoSo,2025-12-30,2
KR9mjoSo,2026-01-08,1
KR9mjoSo,2026-01-11,2
KR9mjoSo,2026-01-13,1
KR9mjoSo,2026-01-15,1
KR9mjoSo,2026-01-17,1
KR9mjoSo,2026-01-18,1
KR9mjoSo,2026-01-20,2
KR9mjoSo,2026-01-24,1
KR9mjoSo,2026-01-25,1
KR9mjoSo,2026-01-29,1
KR9mjoSo,2026-01-31,1
KR9mjoSo,2026-02-02,3
KRIdBVhg,2025-10-01,1
KRIdBVhg,2025-10-10,1
KRIdBVhg,2025-10-12,3
KRIdBVhg,2025-10-14,1
KRIdBVhg,2025-10-15,1
KRMZPxL0,2025-07-12,2
KSpjHAnb,2026-05-27,2
KUivvi6p,2025-05-02,1
KWZNlJya,2026-02-03,1
KWaLzT98,2026-08-24,1
KWaLzT98,2026-09-15,2
KWaLzT98,2026-09-16,4
KWaLzT98,2026-09-17,3
KWaLzT98,2026-09-20,3
KWaLzT98,2026-09-21,1
KWiP3yL7,2025-11-04,1
KWiP3yL7,2025-11-10,1
KWiP3yL7,2025-11-11,1
KWiP3yL7,2025-11-15,1
KWkDuScl,2025-08-25,1
KX0rGnHy,2025-04-23,1
KX0rGnHy,2025-04-26,1
KX0rGnHy,2025-04-29,1
KXmQYFDk,2025-10-03,1
KXmQYFDk,2025-10-05,1
KXmQYFDk,2025-10-07,1
KXmQYFDk,2025-10-08,1
KXmQYFDk,2025-10-11,1
KXnuuCcI,2026-03-25,1
KXnuuCcI,2026-03-29,13
KY0doD18,2026-05-15,1
KY0doD18,2026-05-18,1
KY0doD18,2026-05-24,1
KY0doD18,2026-05-27,1
KY0doD18,2026-05-29,1
KY0doD18,2026-06-05,1
KY0doD18,2026-06-10,1
KY0doD18,2026-06-16,1
KY0doD18,2026-06-19,1
KY0doD18,2026-06-21,1
KZoMic0k,2025-06-01,1
KaGNe6Fe,2025-10-10,1
KadwGw9a,2026-01-03,1
Kaskq50C,2026-07-06,1
KbPWLm6D,2025-07-24,1
KbniToPx,2026-03-01,2
KbniToPx,2026-03-22,1
KcXdY92j,2026-03-31,5
KcXdY92j,2026-04-02,1
KcXdY92j,2026-04-06,1
KcXdY92j,2026-04-10,3
KcXdY92j,2026-04-12,2
KcaWmvff,2025-11-05,1
Kcs6XOzN,2025-03-18,1
Kd1CO5WU,2026-04-23,1
Kd68b8GQ,2025-04-15,2
Kd68b8GQ,2025-04-16,1
Kd68b8GQ,2025-04-18,1
Kd68b8GQ,2025-04-20,1
Kd68b8GQ,2025-04-22,1
Kd68b8GQ,2025-04-24,1
Kd68b8GQ,2025-04-26,1
Kd68b8GQ,2025-04-27,1
KeaHqY04,2025-05-02,1
KgRgRIQa,2025-12-28,1
KgRgRIQa,2025-12-30,2
KgRgRIQa,2026-01-03,1
KgRgRIQa,2026-01-06,1
KgRgRIQa,2026-01-10,1
KgRgRIQa,2026-01-13,2
KgRgRIQa,2026-01-15,1
KgRgRIQa,2026-01-16,1
KgRgRIQa,2026-01-22,1
KgRgRIQa,2026-01-27,1
KgRgRIQa,2026-01-31,1
KgRgRIQa,2026-02-01,3
KgRgRIQa,2026-02-02,1
KhQaLiu0,2025-02-18,1
KhQaLiu0,2025-02-19,1
KhQgiSUb,2025-10-05,2
KiCsA1aq,2025-08-31,1
KiCsA1aq,2025-09-05,1
KiwykJ2c,2026-07-11,1
KjCwpJ0k,2026-01-09,1
KjHIa0qt,2025-09-29,1
KjYYBP7M,2025-11-21,1
KjYYBP7M,2025-11-27,1
KkLdJLPt,2026-06-25,1
KkLdJLPt,2026-07-08,1
KkLdJLPt,2026-07-15,1
KkNQgT3d,2025-05-19,1
KkNQgT3d,2025-05-24,1
KkWIC23T,2026-08-20,1
KkWIC23T,2026-08-27,1
KkWIC23T,2026-09-17,2
Kkjh3sE4,2025-06-09,1
Kla299D1,2025-08-03,1
KlnOis2e,2025-02-14,1
KlnOis2e,2025-02-19,2
KlnOis2e,2025-02-20,1
KmIa673I,2025-10-20,1
KmkdmOwT,2025-10-17,2
KmoSMPm7,2025-07-11,1
KmxJJGIZ,2025-06-18,1
Kn97kVOD,2025-11-17,1
KnxBblOp,2026-07-13,1
KnxBblOp,2026-07-14,1
Ko6macJl,2024-12-29,1
KoFdoT7I,2025-10-31,1
KoFdoT7I,2025-11-01,1
KoMNUZyL,2025-10-08,1
KoRup3Ce,2026-09-18,1
KoRup3Ce,2026-09-19,1
KosmaWL2,2026-02-17,1
KosmaWL2,2026-02-22,1
Kq1oE7rD,2025-10-02,1
Kq8Pwl7y,2025-01-30,1
KqjxJviP,2025-09-26,3
Kr35oP0x,2026-01-18,1
Kr35oP0x,2026-01-23,1
Kr35oP0x,2026-01-30,1
Ks43dgRm,2025-01-03,1
Ks43dgRm,2025-01-05,1
Ks43dgRm,2025-01-12,1
Ks43dgRm,2025-01-13,1
Ks43dgRm,2025-01-15,1
Ks43dgRm,2025-01-16,1
Ks43dgRm,2025-01-19,1
Ks43dgRm,2025-01-24,1
Ks43dgRm,2025-01-25,1
Ks43dgRm,2025-01-28,1
Ks43dgRm,2025-02-04,1
Ks4aBptB,2025-12-08,2
Ks4aBptB,2025-12-09,1
Ks4aBptB,2025-12-10,2
Ks4aBptB,2025-12-15,1
Ks4aBptB,2025-12-23,1
Ks4aBptB,2025-12-24,2
KsQDes2X,2025-04-10,1
KsfroQpN,2026-03-23,3
KsfroQpN,2026-03-24,1
KsfroQpN,2026-03-27,1
KsfroQpN,2026-03-28,2
KsfroQpN,2026-03-31,1
KsfroQpN,2026-04-01,1
KsfroQpN,2026-04-03,1
KsfroQpN,2026-04-07,1
KsfroQpN,2026-04-08,1
KsfroQpN,2026-04-13,1
KtlhuoxV,2025-10-05,1
KtlhuoxV,2025-10-06,2
KttdXm4b,2025-05-10,8
KttdXm4b,2025-05-11,6
KttdXm4b,2025-05-12,2
KttdXm4b,2025-05-13,1
KuWIsRVf,2025-11-15,1
KumOCZpL,2025-05-02,1
KumOCZpL,2025-05-09,1
KvNBbiUn,2026-01-01,1
KvNBbiUn,2026-01-02,1
KwVuBaPk,2025-02-15,1
KwWo5YyI,2026-09-13,1
KwWo5YyI,2026-09-18,1
KyQkh4Ek,2025-12-02,1
KyQkh4Ek,2025-12-04,2
KyQkh4Ek,2025-12-06,2
KyQkh4Ek,2025-12-07,1
KyQkh4Ek,2025-12-08,2
KyQkh4Ek,2025-12-10,1
KyQkh4Ek,2025-12-11,1
KyQkh4Ek,2025-12-12,2
KyQkh4Ek,2025-12-13,1
KyQkh4Ek,2025-12-14,1
KyQkh4Ek,2025-12-15,1
KyQkh4Ek,2025-12-18,1
KyQkh4Ek,2025-12-21,1
KyQkh4Ek,2025-12-22,1
KyQkh4Ek,2025-12-23,1
KzPkHrcU,2025-11-21,1
KzPkHrcU,2025-11-24,2
KzPkHrcU,2025-11-25,1
KzPkHrcU,2025-11-27,1
Kzb1M078,2025-03-21,1
Kzq358Ow,2025-10-17,1
Kzq358Ow,2025-10-20,1
Kzq358Ow,2025-10-24,1
Kzq358Ow,2025-10-28,1
L0Zxt14C,2025-10-09,1
L0Zxt14C,2025-10-11,2
L0Zxt14C,2025-10-12,1
L1aiOZHJ,2026-04-10,1
L1kaue0N,2024-12-28,1
L1kaue0N,2024-12-31,3
L20BPuRh,2026-08-18,1
L20BPuRh,2026-08-31,1
L20BPuRh,2026-09-05,4
L20BPuRh,2026-09-06,2
L20BPuRh,2026-09-16,1
L20BPuRh,2026-09-17,2
L2e9fqus,2025-02-05,1
L2e9fqus,2025-02-06,1
L2e9fqus,2025-02-07,1
L33DNc8e,2026-03-25,1
L33DNc8e,2026-03-28,2
L33DNc8e,2026-04-01,3
L33DNc8e,2026-04-03,1
L33DNc8e,2026-04-04,2
L33DNc8e,2026-04-08,1
L33DNc8e,2026-04-11,4
L33DNc8e,2026-04-12,3
L33DNc8e,2026-04-13,1
L3DAM5XD,2025-09-12,1
L3Hxm2bn,2026-06-04,1
L3Hxm2bn,2026-06-12,1
L3MDqrtj,2025-11-22,1
L3RcGBy7,2026-07-20,1
L3rGwMa6,2024-12-31,1
L4Iu1KHZ,2025-02-23,1
L4Iu1KHZ,2025-02-24,1
L4Iu1KHZ,2025-02-28,1
L5r3uQYN,2025-01-30,1
L6GiLUrc,2026-09-01,1
L6iatHWg,2024-12-29,1
L7J8grJA,2026-02-26,1
L7RHuZti,2025-08-09,1
L7RHuZti,2025-08-12,1
L7RHuZti,2025-08-17,2
L7RHuZti,2025-08-22,2
L7Vj69sg,2025-02-06,1
L7Wr8oaq,2026-07-24,1
L7Wr8oaq,2026-08-01,1
L7Wr8oaq,2026-08-06,1
L7Wr8oaq,2026-08-07,1
L7Wr8oaq,2026-08-15,1
L7aIEtm2,2025-08-27,1
L7aIEtm2,2025-08-31,1
L7aIEtm2,2025-09-03,1
L88E1QGb,2026-08-18,1
L88E1QGb,2026-08-23,1
L88E1QGb,2026-09-13,1
L8JRmyvx,2026-07-26,1
L8JRmyvx,2026-07-27,2
L8JRmyvx,2026-07-28,1
L8PXXmw0,2026-04-11,1
L93btDuC,2025-02-21,2
L93btDuC,2025-02-22,1
L93btDuC,2025-02-27,1
L9Ho5SfD,2025-08-02,1
L9NKRsV2,2025-04-14,1
L9U43Vrv,2025-08-09,1
LACjPCL4,2026-02-03,1
LACjPCL4,2026-02-04,1
LACjPCL4,2026-02-05,1
LACjPCL4,2026-02-06,1
LACjPCL4,2026-02-07,1
LACjPCL4,2026-02-08,1
LACjPCL4,2026-02-09,1
LACjPCL4,2026-02-10,1
LACjPCL4,2026-02-11,1
LACjPCL4,2026-02-12,1
LACjPCL4,2026-02-13,2
LACjPCL4,2026-02-14,1
LACjPCL4,2026-02-15,1
LACjPCL4,2026-02-16,1
LACjPCL4,2026-02-17,1
LACjPCL4,2026-02-18,1
LACjPCL4,2026-02-19,1
LACjPCL4,2026-02-20,1
LACjPCL4,2026-02-21,1
LACjPCL4,2026-02-22,1
LACjPCL4,2026-02-23,1
LACjPCL4,2026-02-24,1
LACjPCL4,2026-02-25,1
LACjPCL4,2026-02-26,1
LAdlD3rW,2026-02-18,1
LBMPmVRw,2025-12-09,2
LBTlWUIk,2025-05-07,1
LBTlWUIk,2025-05-13,1
LBTlWUIk,2025-05-15,1
LCMZmgSo,2026-07-13,1
LD8jfxXu,2026-02-25,1
LEvkEJ3K,2026-06-23,1
LFP2Sdzu,2026-03-13,1
LFP2Sdzu,2026-03-18,1
LFZPYekA,2026-03-23,1
LFZPYekA,2026-03-27,1
LFZPYekA,2026-03-28,2
LFZPYekA,2026-04-10,1
LGDYB1O8,2025-07-17,2
LGDYB1O8,2025-07-18,2
LGDYB1O8,2025-07-24,1
LGDYB1O8,2025-07-25,3
LGDYB1O8,2025-07-29,2
LH8nwEta,2025-02-21,1
LH8nwEta,2025-02-22,1
LH8nwEta,2025-02-24,1
LH8nwEta,2025-02-28,7
LHqAIohM,2025-05-28,3
LHqAIohM,2025-05-29,1
LHqAIohM,2025-05-30,1
LHqAIohM,2025-05-31,3
LHqAIohM,2025-06-01,1
LHqAIohM,2025-06-02,1
LHqAIohM,2025-06-03,3
LHqAIohM,2025-06-04,1
LHqAIohM,2025-06-05,1
LHqAIohM,2025-06-06,1
LHqAIohM,2025-06-07,1
LHqAIohM,2025-06-08,1
LHqAIohM,2025-06-09,1
LHqAIohM,2025-06-10,3
LHqAIohM,2025-06-11,1
LHqAIohM,2025-06-12,1
LHqAIohM,2025-06-15,1
LHqAIohM,2025-06-16,2
LHqAIohM,2025-06-18,1
LHqAIohM,2025-06-19,1
LHqAIohM,2025-06-23,2
LHqAIohM,2025-06-24,2
LI5pZgZi,2025-08-31,1
LIHMxRGW,2025-11-29,3
LIHMxRGW,2025-11-30,4
LIHMxRGW,2025-12-01,1
LIHMxRGW,2025-12-02,1
LIHMxRGW,2025-12-03,1
LIHMxRGW,2025-12-05,1
LIHMxRGW,2025-12-07,1
LIHMxRGW,2025-12-08,3
LIHMxRGW,2025-12-09,1
LIHMxRGW,2025-12-14,4
LIHMxRGW,2025-12-15,1
LIHMxRGW,2025-12-16,2
LIHMxRGW,2025-12-17,1
LIHMxRGW,2025-12-18,1
LIHMxRGW,2025-12-19,1
LIHMxRGW,2025-12-20,3
LIHMxRGW,2025-12-22,1
LIHMxRGW,2025-12-23,4
LIHMxRGW,2025-12-24,3
LIHMxRGW,2025-12-26,3
LIHMxRGW,2025-12-27,1
LIwcwOtV,2025-09-12,1
LJbSaDnh,2025-12-30,1
LJbSaDnh,2025-12-31,1
LJbSaDnh,2026-01-01,3
LJbSaDnh,2026-01-03,1
LJbSaDnh,2026-01-04,1
LJbSaDnh,2026-01-05,1
LJbSaDnh,2026-01-06,1
LJbSaDnh,2026-01-07,1
LJbSaDnh,2026-01-08,2
LJbSaDnh,2026-01-12,2
LJbSaDnh,2026-01-13,3
LJbSaDnh,2026-01-14,2
LJbSaDnh,2026-01-15,1
LJbSaDnh,2026-01-17,2
LJbSaDnh,2026-01-20,2
LJbSaDnh,2026-01-21,1
LJbSaDnh,2026-01-22,1
LJbSaDnh,2026-01-23,1
LJbSaDnh,2026-01-26,1
LJbSaDnh,2026-01-27,1
LJbSaDnh,2026-01-31,2
LLvnWZHn,2026-03-27,1
LMdeNS9J,2026-03-05,1
LMrl0oJ1,2025-08-27,1
LN6SVMmz,2025-11-18,1
LN6SVMmz,2025-11-24,1
LN6SVMmz,2025-11-25,1
LN6SVMmz,2025-11-28,2
LN9ErcrX,2025-08-06,1
LNVStLg6,2025-10-10,1
LNiQgs8T,2026-06-09,2
LNiQgs8T,2026-06-15,1
LNqn92ia,2025-11-03,1
LNqn92ia,2025-11-05,3
LNqn92ia,2025-11-09,2
LNqn92ia,2025-11-14,1
LNqn92ia,2025-11-17,1
LO6epDB2,2025-12-16,1
LO6epDB2,2025-12-20,1
LO6epDB2,2025-12-21,1
LPqfePsK,2026-02-24,1
LQSePmkH,2025-11-08,1
LQSePmkH,2025-11-10,1
LQkpyyi5,2025-02-08,1
LSDqNp8f,2025-04-22,1
LSSXE4JD,2025-03-01,11
LSSXE4JD,2025-03-06,1
LSSXE4JD,2025-03-07,1
LSjh4wMd,2025-05-24,1
LUPL9QTO,2025-04-23,1
LUPL9QTO,2025-04-25,1
LUPL9QTO,2025-04-27,1
LVpAhQ6A,2025-11-29,2
LVpAhQ6A,2025-11-30,1
LVpAhQ6A,2025-12-01,2
LVpAhQ6A,2025-12-05,2
LVpAhQ6A,2025-12-07,1
LVpAhQ6A,2025-12-08,1
LVpAhQ6A,2025-12-12,1
LVpAhQ6A,2025-12-14,1
LVpAhQ6A,2025-12-15,1
LVpAhQ6A,2025-12-17,1
LVpAhQ6A,2025-12-19,1
LVpAhQ6A,2025-12-22,1
LVpAhQ6A,2025-12-26,1
LVpAhQ6A,2025-12-28,1
LVt7K39j,2025-08-07,4
LVt7K39j,2025-08-13,1
LXPHuz2E,2025-05-16,1
LXPHuz2E,2025-05-23,1
LYX0vGzM,2025-02-21,1
LYX0vGzM,2025-02-28,1
LYxUo3Iu,2025-11-30,1
LYxUo3Iu,2025-12-01,1
LYxUo3Iu,2025-12-14,1
LYxUo3Iu,2025-12-27,1
LZC6ujQw,2025-04-02,1
LZc97ji5,2025-05-30,1
LZc97ji5,2025-06-05,1
LZc97ji5,2025-06-06,1
LZc97ji5,2025-06-07,1
LZc97ji5,2025-06-09,1
LZlcs7Gd,2025-04-19,1
LZlcs7Gd,2025-04-23,1
La5cnt42,2025-01-07,1
La5cnt42,2025-01-12,2
La5cnt42,2025-01-14,1
La5cnt42,2025-01-18,3
La5cnt42,2025-01-21,1
La5cnt42,2025-01-22,1
La5cnt42,2025-01-25,1
La5cnt42,2025-01-28,2
La5cnt42,2025-01-29,1
La5cnt42,2025-01-31,1
La5cnt42,2025-02-02,1
La5cnt42,2025-02-03,1
La5cnt42,2025-02-04,2
Lb0XvPqY,2025-07-10,3
Lb0XvPqY,2025-07-11,1
Lb0XvPqY,2025-07-12,1
Lb1yBDVW,2026-04-29,1
Lb1yBDVW,2026-05-01,1
LbQVVvQK,2026-08-29,1
LbmQQ3XJ,2025-09-18,1
LcWkjjOt,2025-11-04,1
LcXVsKRa,2025-04-26,1
LdBa6c2w,2025-06-25,1
LdrvgepS,2026-03-26,1
LdrvgepS,2026-04-01,1
Le4ilEPI,2026-04-10,1
Leeu78g1,2026-01-01,1
Leeu78g1,2026-01-05,3
Leeu78g1,2026-01-17,1
Leeu78g1,2026-01-26,1
Lehgf7qL,2026-05-15,3
Lehgf7qL,2026-05-16,1
Lehgf7qL,2026-05-17,1
Lehgf7qL,2026-05-18,1
Lehgf7qL,2026-05-19,1
Lehgf7qL,2026-05-22,2
Lehgf7qL,2026-05-24,1
Lehgf7qL,2026-05-25,2
Lehgf7qL,2026-05-26,1
Lehgf7qL,2026-05-27,3
Lehgf7qL,2026-05-28,3
Lehgf7qL,2026-05-31,1
Lehgf7qL,2026-06-02,1
Lehgf7qL,2026-06-04,1
Lehgf7qL,2026-06-05,1
Lehgf7qL,2026-06-06,5
Lehgf7qL,2026-06-08,2
Lehgf7qL,2026-06-09,1
Lehgf7qL,2026-06-10,3
Lehgf7qL,2026-06-11,2
Lehgf7qL,2026-06-12,1
Lehgf7qL,2026-06-14,1
Lehgf7qL,2026-06-16,2
Lehgf7qL,2026-06-18,2
LeiDNtVe,2026-04-20,1
LeiDNtVe,2026-04-29,1
LeiDNtVe,2026-05-01,1
LfhpJy3c,2025-03-20,1
LfhpJy3c,2025-03-24,2
LfhpJy3c,2025-03-25,1
LghDUvtr,2026-06-12,1
LhEIE5KO,2025-03-17,1
LhntAzIA,2025-05-05,1
LhqjDR8w,2025-03-28,2
LhqjDR8w,2025-04-02,1
LiurzQCr,2025-02-27,1
LjJ3V8rW,2025-12-14,1
Lk0c1Hn9,2025-01-10,1
Lk0c1Hn9,2025-01-13,1
Lk0c1Hn9,2025-01-21,1
Lk0c1Hn9,2025-01-23,1
Lk0c1Hn9,2025-01-28,2
LkJLaTFn,2025-07-09,1
LkJLaTFn,2025-07-13,1
LkhfuN1R,2026-04-21,1
LkhfuN1R,2026-05-02,2
Lkszfhs9,2026-04-20,1
Lkszfhs9,2026-05-09,3
Ll1wdg3N,2024-12-27,3
Ll5YWV9T,2025-05-18,1
Ll7XCzbe,2025-09-30,1
LmkTPOY4,2026-04-01,1
Lo7qjd9b,2024-12-27,2
Lo7qjd9b,2025-01-14,1
LoiV0vhQ,2025-06-04,1
Lp5qutbS,2025-04-18,1
LpAucKux,2025-09-21,1
LpAucKux,2025-09-24,3
LpXtkZHP,2025-03-28,5
LpXtkZHP,2025-04-01,1
LpXtkZHP,2025-04-03,2
LpXtkZHP,2025-04-04,2
Lpr4Y0KT,2025-06-16,2
LqOfzhQf,2026-07-07,1
LqOfzhQf,2026-07-10,1
LqOfzhQf,2026-07-11,1
LqOfzhQf,2026-07-12,1
LqOfzhQf,2026-07-15,1
LqZAa14N,2025-06-13,1
LqZAa14N,2025-06-18,1
Lrvjx8rf,2026-04-17,1
Lrvjx8rf,2026-05-01,1
Lrvjx8rf,2026-05-08,1
Lrvjx8rf,2026-05-09,1
LrxkDPc7,2025-06-17,1
LsEsjqZH,2026-07-20,1
LsEsjqZH,2026-07-24,1
LsNiAW1K,2025-07-30,1
LsNiAW1K,2025-07-31,3
LsNiAW1K,2025-08-01,1
LsNiAW1K,2025-08-02,1
LsNiAW1K,2025-08-03,1
LsNiAW1K,2025-08-04,1
Lsdp3Wct,2025-10-01,1
Lsdp3Wct,2025-10-12,1
LsoFr2d4,2026-09-16,1
LsoFr2d4,2026-09-17,1
LsoFr2d4,2026-09-18,1
LsoFr2d4,2026-09-20,1
Lsu3AqiP,2025-08-31,1
LtdObLnB,2026-02-28,1
LtdObLnB,2026-03-01,1
LtdObLnB,2026-03-07,1
LtdObLnB,2026-03-10,1
LtdObLnB,2026-03-12,1
LtdObLnB,2026-03-16,1
LtdObLnB,2026-03-21,1
LtdObLnB,2026-03-22,1
Lu3pF0hu,2026-02-03,1
Lu3pF0hu,2026-02-07,1
Lu3pF0hu,2026-02-11,2
Lu3pF0hu,2026-02-12,1
Lu3pF0hu,2026-02-19,2
Lu3pF0hu,2026-02-20,2
Lu3pF0hu,2026-02-24,1
LuQtJrnO,2025-04-10,1
LuXPJJ74,2026-03-23,9
LuXPJJ74,2026-03-24,10
LuXPJJ74,2026-03-25,13
LuXPJJ74,2026-03-26,18
LuXPJJ74,2026-03-27,4
LuXPJJ74,2026-03-28,3
LuXPJJ74,2026-03-29,15
LuXPJJ74,2026-03-30,14
LuXPJJ74,2026-03-31,10
LuXPJJ74,2026-04-01,4
LuXPJJ74,2026-04-02,13
LuXPJJ74,2026-04-03,11
LuXPJJ74,2026-04-04,15
LuXPJJ74,2026-04-05,14
LuXPJJ74,2026-04-06,9
LuXPJJ74,2026-04-07,5
LuXPJJ74,2026-04-08,3
LuXPJJ74,2026-04-09,2
LuXPJJ74,2026-04-10,9
LuXPJJ74,2026-04-11,9
LuXPJJ74,2026-04-12,78
LuXPJJ74,2026-04-13,6
LuXPJJ74,2026-04-14,13
LuXPJJ74,2026-04-15,12
LuaLeWUI,2025-06-12,1
LuaLeWUI,2025-06-13,1
LuaLeWUI,2025-06-14,3
LuaLeWUI,2025-06-15,1
LuaLeWUI,2025-06-16,4
LuaLeWUI,2025-06-17,5
LuaLeWUI,2025-06-18,2
LuaLeWUI,2025-06-19,1
LuaLeWUI,2025-06-20,3
LuaLeWUI,2025-06-21,3
LuaLeWUI,2025-06-22,2
LuaLeWUI,2025-06-23,1
LuaLeWUI,2025-06-24,4
LuaLeWUI,2025-06-25,4
LuaLeWUI,2025-06-26,2
LuaLeWUI,2025-06-27,2
Lubppx00,2025-11-03,1
Lubppx00,2025-11-04,2
Lubppx00,2025-11-06,1
Lubppx00,2025-11-07,2
Lubppx00,2025-11-08,1
Lubppx00,2025-11-09,2
Lubppx00,2025-11-10,1
Lubppx00,2025-11-12,1
Lubppx00,2025-11-13,1
Lubppx00,2025-11-14,2
Luvg58m4,2026-02-03,1
Luvg58m4,2026-02-05,3
Luvg58m4,2026-02-06,1
Luvg58m4,2026-02-11,1
Luvg58m4,2026-02-12,3
Luvg58m4,2026-02-13,2
Luvg58m4,2026-02-14,1
Luvg58m4,2026-02-20,2
Luvg58m4,2026-02-21,1
Luvg58m4,2026-02-26,1
Lv8dJ4of,2026-03-09,1
LwXAyRuv,2026-03-02,1
LwXAyRuv,2026-03-06,1
LwXAyRuv,2026-03-19,1
Lwet4ekV,2025-03-02,1
Lwet4ekV,2025-03-03,1
Lwet4ekV,2025-03-08,1
Lwkrf3Cd,2025-11-22,1
LxCFx8R3,2026-02-03,1
LxCFx8R3,2026-02-05,1
LxCFx8R3,2026-02-09,2
LxCFx8R3,2026-02-11,2
LxCFx8R3,2026-02-13,1
LxCFx8R3,2026-02-16,1
LxCFx8R3,2026-02-17,1
LxCFx8R3,2026-02-20,1
LxCFx8R3,2026-02-21,1
LxCFx8R3,2026-02-26,1
LxedIEsQ,2026-04-16,2
LxedIEsQ,2026-04-17,2
LxedIEsQ,2026-04-19,1
LxedIEsQ,2026-04-21,1
LxedIEsQ,2026-04-26,1
LxedIEsQ,2026-04-28,1
LxedIEsQ,2026-04-30,2
LxedIEsQ,2026-05-05,1
LxedIEsQ,2026-05-07,1
LxedIEsQ,2026-05-08,1
LxedIEsQ,2026-05-09,1
LxedIEsQ,2026-05-12,2
LycDbYEp,2026-09-17,2
LycDbYEp,2026-09-20,1
LycDbYEp,2026-09-21,1
LyeVpXXK,2025-10-17,1
LyeVpXXK,2025-10-24,1
LyeVpXXK,2025-10-29,2
LyeVpXXK,2025-11-01,1
LyjIF1vz,2025-11-03,2
LyjIF1vz,2025-11-08,1
LyjIF1vz,2025-11-10,1
LyjIF1vz,2025-11-12,1
LypiTqXG,2026-02-05,1
LypiTqXG,2026-02-17,1
LypiTqXG,2026-02-22,1
Lz8N7ZGs,2025-08-31,2
Lz8N7ZGs,2025-09-03,1
Lz8N7ZGs,2025-09-04,2
LzjkGje3,2026-05-09,1
LzqlV8h3,2025-06-27,1
LzqlV8h3,2025-06-28,1
LzqlV8h3,2025-06-29,1
LzqlV8h3,2025-06-30,1
LzqlV8h3,2025-07-01,1
LzqlV8h3,2025-07-02,1
LzqlV8h3,2025-07-03,1
LzqlV8h3,2025-07-04,1
LzqlV8h3,2025-07-05,1
LzqlV8h3,2025-07-06,1
LzqlV8h3,2025-07-07,1
LzqlV8h3,2025-07-08,1
LzqlV8h3,2025-07-09,1
LzqlV8h3,2025-07-10,1
LzqlV8h3,2025-07-11,1
LzqlV8h3,2025-07-12,1
LzqlV8h3,2025-07-13,1
M0n9AnoB,2025-09-28,1
M1UPDmiO,2025-09-29,1
M2Lrhuoa,2026-05-16,1
M2Lrhuoa,2026-05-23,1
M2Lrhuoa,2026-05-25,1
M2Lrhuoa,2026-05-28,1
M2Lrhuoa,2026-05-30,1
M2Lrhuoa,2026-05-31,1
M2Lrhuoa,2026-06-01,2
M2Lrhuoa,2026-06-11,1
M2Lrhuoa,2026-06-22,1
M2cCKTmQ,2025-05-25,1
M2l3GhSL,2024-12-27,1
M3fk0R5I,2025-07-24,1
M3h2vfUV,2025-11-19,1
M3h2vfUV,2025-11-20,1
M3h2vfUV,2025-11-26,1
M3rU8jnE,2025-01-03,1
M3rU8jnE,2025-01-05,1
M51YctzL,2026-01-14,1
M5B4lE8E,2025-02-18,1
M5B4lE8E,2025-02-19,3
M5B4lE8E,2025-02-20,1
M5B4lE8E,2025-02-21,1
M5DlbCMp,2026-07-17,1
M5DlbCMp,2026-07-23,1
M5DlbCMp,2026-08-01,1
M5DlbCMp,2026-08-03,1
M5DlbCMp,2026-08-12,1
M5JiQfn0,2025-04-30,2
M5JiQfn0,2025-05-01,1
M5JiQfn0,2025-05-02,2
M5JiQfn0,2025-05-15,1
M5w9qE8D,2026-04-07,1
M5w9qE8D,2026-04-12,1
M6MoxwVW,2025-02-07,2
M6lZFNHV,2024-12-26,1
M6lZFNHV,2024-12-27,3
M73oiqRc,2025-11-28,1
M7DPMww1,2025-04-25,4
M7DPMww1,2025-04-27,1
M7XeBbs2,2026-02-26,1
M7b0RdHP,2026-08-31,1
M8M87bIG,2025-04-06,1
M8sQMLgd,2025-07-30,2
M8t29FWy,2024-12-26,1
M8yZYYVQ,2025-08-30,1
M9HP1Tx8,2025-11-19,1
M9ZintSi,2026-04-06,1
M9cUdvPK,2026-04-27,1
M9cUdvPK,2026-04-28,1
M9cUdvPK,2026-05-06,1
M9cUdvPK,2026-05-07,1
M9xbKfD5,2025-11-22,1
MBATcaMe,2026-02-03,1
MBATcaMe,2026-02-17,1
MBATcaMe,2026-02-25,1
MBUK0UIY,2026-08-27,1
MBUK0UIY,2026-09-02,1
MBUK0UIY,2026-09-05,1
MBWugUpy,2026-01-20,1
MBX1ByuJ,2025-02-10,1
MCKedeFH,2025-03-01,35
MCKedeFH,2025-03-02,34
MCKedeFH,2025-03-04,8
MCKedeFH,2025-03-05,1
MCKedeFH,2025-03-09,2
MD1eDZH3,2025-05-11,1
MD7JJbqr,2025-11-26,1
ME0wMn2d,2026-09-14,4
ME0wMn2d,2026-09-15,19
MEdmga1g,2025-07-25,1
MEdmga1g,2025-07-26,1
MEdmga1g,2025-07-27,1
MEdmga1g,2025-07-30,1
MFWMQANd,2026-05-25,3
MFWMQANd,2026-06-23,1
MGBgfhlB,2025-09-25,1
MGOtzTUX,2026-03-17,1
MGOtzTUX,2026-03-19,1
MH6AlhO1,2026-02-05,1
MH6AlhO1,2026-02-19,2
MH6AlhO1,2026-02-23,1
MH6AlhO1,2026-02-24,1
MHBjjk7a,2026-06-26,1
MHGdbYKX,2025-09-28,1
MHJM20kZ,2025-06-30,1
MHJM20kZ,2025-07-13,1
MIKhnLlP,2025-05-16,1
MIivVhQt,2026-07-24,1
MIivVhQt,2026-07-26,1
MIivVhQt,2026-08-07,1
MIivVhQt,2026-08-14,1
MIivVhQt,2026-08-15,1
MIsNLoJj,2025-09-30,1
MKcexhIm,2026-05-29,2
MKcexhIm,2026-06-01,1
MKogHBZu,2026-04-12,1
MLLzsaY7,2026-06-19,1
MLQBpUOJ,2026-07-23,1
MLQBpUOJ,2026-08-09,1
MLQBpUOJ,2026-08-13,1
MLbP70Kl,2025-02-14,1
MN0Inwfx,2026-04-16,1
MN0Inwfx,2026-04-17,4
MN0Inwfx,2026-04-18,7
MN0Inwfx,2026-04-19,3
MN0Inwfx,2026-04-20,2
MN0Inwfx,2026-04-21,4
MN0Inwfx,2026-04-22,1
MN0Inwfx,2026-04-23,6
MN0Inwfx,2026-04-24,3
MN0Inwfx,2026-04-25,4
MN0Inwfx,2026-04-26,2
MN0Inwfx,2026-04-27,3
MN0Inwfx,2026-04-28,1
MN0Inwfx,2026-04-29,5
MN0Inwfx,2026-04-30,4
MN0Inwfx,2026-05-01,3
MN0Inwfx,2026-05-02,6
MN0Inwfx,2026-05-03,10
MN0Inwfx,2026-05-04,6
MN0Inwfx,2026-05-05,9
MN0Inwfx,2026-05-06,2
MN0Inwfx,2026-05-07,2
MN0Inwfx,2026-05-08,2
MN0Inwfx,2026-05-09,5
MN0Inwfx,2026-05-10,3
MN0Inwfx,2026-05-11,3
MN0Inwfx,2026-05-12,1
MN0Inwfx,2026-05-13,1
MN0Inwfx,2026-05-14,2
MOENobFW,2026-07-02,2
MOENobFW,2026-07-03,1
MOrIOMMk,2025-03-15,1
MOrIOMMk,2025-03-18,3
MQFgsh8R,2026-07-18,1
MQFgsh8R,2026-07-26,1
MQdAtKYK,2025-09-07,2
MQdAtKYK,2025-09-09,2
MQdAtKYK,2025-09-10,1
MQdAtKYK,2025-09-11,2
MQdAtKYK,2025-09-12,1
MS3co5FA,2025-02-16,1
MS3co5FA,2025-02-20,1
MSCXEOh7,2026-08-13,1
MSCXEOh7,2026-08-14,1
MTeOu8Vb,2026-09-19,1
MUoQGhfu,2026-07-19,1
MUoQGhfu,2026-08-05,1
MW292bBa,2026-01-01,1
MW292bBa,2026-01-31,1
MW292bBa,2026-02-01,1
MWDMsGnt,2026-09-04,1
MWDMsGnt,2026-09-08,1
MWDMsGnt,2026-09-13,1
MWDMsGnt,2026-09-16,1
MWDMsGnt,2026-09-17,1
MWDMsGnt,2026-09-19,1
MWDMsGnt,2026-09-20,1
MWm1qcIP,2026-04-17,1
MWm1qcIP,2026-04-23,1
MWm1qcIP,2026-04-26,2
MWm1qcIP,2026-04-29,1
MWm1qcIP,2026-05-03,2
MWm1qcIP,2026-05-04,1
MWm1qcIP,2026-05-07,1
MWm1qcIP,2026-05-09,1
MXk7krW3,2025-05-08,2
MYzICQ8j,2025-09-27,1
MZfJxx7V,2025-07-22,1
MZfJxx7V,2025-07-28,1
MZfJxx7V,2025-07-29,1
MZnwvmQS,2026-09-20,1
MbahAClM,2026-01-22,1
Mbc2Ndmr,2025-02-12,1
MbtnM76V,2026-03-29,1
McWHcW1E,2026-08-23,1
McWHcW1E,2026-09-08,1
McWHcW1E,2026-09-09,1
McWHcW1E,2026-09-12,1
McWHcW1E,2026-09-13,1
McWHcW1E,2026-09-15,2
McWHcW1E,2026-09-17,1
McWHcW1E,2026-09-19,8
McWHcW1E,2026-09-20,3
McWHcW1E,2026-09-21,7
Me3ovyGQ,2026-01-06,1
Me3ovyGQ,2026-01-10,1
Me3ovyGQ,2026-01-25,1
Me7xdKeH,2026-01-18,1
MeEZGJdA,2026-08-13,1
MeEZGJdA,2026-08-16,1
MeMFvMz8,2026-07-14,1
MeY9vRZk,2026-02-15,2
MeY9vRZk,2026-02-16,1
MfPvCELR,2025-08-27,1
MfPvCELR,2025-08-28,1
Mfqpg2UP,2025-12-09,1
Mfqpg2UP,2025-12-20,2
Mfqpg2UP,2025-12-21,1
Mfqpg2UP,2025-12-22,2
Mfqpg2UP,2025-12-24,1
Mfqpg2UP,2025-12-26,1
Mgwpws6h,2025-08-27,2
Mgwpws6h,2025-09-01,1
MgzIseN8,2025-09-11,1
MgzIseN8,2025-09-13,1
MhhkZj0i,2025-12-15,1
Mi5v73Hm,2024-12-29,1
MiU6r50u,2025-05-31,1
MiU6r50u,2025-06-05,1
Mipc1EEK,2026-05-09,1
Mirok0cD,2025-10-15,2
Mirok0cD,2025-10-19,1
Mirok0cD,2025-10-25,1
Mirok0cD,2025-10-28,2
Mirok0cD,2025-10-30,1
Mirok0cD,2025-10-31,4
Mirok0cD,2025-11-01,1
Mj2jec33,2026-06-29,1
Mj2jec33,2026-07-11,1
MjWZb8tq,2026-09-17,1
MjWZb8tq,2026-09-19,2
MjWZb8tq,2026-09-21,1
MjlR6DCk,2025-02-07,1
Mk2wqcFl,2025-09-07,1
Mk2wqcFl,2025-09-13,1
MloXrziW,2026-02-27,1
MloXrziW,2026-03-13,2
MloXrziW,2026-03-20,1
MmEwLmZQ,2025-07-21,1
Mo5ai60G,2025-10-23,1
MpNgPK1p,2026-05-15,1
MpNgPK1p,2026-05-27,1
MpNgPK1p,2026-05-28,1
MpNgPK1p,2026-05-30,2
MpNgPK1p,2026-06-07,1
MpNgPK1p,2026-06-14,1
MpUE7spR,2026-07-19,1
MpUE7spR,2026-07-22,1
MpUE7spR,2026-07-23,1
MpUE7spR,2026-07-25,1
MpUE7spR,2026-07-27,1
MpUE7spR,2026-08-02,1
MpUE7spR,2026-08-04,1
MpUE7spR,2026-08-08,4
MpUE7spR,2026-08-13,1
MpaAP06Z,2025-03-05,1
MroG1FCm,2026-02-16,1
MsMZktMU,2025-10-17,2
MsPynOQG,2026-02-10,1
Msttdml1,2025-05-19,1
Mt6K3vfC,2025-02-19,2
Mt9ke2av,2026-05-04,1
Mt9ke2av,2026-05-06,1
Mteq6E4J,2025-03-25,1
MtfzTxVA,2026-06-23,3
MtfzTxVA,2026-06-24,2
MtfzTxVA,2026-06-25,1
MtfzTxVA,2026-06-26,3
MtfzTxVA,2026-06-28,1
MtfzTxVA,2026-06-29,1
MtfzTxVA,2026-06-30,2
MtfzTxVA,2026-07-01,1
MtfzTxVA,2026-07-02,1
MtfzTxVA,2026-07-03,2
MtfzTxVA,2026-07-04,2
MtfzTxVA,2026-07-06,2
MtfzTxVA,2026-07-07,2
MtfzTxVA,2026-07-08,1
MtfzTxVA,2026-07-09,1
MtfzTxVA,2026-07-10,2
MtfzTxVA,2026-07-11,2
MtfzTxVA,2026-07-14,2
MtfzTxVA,2026-07-15,4
MtpIBLuw,2026-04-16,1
MuNIGr4l,2026-02-27,1
MuNIGr4l,2026-03-06,1
MuNIGr4l,2026-03-28,1
MuUswUy6,2025-06-27,1
MufkP3XK,2025-09-10,1
MufkP3XK,2025-09-11,2
MuxkWJjv,2025-11-07,1
MuxkWJjv,2025-11-10,1
Mviog55S,2026-07-17,1
Mviog55S,2026-07-18,2
Mviog55S,2026-07-19,1
Mviog55S,2026-07-20,2
Mviog55S,2026-07-21,1
Mviog55S,2026-07-22,1
Mviog55S,2026-07-23,2
Mviog55S,2026-07-24,1
Mviog55S,2026-07-26,1
Mviog55S,2026-07-30,1
Mviog55S,2026-07-31,1
Mviog55S,2026-08-01,1
Mviog55S,2026-08-04,2
Mviog55S,2026-08-08,1
Mviog55S,2026-08-14,1
Mviog55S,2026-08-15,1
Mx5fpPnn,2025-05-18,1
MxHHF1nP,2026-09-13,1
MxhL2Yp1,2026-01-01,1
MxhL2Yp1,2026-01-05,1
MxhL2Yp1,2026-01-10,1
Mxzc5J65,2025-03-30,1
My7ccQRR,2026-04-01,1
My7ccQRR,2026-04-04,1
My7ccQRR,2026-04-08,1
My7ccQRR,2026-04-09,2
MyV4GYTD,2025-03-10,2
MyV4GYTD,2025-03-12,1
MyV4GYTD,2025-03-13,1
MyV4GYTD,2025-03-17,1
MyanDa7d,2025-11-06,1
MyanDa7d,2025-11-07,1
MyanDa7d,2025-11-09,1
MyvDVGIi,2026-03-27,1
Mz3gEYtF,2026-05-27,1
Mz3gEYtF,2026-06-06,1
Mz3gEYtF,2026-06-11,1
Mz8FHadq,2025-01-15,1
Mz8nEBK3,2025-01-19,1
Mz8nEBK3,2025-01-21,1
Mz8nEBK3,2025-01-23,1
Mz8nEBK3,2025-01-31,1
Mz8xj4wq,2025-02-05,2
Mz8xj4wq,2025-02-06,2
Mz8xj4wq,2025-02-07,2
Mz8xj4wq,2025-02-09,3
Mz8xj4wq,2025-02-10,1
MzKWfg5g,2025-03-28,1
MzKWfg5g,2025-03-29,2
MzKWfg5g,2025-03-30,1
MzKWfg5g,2025-03-31,1
MzKWfg5g,2025-04-01,1
MzKWfg5g,2025-04-02,2
MzKWfg5g,2025-04-03,1
MzKWfg5g,2025-04-04,1
MzKWfg5g,2025-04-05,1
MzKWfg5g,2025-04-06,1
MzdfmT4E,2025-12-09,2
MzdfmT4E,2025-12-10,1
N1Mef1hH,2026-05-15,1
N1Mef1hH,2026-05-17,1
N1Mef1hH,2026-05-18,1
N1Mef1hH,2026-05-19,1
N1Mef1hH,2026-05-20,1
N1Mef1hH,2026-05-21,1
N1Mef1hH,2026-05-22,1
N1Mef1hH,2026-05-23,2
N1Mef1hH,2026-05-24,9
N1Mef1hH,2026-05-25,1
N1Mef1hH,2026-05-26,3
N1Mef1hH,2026-05-28,3
N1Mef1hH,2026-05-30,2
N1Mef1hH,2026-05-31,1
N1Mef1hH,2026-06-01,3
N1Mef1hH,2026-06-02,3
N1Mef1hH,2026-06-03,1
N1Mef1hH,2026-06-04,2
N1Mef1hH,2026-06-05,3
N1Mef1hH,2026-06-06,1
N1Mef1hH,2026-06-07,2
N1Mef1hH,2026-06-08,2
N1Mef1hH,2026-06-09,1
N1Mef1hH,2026-06-11,6
N1Mef1hH,2026-06-12,2
N1Mef1hH,2026-06-13,1
N1Mef1hH,2026-06-14,1
N1Mef1hH,2026-06-15,2
N1Mef1hH,2026-06-16,2
N1Mef1hH,2026-06-17,1
N1Mef1hH,2026-06-19,3
N1Mef1hH,2026-06-20,1
N1Mef1hH,2026-06-21,1
N1Mef1hH,2026-06-22,1
N21luyfe,2025-09-10,1
N21luyfe,2025-09-11,1
N21luyfe,2025-09-12,2
N22PhhT7,2025-11-10,1
N2geJDgs,2025-02-23,1
N2jYsMcA,2024-12-29,1
N2jYsMcA,2025-01-03,1
N2jYsMcA,2025-01-04,2
N2jYsMcA,2025-01-08,1
N2jYsMcA,2025-01-10,1
N2jYsMcA,2025-01-11,1
N2jYsMcA,2025-01-12,1
N2jYsMcA,2025-01-13,3
N2jYsMcA,2025-01-14,1
N2jYsMcA,2025-01-16,1
N2jYsMcA,2025-01-17,1
N2jYsMcA,2025-01-19,1
N2jYsMcA,2025-01-20,1
N2jYsMcA,2025-01-22,1
N2jYsMcA,2025-01-23,1
N2jYsMcA,2025-01-25,4
N2jYsMcA,2025-01-28,1
N2jYsMcA,2025-01-30,2
N2jYsMcA,2025-02-01,1
N2jYsMcA,2025-02-02,1
N2jYsMcA,2025-02-03,1
N2jYsMcA,2025-02-04,2
N2ukpCTx,2025-01-15,1
N3a4chQR,2024-12-29,12
N3a4chQR,2024-12-30,2
N3a4chQR,2024-12-31,1
N3a4chQR,2025-01-02,1
N3a4chQR,2025-01-09,1
N3a4chQR,2025-01-15,1
N3a4chQR,2025-01-16,3
N3a4chQR,2025-02-03,3
N3a4chQR,2025-02-04,2
N3oHFMkV,2026-06-14,1
N4SBjEWP,2025-12-29,1
N4SBjEWP,2026-01-04,1
N4SBjEWP,2026-01-10,1
N4SBjEWP,2026-01-18,3
N4SBjEWP,2026-01-19,1
N4SBjEWP,2026-01-20,2
N4SBjEWP,2026-01-31,1
N4SBjEWP,2026-02-02,2
N4SBjEWP,2026-02-03,1
N4SYq5SU,2025-11-15,1
N4mHFgZd,2026-03-24,1
N4mHFgZd,2026-04-05,1
N5eznAvk,2025-08-09,1
N5lbq7e1,2024-12-28,1
N6vjMvSF,2026-03-19,1
N7ckuDav,2025-01-29,3
N7iPkb2g,2026-08-09,1
N7iPkb2g,2026-08-10,1
N7iPkb2g,2026-08-11,1
N7iPkb2g,2026-08-12,2
N7iPkb2g,2026-08-15,1
N7iPkb2g,2026-08-16,2
N7iPkb2g,2026-08-17,1
N9bwNA2a,2026-08-29,2
N9bwNA2a,2026-09-10,2
N9bwNA2a,2026-09-18,1
N9bwNA2a,2026-09-19,2
NA21TcSf,2026-08-18,1
NA21TcSf,2026-08-19,1
NA21TcSf,2026-08-20,1
NA21TcSf,2026-08-21,1
NA21TcSf,2026-08-23,2
NA21TcSf,2026-08-25,1
NA21TcSf,2026-08-26,2
NA21TcSf,2026-08-27,1
NA21TcSf,2026-08-28,1
NA21TcSf,2026-08-29,2
NA21TcSf,2026-08-31,1
NA21TcSf,2026-09-01,2
NA21TcSf,2026-09-04,2
NA21TcSf,2026-09-06,1
NA21TcSf,2026-09-07,1
NA21TcSf,2026-09-08,1
NA21TcSf,2026-09-09,1
NA21TcSf,2026-09-10,1
NA21TcSf,2026-09-13,2
NA21TcSf,2026-09-14,2
NA21TcSf,2026-09-15,1
NA21TcSf,2026-09-16,1
NA21TcSf,2026-09-18,2
NA21TcSf,2026-09-19,1
NA21TcSf,2026-09-21,1
NA2qA7V6,2025-12-28,1
NA7v1Fei,2026-01-01,1
NA7v1Fei,2026-01-18,1
NA7v1Fei,2026-01-24,1
NA7v1Fei,2026-01-27,1
NA7v1Fei,2026-01-31,1
NADwqEmf,2026-04-30,1
NADwqEmf,2026-05-03,1
NADwqEmf,2026-05-05,1
NADwqEmf,2026-05-12,4
NADwqEmf,2026-05-14,1
NAP8UUit,2026-06-23,1
NAP8UUit,2026-06-28,1
NAP8UUit,2026-06-29,1
NAkJc6d6,2025-03-14,1
NBYY2RBe,2025-07-15,1
NBweomXr,2026-06-05,1
NBweomXr,2026-06-06,2
NBweomXr,2026-06-07,1
NBweomXr,2026-06-08,1
NBweomXr,2026-06-09,2
NBweomXr,2026-06-10,2
NBweomXr,2026-06-11,2
NBweomXr,2026-06-12,1
NBweomXr,2026-06-13,1
NBweomXr,2026-06-14,1
NBweomXr,2026-06-15,1
NBweomXr,2026-06-16,2
NBweomXr,2026-06-17,1
NBweomXr,2026-06-19,3
NBweomXr,2026-06-20,1
NBweomXr,2026-06-22,1
NCwWFw0b,2026-05-21,1
NCwWFw0b,2026-05-25,1
NCwWFw0b,2026-05-27,1
NCwWFw0b,2026-05-29,1
NCwWFw0b,2026-05-30,1
NCwWFw0b,2026-06-01,4
NCwWFw0b,2026-06-03,1
NCwWFw0b,2026-06-04,1
NCwWFw0b,2026-06-07,1
NCwWFw0b,2026-06-11,1
NCyrP1Lr,2025-04-25,1
ND9l20dV,2025-09-28,2
NDgcbgjb,2025-02-14,1
NDgcbgjb,2025-02-19,1
NDgqlcEx,2026-09-11,1
NDgqlcEx,2026-09-12,5
NDgqlcEx,2026-09-13,3
NDgqlcEx,2026-09-14,1
NDgqlcEx,2026-09-15,5
NDgqlcEx,2026-09-16,2
NDgqlcEx,2026-09-17,2
NDgqlcEx,2026-09-18,3
NDgqlcEx,2026-09-19,3
NDgqlcEx,2026-09-20,8
NDgqlcEx,2026-09-21,12
NDswde7U,2026-04-18,1
NDswde7U,2026-04-27,1
NDvrNW1D,2026-02-27,1
NDvrNW1D,2026-03-02,2
NDvrNW1D,2026-03-05,2
NDvrNW1D,2026-03-06,2
NDvrNW1D,2026-03-09,5
NDvrNW1D,2026-03-10,1
NDvrNW1D,2026-03-13,1
NDvrNW1D,2026-03-14,2
NDvrNW1D,2026-03-15,1
NDvrNW1D,2026-03-20,1
NE21F7ll,2025-03-18,2
NE5HoMxz,2026-06-24,1
NE5HoMxz,2026-06-30,1
NE5HoMxz,2026-07-02,1
NE5HoMxz,2026-07-04,1
NE5HoMxz,2026-07-10,1
NEICizyn,2025-07-14,1
NEICizyn,2025-07-15,1
NEICizyn,2025-07-16,1
NEICizyn,2025-07-17,1
NEICizyn,2025-07-18,1
NEICizyn,2025-07-19,2
NEICizyn,2025-07-20,1
NEICizyn,2025-07-21,1
NEICizyn,2025-07-22,1
NEICizyn,2025-07-23,2
NEICizyn,2025-07-24,1
NEICizyn,2025-07-25,1
NEICizyn,2025-07-26,2
NEICizyn,2025-07-28,2
NEICizyn,2025-07-29,1
NExKRD0k,2026-04-19,2
NExKRD0k,2026-04-21,1
NExKRD0k,2026-05-13,1
NF2MhSLn,2025-06-03,2
NF2MhSLn,2025-06-04,1
NF2MhSLn,2025-06-11,1
NF2MhSLn,2025-06-15,2
NF2MhSLn,2025-06-19,1
NF2MhSLn,2025-06-24,1
NF2MhSLn,2025-06-26,1
NFYi0Q4m,2025-11-30,2
NFYi0Q4m,2025-12-22,1
NFYi0Q4m,2025-12-25,1
NFYi0Q4m,2025-12-26,1
NFYi0Q4m,2025-12-27,1
NGlBiaNo,2025-07-05,1
NGlBiaNo,2025-07-13,1
NH2SQ5a0,2025-03-05,1
NHLJixOg,2026-05-24,2
NHtXIDkI,2025-12-12,1
NHtXIDkI,2025-12-24,1
NHxuOan1,2026-03-25,1
NI1fJLlD,2025-04-09,1
NIil0qv3,2025-11-29,1
NIil0qv3,2025-12-05,1
NIil0qv3,2025-12-07,1
NIil0qv3,2025-12-08,4
NIil0qv3,2025-12-10,1
NIil0qv3,2025-12-11,1
NIil0qv3,2025-12-13,1
NIil0qv3,2025-12-19,3
NIil0qv3,2025-12-20,1
NIil0qv3,2025-12-21,1
NIil0qv3,2025-12-25,1
NIil0qv3,2025-12-26,4
NJF7hRkI,2026-03-09,1
NJnRP0nw,2025-07-25,1
NJqs8wmV,2026-01-01,1
NJqs8wmV,2026-01-02,1
NKYGnQBw,2025-03-21,1
NLthBm5X,2026-03-09,1
NLthBm5X,2026-03-15,1
NLthBm5X,2026-03-21,1
NMG7kGym,2026-02-03,1
NMG7kGym,2026-02-07,7
NMG7kGym,2026-02-08,1
NMG7kGym,2026-02-09,1
NMG7kGym,2026-02-12,2
NMG7kGym,2026-02-23,1
NOK7knMJ,2025-12-12,1
NOuMmcU3,2025-08-31,1
NOuMmcU3,2025-09-02,1
NOuMmcU3,2025-09-05,2
NPPRwUOD,2026-02-14,1
NPPRwUOD,2026-02-16,1
NPPRwUOD,2026-02-23,1
NPPRwUOD,2026-02-26,1
NPlC4yII,2025-02-17,1
NPlC4yII,2025-02-19,2
NPlC4yII,2025-02-20,1
NPzojDmI,2025-10-19,1
NPzojDmI,2025-10-20,1
NPzojDmI,2025-10-28,2
NQ2F78Up,2025-09-24,1
NSKQM6kz,2025-10-06,1
NSeLMKfR,2025-02-21,1
NSeLMKfR,2025-02-22,1
NSwUwW8Z,2026-08-18,7
NSwUwW8Z,2026-08-19,8
NSwUwW8Z,2026-08-20,14
NSwUwW8Z,2026-08-22,21
NSwUwW8Z,2026-08-23,1
NSwUwW8Z,2026-08-24,29
NSwUwW8Z,2026-08-25,1
NSwUwW8Z,2026-08-26,4
NSwUwW8Z,2026-08-27,12
NSwUwW8Z,2026-08-28,36
NSwUwW8Z,2026-08-30,16
NSwUwW8Z,2026-08-31,2
NSwUwW8Z,2026-09-01,25
NSwUwW8Z,2026-09-02,2
NSwUwW8Z,2026-09-03,21
NSwUwW8Z,2026-09-04,2
NSwUwW8Z,2026-09-05,14
NSwUwW8Z,2026-09-06,20
NSwUwW8Z,2026-09-07,21
NSwUwW8Z,2026-09-08,1
NSwUwW8Z,2026-09-09,1
NSwUwW8Z,2026-09-10,20
NSwUwW8Z,2026-09-11,1
NSwUwW8Z,2026-09-12,22
NSwUwW8Z,2026-09-13,2
NSwUwW8Z,2026-09-14,19
NSwUwW8Z,2026-09-15,1
NSwUwW8Z,2026-09-16,23
NSwUwW8Z,2026-09-18,16
NSwUwW8Z,2026-09-19,1
NSwUwW8Z,2026-09-20,26
NSwUwW8Z,2026-09-21,2
NTPXXJGC,2025-11-07,1
NTPXXJGC,2025-11-11,4
NTPXXJGC,2025-11-12,1
NTfsFTCW,2025-06-14,1
NTfsFTCW,2025-06-16,2
NTfsFTCW,2025-06-18,1
NTfsFTCW,2025-06-26,1
NUfqwkGi,2025-07-30,1
NUfqwkGi,2025-07-31,2
NUfqwkGi,2025-08-01,2
NUfqwkGi,2025-08-04,1
NUfqwkGi,2025-08-05,1
NV69hnKD,2025-07-14,2
NV69hnKD,2025-07-21,1
NW4OTmKd,2025-08-22,1
NWEY0x7X,2026-08-20,1
NWEY0x7X,2026-09-17,1
NWpT8q6T,2025-10-10,1
NWpT8q6T,2025-10-11,1
NWqnIXsQ,2025-07-12,1
NWqnIXsQ,2025-07-13,1
NXKg2WfO,2026-04-20,1
NXsXCuUZ,2025-06-12,1
NYDoa0Kq,2025-12-06,1
NYDoa0Kq,2025-12-08,1
NYDoa0Kq,2025-12-09,1
NYIlnL67,2026-09-05,1
NYIlnL67,2026-09-06,4
NYIlnL67,2026-09-19,1
NYK8bXyK,2025-06-15,1
NYoluiJU,2026-03-27,1
NYoluiJU,2026-03-31,1
NYtI4Vyf,2025-05-24,1
Na65BiQW,2024-12-31,1
Na65BiQW,2025-01-01,1
Na65BiQW,2025-01-03,1
Na65BiQW,2025-01-04,2
Na65BiQW,2025-01-05,2
Na65BiQW,2025-01-10,2
Na65BiQW,2025-01-20,1
Na65BiQW,2025-01-21,1
Na65BiQW,2025-01-26,1
Na65BiQW,2025-01-27,1
Na65BiQW,2025-02-02,1
Na65BiQW,2025-02-03,1
NaG0x5D2,2026-07-21,1
NaG0x5D2,2026-07-26,1
NaNZg3W4,2025-10-29,1
Nazf2tnz,2026-02-03,1
Nazf2tnz,2026-02-05,1
Nazf2tnz,2026-02-06,1
Nazf2tnz,2026-02-07,2
Nazf2tnz,2026-02-08,5
Nazf2tnz,2026-02-09,2
Nazf2tnz,2026-02-11,2
Nazf2tnz,2026-02-13,2
Nazf2tnz,2026-02-14,2
Nazf2tnz,2026-02-15,2
Nazf2tnz,2026-02-19,3
Nazf2tnz,2026-02-21,4
Nazf2tnz,2026-02-22,3
Nazf2tnz,2026-02-23,2
Nazf2tnz,2026-02-25,6
Nazf2tnz,2026-02-26,1
NbMikKJl,2025-11-02,2
NbMikKJl,2025-11-03,1
NbMikKJl,2025-11-04,1
NbMikKJl,2025-11-05,1
NbMikKJl,2025-11-06,2
NbMikKJl,2025-11-07,2
NbMikKJl,2025-11-08,1
NbMikKJl,2025-11-09,1
NbMikKJl,2025-11-10,18
NbMikKJl,2025-11-11,1
NbMikKJl,2025-11-12,3
NbMikKJl,2025-11-13,3
NbMikKJl,2025-11-14,1
NbMikKJl,2025-11-15,1
NbMikKJl,2025-11-16,2
NbMikKJl,2025-11-17,4
NbMikKJl,2025-11-18,1
NcZQ2rYa,2025-02-18,1
Nd32gvbU,2025-01-01,1
NeBwhDYs,2025-02-07,1
Nf4rsxYG,2025-01-09,2
NfXvfNlW,2025-07-25,1
NfvIsyhP,2025-10-18,1
Ng9OgDg3,2026-07-22,1
Ng9OgDg3,2026-08-06,1
Ng9OgDg3,2026-08-10,1
Ng9OgDg3,2026-08-15,1
Nh31j8Df,2026-01-30,1
Nh6Kz9vW,2025-01-20,1
NhDoOpEe,2025-12-27,1
NhJUEwyG,2025-04-18,1
NhREW3J8,2026-07-18,1
NhREW3J8,2026-07-23,1
NhREW3J8,2026-07-26,2
NiA5blTM,2026-01-03,1
Njo5AsqL,2025-05-18,1
NjqmvMth,2026-07-17,1
NjqmvMth,2026-07-23,1
NjqmvMth,2026-07-25,1
NjqmvMth,2026-08-03,1
NjqmvMth,2026-08-05,1
NjqmvMth,2026-08-09,1
Nk4wgmJZ,2026-08-19,1
Nk4wgmJZ,2026-08-23,1
Nk4wgmJZ,2026-08-24,1
Nk4wgmJZ,2026-08-26,1
Nk4wgmJZ,2026-08-27,1
Nk4wgmJZ,2026-08-29,1
Nk4wgmJZ,2026-09-02,1
Nk4wgmJZ,2026-09-03,1
Nk4wgmJZ,2026-09-05,1
Nk4wgmJZ,2026-09-12,1
Nk4wgmJZ,2026-09-14,1
Nk4wgmJZ,2026-09-15,1
Nk4wgmJZ,2026-09-18,1
Nk4wgmJZ,2026-09-19,3
Nkg1iU1f,2025-05-21,1
NkuypIAy,2026-02-03,3
NkuypIAy,2026-02-06,1
NkuypIAy,2026-02-07,1
NkuypIAy,2026-02-09,1
NkuypIAy,2026-02-10,1
NkuypIAy,2026-02-11,1
NkuypIAy,2026-02-12,5
NkuypIAy,2026-02-13,1
NkuypIAy,2026-02-14,1
NkuypIAy,2026-02-15,3
NkuypIAy,2026-02-16,2
NkuypIAy,2026-02-17,1
NkuypIAy,2026-02-18,1
NkuypIAy,2026-02-19,1
NkuypIAy,2026-02-20,1
NkuypIAy,2026-02-22,1
NkuypIAy,2026-02-23,1
Nl70maUD,2026-07-23,1
Nl70maUD,2026-07-24,2
Nl70maUD,2026-07-28,1
Nl70maUD,2026-08-03,1
Nl70maUD,2026-08-04,1
Nl70maUD,2026-08-08,1
Nl70maUD,2026-08-13,1
Nl70maUD,2026-08-16,1
NlChK5FD,2026-01-03,1
NlChK5FD,2026-01-11,1
NlFOxkNm,2025-02-21,1
NlFOxkNm,2025-02-22,1
NlFOxkNm,2025-02-28,1
NlKho8Tp,2026-06-27,1
NlKho8Tp,2026-07-02,1
Nlgo0Bva,2025-05-11,1
Nm4W0gub,2025-01-24,6
NmDkah16,2025-02-07,1
NmDkah16,2025-02-08,1
NmDkah16,2025-02-09,2
NmFHMUuL,2026-02-04,1
NmFHMUuL,2026-02-24,1
NmVHyw0X,2025-09-25,1
Nn31eXH8,2025-09-02,1
NnWpg30u,2025-03-29,2
NoE0M3lb,2025-07-26,2
NoE0M3lb,2025-07-27,1
NoE0M3lb,2025-07-28,1
NoMSJW4B,2025-04-07,1
NoMSJW4B,2025-04-10,1
NoMSJW4B,2025-04-11,4
NoRVVFeK,2025-05-01,2
NoRVVFeK,2025-05-02,2
NoRVVFeK,2025-05-04,2
NoRVVFeK,2025-05-07,1
NoRVVFeK,2025-05-08,1
NoRVVFeK,2025-05-09,1
NoRVVFeK,2025-05-11,2
NoRVVFeK,2025-05-14,1
NoRVVFeK,2025-05-15,1
NohsDwjF,2026-04-27,1
Nr3JR1k8,2026-05-19,1
Nr3JR1k8,2026-05-28,1
Ns0ycZhi,2025-03-20,1
NsMF2CCF,2025-02-27,2
NsWRPBS9,2025-12-28,1
NsWRPBS9,2026-01-26,1
NsWRPBS9,2026-01-29,1
NsZhspKD,2025-04-27,1
Nsmpar3j,2025-02-21,3
Nsmpar3j,2025-02-22,7
Nsmpar3j,2025-02-25,5
Nsmpar3j,2025-02-26,3
Nsmpar3j,2025-02-27,1
Nsmpar3j,2025-02-28,1
NssqY0T6,2026-07-20,1
NssqY0T6,2026-07-26,1
NssqY0T6,2026-07-30,1
Nt14afLO,2026-09-02,1
Nt14afLO,2026-09-05,1
Nt14afLO,2026-09-08,1
Nt14afLO,2026-09-13,1
Nt14afLO,2026-09-14,1
Nt14afLO,2026-09-15,1
Nt14afLO,2026-09-16,1
Nt14afLO,2026-09-17,1
Nt14afLO,2026-09-18,1
Nt14afLO,2026-09-19,5
Nt14afLO,2026-09-20,4
Nt14afLO,2026-09-21,3
NtvYL4gg,2025-03-05,1
NunfqRgM,2025-06-23,1
NxLuPwMC,2025-10-18,1
NxhxSzZa,2026-04-18,2
NxhxSzZa,2026-04-23,1
NxhxSzZa,2026-04-24,1
NxhxSzZa,2026-04-26,2
NxhxSzZa,2026-04-29,1
NxhxSzZa,2026-04-30,1
NxhxSzZa,2026-05-02,1
NxhxSzZa,2026-05-03,1
NxhxSzZa,2026-05-07,1
NxhxSzZa,2026-05-12,1
NxhxSzZa,2026-05-13,1
NxssK7jb,2026-05-09,1
NxtcAUNN,2026-06-20,1
Ny8XdVaW,2026-03-14,1
Ny8XdVaW,2026-03-19,1
NyEmwebi,2026-08-19,2
NyEmwebi,2026-08-23,1
NyEmwebi,2026-08-28,1
NyEmwebi,2026-09-09,1
NyEmwebi,2026-09-12,1
NyEmwebi,2026-09-13,4
NyEmwebi,2026-09-15,3
NyEmwebi,2026-09-16,1
NyEmwebi,2026-09-19,1
NzELgHgZ,2025-02-08,1
NzkWX8Tk,2026-04-18,1
NzkWX8Tk,2026-04-23,1
NzkWX8Tk,2026-04-28,1
NzkWX8Tk,2026-05-02,1
NzkWX8Tk,2026-05-06,1
NzkWX8Tk,2026-05-07,1
NzkWX8Tk,2026-05-11,1
NzkWX8Tk,2026-05-14,1
O0RXlGdf,2025-11-07,1
O14nKh8Q,2025-06-17,1
O14nKh8Q,2025-06-26,1
O1msGlYw,2025-11-14,1
O1msGlYw,2025-11-17,2
O2D9J5aR,2025-04-13,1
O2bUfk4W,2026-06-28,1
O35TXAFX,2025-08-29,1
O35TXAFX,2025-08-31,1
O36gOfS0,2025-09-14,1
O36gOfS0,2025-09-28,2
O3OUTKGy,2026-02-10,1
O3bHit2M,2025-05-28,1
O4Gvfh5W,2025-07-29,1
O4Vbu3Z5,2025-12-01,1
O4Vbu3Z5,2025-12-26,1
O4aUYSjX,2025-03-09,1
O7JIxbOs,2026-03-01,1
O7fGhl4I,2025-11-13,2
O7fGhl4I,2025-11-15,1
O7fGhl4I,2025-11-17,1
O7gJBb3w,2025-05-25,1
O8hzuPsD,2024-12-29,1
O8mDjXse,2025-06-05,1
O9BRPj2m,2025-12-28,2
O9BRPj2m,2025-12-29,1
O9BRPj2m,2026-01-01,2
O9BRPj2m,2026-01-02,1
O9BRPj2m,2026-01-06,1
O9BRPj2m,2026-01-09,2
O9BRPj2m,2026-01-12,1
O9BRPj2m,2026-01-14,2
O9BRPj2m,2026-01-16,1
O9BRPj2m,2026-01-20,2
O9BRPj2m,2026-01-23,1
O9BRPj2m,2026-01-29,2
O9BRPj2m,2026-01-30,1
O9pSQkM2,2025-11-02,1
O9pSQkM2,2025-11-03,1
O9pSQkM2,2025-11-04,1
O9pSQkM2,2025-11-05,1
O9pSQkM2,2025-11-07,1
O9pSQkM2,2025-11-09,1
O9pSQkM2,2025-11-10,1
O9pSQkM2,2025-11-11,3
O9pSQkM2,2025-11-14,1
O9pSQkM2,2025-11-16,1
O9pSQkM2,2025-11-17,1
O9uqrCRi,2026-09-19,13
O9uqrCRi,2026-09-20,23
O9uqrCRi,2026-09-21,3
O9vlx3Kj,2025-11-08,1
O9vlx3Kj,2025-11-11,1
O9vlx3Kj,2025-11-13,1
OBBrwtNy,2026-04-20,1
OBBrwtNy,2026-04-25,1
OBGUBBv1,2026-05-22,2
OBGUBBv1,2026-05-23,2
OBGUBBv1,2026-05-24,1
OBGUBBv1,2026-06-02,1
OBGUBBv1,2026-06-10,1
OBGUBBv1,2026-06-18,2
OBGUBBv1,2026-06-20,2
OBGUBBv1,2026-06-21,2
OBmvzj7N,2025-11-05,1
OC4UoOxk,2025-03-29,1
OC4UoOxk,2025-03-31,1
OC4UoOxk,2025-04-02,1
OC4UoOxk,2025-04-04,1
OC4UoOxk,2025-04-06,1
OC7r5WiE,2026-09-19,3
OC7r5WiE,2026-09-20,7
OC7r5WiE,2026-09-21,1
OD4r9U8b,2026-02-13,1
OD4r9U8b,2026-02-20,2
OD4r9U8b,2026-02-26,1
ODKQojvf,2025-11-19,1
ODKQojvf,2025-11-24,2
OECjn3Qn,2026-07-18,1
OECjn3Qn,2026-07-19,2
OECjn3Qn,2026-07-20,1
OECjn3Qn,2026-07-24,1
OECjn3Qn,2026-07-28,1
OECjn3Qn,2026-07-30,1
OECjn3Qn,2026-08-05,1
OECjn3Qn,2026-08-06,1
OECjn3Qn,2026-08-08,1
OECjn3Qn,2026-08-12,1
OECjn3Qn,2026-08-13,1
OECjn3Qn,2026-08-14,1
OEqoDH35,2025-05-17,1
OEy7JL7S,2026-07-23,2
OEy7JL7S,2026-08-06,1
OF2Yd3nR,2025-02-10,1
OF4f8D26,2025-05-02,2
OH701eWG,2025-09-13,1
OHHxS96w,2025-08-12,1
OHHxS96w,2025-08-14,1
OHHxS96w,2025-08-18,1
OHg4tOpl,2026-04-17,1
OHssUwuA,2025-03-14,1
OIhnvp6J,2025-12-30,1
OIhnvp6J,2025-12-31,5
OIhnvp6J,2026-01-01,5
OIhnvp6J,2026-01-04,4
OIhnvp6J,2026-01-06,1
OIhnvp6J,2026-01-07,2
OIhnvp6J,2026-01-08,3
OIhnvp6J,2026-01-09,3
OIhnvp6J,2026-01-10,1
OIhnvp6J,2026-01-11,6
OIhnvp6J,2026-01-12,2
OIhnvp6J,2026-01-13,2
OIhnvp6J,2026-01-14,1
OIhnvp6J,2026-01-15,1
OIhnvp6J,2026-01-16,1
OIhnvp6J,2026-01-17,1
OIhnvp6J,2026-01-18,5
OIhnvp6J,2026-01-19,2
OIhnvp6J,2026-01-20,1
OIhnvp6J,2026-01-21,3
OIhnvp6J,2026-01-23,2
OIhnvp6J,2026-01-25,2
OIhnvp6J,2026-01-26,1
OIhnvp6J,2026-01-27,2
OIhnvp6J,2026-01-28,3
OIhnvp6J,2026-01-30,3
OIhnvp6J,2026-01-31,2
OIhnvp6J,2026-02-01,4
OIhnvp6J,2026-02-02,3
OIlsnjGo,2025-08-08,1
OIlsnjGo,2025-08-10,1
OIlsnjGo,2025-08-22,1
OIlsnjGo,2025-08-24,1
OIongXjv,2026-02-08,1
OIoxsY0p,2026-04-25,1
OIoxsY0p,2026-05-02,1
OIoxsY0p,2026-05-04,1
OIoxsY0p,2026-05-05,1
OLbz8gW5,2026-04-21,1
OLbz8gW5,2026-04-30,1
OLbz8gW5,2026-05-04,1
OLbz8gW5,2026-05-14,1
ON7trFKa,2026-07-30,1
OORi416A,2025-04-26,1
OPOROsty,2026-08-19,1
OPOROsty,2026-09-15,1
OPOROsty,2026-09-17,1
OPpTaT2j,2025-02-06,1
OPpTaT2j,2025-02-07,2
OPpUrmLV,2025-11-25,1
OQWHkqhy,2025-03-25,1
OQWHkqhy,2025-03-26,1
OQWHkqhy,2025-03-27,1
OQgEfD7n,2025-03-20,1
OQgEfD7n,2025-03-27,2
OQsb8LfQ,2025-03-18,1
ORHgdbRp,2025-08-28,1
ORgPKFpZ,2025-03-18,2
ORwBCbYn,2026-05-04,1
OSLnjLzs,2025-02-18,1
OSnt2TeF,2025-10-06,1
OSzFDP1d,2026-05-13,1
OT53lXQJ,2025-07-13,1
OTKxna6L,2025-10-06,1
OTKxna6L,2025-10-10,3
OTKxna6L,2025-10-11,1
OTKxna6L,2025-10-14,3
OTLN5aWc,2025-11-23,2
OTLN5aWc,2025-11-24,2
OTLN5aWc,2025-11-27,1
OUrdWuG9,2025-05-02,2
OVTiaLtW,2026-05-29,1
OVTiaLtW,2026-06-18,1
OVtyTmul,2025-10-15,1
OVtyTmul,2025-10-20,1
OVtyTmul,2025-10-29,1
OW9RgOMT,2025-03-04,3
OW9RgOMT,2025-03-05,3
OW9RgOMT,2025-03-09,1
OX2JSc2X,2026-09-05,1
OXHNeVqF,2026-05-16,1
OXHNeVqF,2026-05-17,1
OXHNeVqF,2026-05-26,1
OXHNeVqF,2026-06-08,1
OXHNeVqF,2026-06-11,2
OXHNeVqF,2026-06-14,1
OXHNeVqF,2026-06-21,1
OXKs0rbd,2026-02-07,1
OXKs0rbd,2026-02-15,1
OXO9gW5b,2025-05-01,1
OXzdlFEB,2025-12-04,2
OXzdlFEB,2025-12-05,1
OXzdlFEB,2025-12-06,1
OXzdlFEB,2025-12-08,1
OXzdlFEB,2025-12-16,1
OXzdlFEB,2025-12-21,1
OY0vyqh0,2026-02-16,1
OY0vyqh0,2026-02-22,1
OYFE1dsZ,2026-04-16,1
OYFE1dsZ,2026-04-18,1
OYFE1dsZ,2026-04-21,1
OYFE1dsZ,2026-05-01,1
OYFE1dsZ,2026-05-09,2
OYFE1dsZ,2026-05-12,2
OYFE1dsZ,2026-05-13,1
OYFE1dsZ,2026-05-14,1
OYch2RjN,2026-03-23,1
OYch2RjN,2026-03-26,1
OYch2RjN,2026-03-27,1
OYch2RjN,2026-03-30,1
OYch2RjN,2026-03-31,2
OYch2RjN,2026-04-01,1
OYch2RjN,2026-04-03,4
OYch2RjN,2026-04-04,1
OYch2RjN,2026-04-06,1
OYch2RjN,2026-04-09,1
OYch2RjN,2026-04-10,2
OYch2RjN,2026-04-11,3
OYch2RjN,2026-04-12,2
OYch2RjN,2026-04-13,1
OYch2RjN,2026-04-14,2
OYrrPmAn,2026-07-29,3
OapEnWXk,2025-11-02,1
OapEnWXk,2025-11-06,1
OapEnWXk,2025-11-11,1
OapEnWXk,2025-11-16,1
OapEnWXk,2025-11-17,1
ObBDKXA0,2025-08-15,1
Oc3vmA4W,2024-12-26,4
Oc3vmA4W,2024-12-27,2
Oc3vmA4W,2024-12-29,4
OddqrK9W,2025-09-06,1
OddqrK9W,2025-09-09,1
OddqrK9W,2025-09-12,1
OdluUUS5,2025-12-11,1
OelzGU2O,2026-03-20,1
OgVTxZ8C,2026-08-14,1
Oh8SUBKp,2025-03-07,1
OhX3hQJ3,2026-08-18,1
OhX3hQJ3,2026-09-10,1
OhX3hQJ3,2026-09-11,1
OhX3hQJ3,2026-09-17,1
OhX3hQJ3,2026-09-19,4
OhX3hQJ3,2026-09-20,5
OhX3hQJ3,2026-09-21,3
Ohf0EDKy,2025-04-07,1
OiSQX131,2025-05-24,1
OiuwD5C4,2025-03-22,1
Oj5QRVb3,2026-04-19,1
Oj5QRVb3,2026-04-22,1
Oj5QRVb3,2026-05-13,1
OjTfR3lG,2025-04-23,1
Oje6ZRxI,2025-04-16,1
Oje6ZRxI,2025-04-26,1
Ok7PaLWN,2024-12-30,1
Ok7PaLWN,2024-12-31,1
Ok7PaLWN,2025-01-15,1
OkGxL5qc,2025-05-17,1
OkXg1TJp,2025-09-21,1
OkXg1TJp,2025-09-26,2
Ol8aS8bt,2025-02-18,2
OlW1Qfb9,2025-12-03,1
Om3dhEKy,2025-11-08,1
Om5GqTPb,2026-01-08,1
Om5GqTPb,2026-01-09,1
OmDEdk8t,2025-10-07,1
OmDEdk8t,2025-10-10,1
OmDEdk8t,2025-10-11,1
OmDEdk8t,2025-10-13,1
OmFfIfu3,2025-03-28,2
OmFfIfu3,2025-04-02,1
OmFfIfu3,2025-04-04,2
OmFfIfu3,2025-04-05,4
OmHfkdyi,2026-09-03,1
OmHfkdyi,2026-09-20,31
OmjXw47x,2025-11-07,1
OmjXw47x,2025-11-09,1
OmjXw47x,2025-11-14,4
OmjXw47x,2025-11-15,2
OmjXw47x,2025-11-16,2
On3LpQMQ,2026-03-01,2
On3LpQMQ,2026-03-02,1
On3LpQMQ,2026-03-07,1
On3LpQMQ,2026-03-09,1
On3LpQMQ,2026-03-15,1
On3LpQMQ,2026-03-16,1
On3LpQMQ,2026-03-23,1
Onq4r1aH,2025-10-16,1
Onq4r1aH,2025-10-18,1
Onq4r1aH,2025-10-21,2
Onq4r1aH,2025-10-23,1
Onq4r1aH,2025-10-25,1
Onq4r1aH,2025-10-26,4
Onq4r1aH,2025-10-28,2
Onq4r1aH,2025-10-30,1
Onq4r1aH,2025-11-01,4
OnstfDSS,2026-03-24,1
OnstfDSS,2026-03-29,1
OnstfDSS,2026-04-04,1
OoZOO6t5,2025-09-08,1
OoZOO6t5,2025-09-12,1
OoZOO6t5,2025-09-13,1
OpKQQYwv,2026-05-15,1
OpKQQYwv,2026-06-04,1
Or9GRlfM,2026-07-22,1
Or9GRlfM,2026-07-24,1
Or9GRlfM,2026-08-01,1
Or9GRlfM,2026-08-02,1
Or9GRlfM,2026-08-07,1
OrX2EMYJ,2025-09-13,1
OrZdOUel,2025-10-06,1
OrZdOUel,2025-10-08,1
OrfGRQMa,2026-05-15,2
OrfGRQMa,2026-05-18,2
OrfGRQMa,2026-05-26,1
OrfGRQMa,2026-06-15,1
Os8pq87J,2025-09-14,1
Os8pq87J,2025-09-27,1
OsMDOH3d,2025-07-31,1
OsMDOH3d,2025-08-01,1
OsMDOH3d,2025-08-03,1
OsMDOH3d,2025-08-06,1
OsU0wxCQ,2025-03-14,1
OsU0wxCQ,2025-03-15,1
Otc20smp,2026-05-15,1
OuIDTIXp,2026-08-19,1
OuIDTIXp,2026-08-27,1
OuIDTIXp,2026-08-31,4
OuIDTIXp,2026-09-01,2
OuIDTIXp,2026-09-02,1
OuIDTIXp,2026-09-03,2
OuIDTIXp,2026-09-05,1
OuIDTIXp,2026-09-06,8
OuIDTIXp,2026-09-07,1
OuIDTIXp,2026-09-11,2
OuIDTIXp,2026-09-12,1
OuIDTIXp,2026-09-17,1
OuIDTIXp,2026-09-18,1
OuIDTIXp,2026-09-20,2
OuIDTIXp,2026-09-21,4
Ov8p5hMm,2026-08-19,1
Ov8p5hMm,2026-08-29,1
Ov8p5hMm,2026-09-04,1
Ov8p5hMm,2026-09-10,1
Ov8p5hMm,2026-09-17,1
Ov8p5hMm,2026-09-19,1
Ov8p5hMm,2026-09-20,1
Ov8p5hMm,2026-09-21,1
OwfA2LvU,2025-02-25,2
OwrULOnE,2025-08-08,1
Ox4EIt3b,2026-06-27,1
Ox779u7t,2026-03-23,3
Ox779u7t,2026-03-24,2
Ox779u7t,2026-03-25,3
Ox779u7t,2026-03-27,2
Ox779u7t,2026-03-30,1
Ox779u7t,2026-04-05,3
Ox779u7t,2026-04-06,1
Oy1IdESc,2026-04-30,1
OzTLfKF7,2026-02-09,3
OzTLfKF7,2026-02-13,1
OzTLfKF7,2026-02-15,2
OzTLfKF7,2026-02-16,3
OzTLfKF7,2026-02-17,1
OzTLfKF7,2026-02-18,2
OzTLfKF7,2026-02-21,1
P0c9D15G,2026-05-24,2
P0c9D15G,2026-05-30,1
P0c9D15G,2026-06-19,1
P0c9D15G,2026-06-22,1
P0xMRgAC,2026-04-28,1
P0xMRgAC,2026-05-03,1
P0xMRgAC,2026-05-10,1
P0xMRgAC,2026-05-11,1
P14SrIO7,2025-04-18,1
P14SrIO7,2025-04-25,1
P2Hhw37y,2025-05-06,1
P2Hhw37y,2025-05-15,1
P2hFlhkz,2026-07-12,1
P2hFlhkz,2026-07-14,1
P2hFlhkz,2026-07-15,1
P2k94wRB,2025-09-07,2
P2k94wRB,2025-09-10,1
P38lLtHK,2026-09-02,1
P38lLtHK,2026-09-15,9
P38lLtHK,2026-09-16,1
P38lLtHK,2026-09-18,3
P38lLtHK,2026-09-19,3
P38lLtHK,2026-09-20,5
P38lLtHK,2026-09-21,17
P3k81bZd,2024-12-28,1
P3uGXyTg,2025-01-05,1
P3uGXyTg,2025-01-14,1
P3uGXyTg,2025-01-15,2
P3uGXyTg,2025-01-24,1
P41AxI9k,2025-11-15,3
P41AxI9k,2025-11-17,5
P4zPdkXP,2026-04-17,5
P4zPdkXP,2026-04-19,2
P4zPdkXP,2026-04-23,1
P4zPdkXP,2026-04-24,1
P4zPdkXP,2026-04-26,2
P4zPdkXP,2026-04-27,1
P4zPdkXP,2026-04-29,2
P4zPdkXP,2026-04-30,1
P4zPdkXP,2026-05-03,3
P4zPdkXP,2026-05-04,1
P4zPdkXP,2026-05-06,1
P4zPdkXP,2026-05-12,2
P4zPdkXP,2026-05-13,3
P4zcyTmH,2025-01-06,1
P4zcyTmH,2025-01-09,1
P4zcyTmH,2025-01-21,1
P4zcyTmH,2025-01-24,1
P4zcyTmH,2025-01-25,1
P4zcyTmH,2025-01-26,1
P4zcyTmH,2025-01-27,1
P4zcyTmH,2025-01-28,1
P5DXpnjD,2025-08-27,1
P5QmRkAF,2026-09-06,1
P5QmRkAF,2026-09-14,1
P5mCfLtn,2026-05-08,1
P5mCfLtn,2026-05-10,1
P5yEhFeJ,2026-02-07,1
P5yEhFeJ,2026-02-08,2
P5yEhFeJ,2026-02-09,1
P5yEhFeJ,2026-02-10,1
P6bWk4eP,2025-11-29,2
P6bWk4eP,2025-12-08,2
P6bWk4eP,2025-12-10,1
P6bWk4eP,2025-12-12,1
P6bWk4eP,2025-12-13,1
P6bWk4eP,2025-12-23,1
P6bWk4eP,2025-12-25,1
P6bWk4eP,2025-12-27,1
P7S104Vi,2025-08-09,1
P7XL0lyl,2025-07-30,1
P7XL0lyl,2025-07-31,1
P7XL0lyl,2025-08-01,1
P8prBeGN,2025-01-13,1
P8prBeGN,2025-01-17,1
P8prBeGN,2025-01-21,1
P8prBeGN,2025-01-30,1
P8qcyRGB,2025-01-05,1
P8xT2sEm,2025-12-10,1
P8xT2sEm,2025-12-16,1
P90mh6zK,2026-08-29,1
P90mh6zK,2026-08-30,1
P90mh6zK,2026-09-10,1
P9Mbqfe9,2026-06-25,1
P9Mbqfe9,2026-07-06,1
P9Mbqfe9,2026-07-07,1
P9Mbqfe9,2026-07-11,1
P9rz3mYh,2025-08-01,1
P9rz3mYh,2025-08-03,1
PAMgL8dS,2026-06-24,4
PAMgL8dS,2026-07-07,2
PAQhVaNz,2025-03-31,1
PAQhVaNz,2025-04-01,1
PAUCwRdl,2026-05-27,2
PAUCwRdl,2026-05-28,2
PAUCwRdl,2026-05-29,1
PAUCwRdl,2026-05-30,2
PAUCwRdl,2026-06-01,4
PAUCwRdl,2026-06-07,1
PAUCwRdl,2026-06-08,1
PAUCwRdl,2026-06-17,1
PAUCwRdl,2026-06-21,1
PB58V4Cr,2025-07-17,1
PB58V4Cr,2025-07-18,2
PB58V4Cr,2025-07-21,1
PB58V4Cr,2025-07-23,1
PBQVYv9b,2026-08-19,2
PBQVYv9b,2026-08-28,1
PBQVYv9b,2026-08-29,1
PBQVYv9b,2026-08-31,2
PBQVYv9b,2026-09-01,1
PBQVYv9b,2026-09-03,3
PBQVYv9b,2026-09-07,1
PBQVYv9b,2026-09-16,1
PBQVYv9b,2026-09-17,1
PBQVYv9b,2026-09-18,1
PBdS8mKG,2026-07-19,1
PBdS8mKG,2026-07-20,1
PBdS8mKG,2026-07-30,1
PBdS8mKG,2026-08-03,1
PBdS8mKG,2026-08-10,1
PBdS8mKG,2026-08-11,1
PBdS8mKG,2026-08-13,1
PBdS8mKG,2026-08-16,1
PBqBgFNo,2025-11-21,1
PBqBgFNo,2025-11-22,2
PBqBgFNo,2025-11-24,2
PBqBgFNo,2025-11-25,1
PBqBgFNo,2025-11-28,1
PC9D0lIM,2026-07-17,4
PC9D0lIM,2026-07-18,1
PC9D0lIM,2026-07-19,1
PC9D0lIM,2026-07-21,1
PC9D0lIM,2026-07-28,1
PC9D0lIM,2026-08-01,2
PC9D0lIM,2026-08-02,1
PC9D0lIM,2026-08-03,1
PC9D0lIM,2026-08-11,1
PC9D0lIM,2026-08-16,1
PC9D0lIM,2026-08-17,1
PCibwSHD,2026-03-23,1
PDRthhDQ,2026-03-24,1
PEA3AP57,2026-02-12,1
PEA3AP57,2026-02-21,1
PEA3AP57,2026-02-24,1
PEA3AP57,2026-02-26,1
PELu1XEK,2026-04-29,1
PELu1XEK,2026-05-02,1
PElJFfbD,2025-02-23,1
PEryDiMs,2025-07-15,1
PEryDiMs,2025-07-17,1
PFGALK47,2025-05-01,1
PGeWGDtR,2026-06-27,1
PIGJPeHl,2026-01-01,2
PIGJPeHl,2026-01-11,1
PIGJPeHl,2026-01-28,1
PJ2Qu4qQ,2026-07-31,1
PJij5ZT8,2025-11-25,1
PK1BQspR,2026-03-24,2
PK1BQspR,2026-03-30,2
PK1BQspR,2026-04-06,1
PK1BQspR,2026-04-15,1
PK1BQspR,2026-04-16,1
PK5wmYVs,2026-02-14,1
PK5wmYVs,2026-02-26,1
PKNrF3Uy,2025-10-05,2
PKNrF3Uy,2025-10-06,5
PKNrF3Uy,2025-10-07,2
PKNrF3Uy,2025-10-08,1
PKNrF3Uy,2025-10-09,2
PLIM6kdD,2025-02-21,1
PLIM6kdD,2025-02-24,1
PLZuwi8e,2026-07-16,19
PLZuwi8e,2026-07-17,34
PLZuwi8e,2026-07-19,16
PLZuwi8e,2026-07-21,27
PLZuwi8e,2026-07-23,23
PLZuwi8e,2026-07-25,17
PLZuwi8e,2026-07-27,23
PLZuwi8e,2026-07-29,8
PLZuwi8e,2026-07-30,1
PLZuwi8e,2026-07-31,18
PLZuwi8e,2026-08-02,12
PLZuwi8e,2026-08-04,26
PLZuwi8e,2026-08-06,22
PLZuwi8e,2026-08-08,19
PLZuwi8e,2026-08-10,24
PLZuwi8e,2026-08-12,13
PLZuwi8e,2026-08-13,2
PLZuwi8e,2026-08-14,22
PLZuwi8e,2026-08-17,7
PLfviGOl,2026-03-30,2
PLfviGOl,2026-04-03,1
PLfviGOl,2026-04-10,1
PLfviGOl,2026-04-12,1
PLxAE1M7,2025-03-19,1
PMHYJgyj,2025-12-07,1
PMHYJgyj,2025-12-08,1
PMHYJgyj,2025-12-10,1
PMHYJgyj,2025-12-22,1
PMHYJgyj,2025-12-26,2
PMaE3Gbd,2026-02-03,1
PMaE3Gbd,2026-02-14,1
PMaE3Gbd,2026-02-21,1
PMaE3Gbd,2026-02-23,2
PN6m8jZg,2025-07-27,1
PN6m8jZg,2025-07-28,1
PNOXRR8v,2025-10-11,1
PNROE5op,2026-04-18,1
PNROE5op,2026-05-09,1
PNmBdlPj,2025-07-11,1
PP7xa7iR,2025-05-15,1
PQX7d7VD,2026-09-14,1
PQX7d7VD,2026-09-17,2
PQX7d7VD,2026-09-18,1
PQX7d7VD,2026-09-19,4
PQX7d7VD,2026-09-20,4
PQX7d7VD,2026-09-21,4
PRMexSLB,2026-01-01,1
PRWlW5Ko,2025-03-31,1
PRiGmwwv,2025-11-30,1
PRiGmwwv,2025-12-10,1
PRiGmwwv,2025-12-20,1
PRn82Kf0,2026-07-13,1
PRxpKf1y,2026-07-20,1
PRxpKf1y,2026-07-23,1
PRxpKf1y,2026-07-25,1
PRxpKf1y,2026-07-27,1
PRxpKf1y,2026-07-30,2
PRxpKf1y,2026-08-02,1
PRxpKf1y,2026-08-03,1
PRxpKf1y,2026-08-06,2
PRxpKf1y,2026-08-07,2
PRxpKf1y,2026-08-09,1
PRxpKf1y,2026-08-13,1
PRxpKf1y,2026-08-14,1
PRxpKf1y,2026-08-16,1
PRxpKf1y,2026-08-17,3
PSkQ0EOH,2025-08-14,1
PSkQ0EOH,2025-08-17,1
PTTZAs2C,2025-03-24,1
PTVQpnl1,2026-06-17,1
PTVQpnl1,2026-06-22,2
PTchHvhm,2025-10-18,1
PTchHvhm,2025-10-20,1
PTi4Tex0,2025-09-11,1
PTqd8rnL,2026-06-24,1
PUUhObug,2026-07-12,1
PVK7ZJsi,2025-02-19,1
PWKZ8cKe,2025-04-07,1
PWZTYU8n,2025-11-22,1
PXN8qns2,2025-09-06,1
PXN8qns2,2025-09-10,3
PXN8qns2,2025-09-13,1
PXbGOa1e,2026-06-06,1
PXbGOa1e,2026-06-07,1
PXbSL2m1,2026-04-28,1
PYcTxQB2,2026-05-24,2
PYfMBnQt,2026-06-24,2
PYfMBnQt,2026-06-26,1
PYfMBnQt,2026-06-28,3
PYfMBnQt,2026-06-29,1
PYfMBnQt,2026-07-02,1
PYfMBnQt,2026-07-03,1
PYfMBnQt,2026-07-04,1
PYfMBnQt,2026-07-06,1
PYfMBnQt,2026-07-08,2
PZLoofjz,2025-08-31,1
PZLoofjz,2025-09-01,1
PZLoofjz,2025-09-04,1
PZUOhn4m,2026-03-01,1
Pa1bDjfb,2026-08-19,1
Pa1bDjfb,2026-08-20,1
Pa1bDjfb,2026-08-21,1
Pa1bDjfb,2026-08-23,3
Pa1bDjfb,2026-08-26,2
Pa1bDjfb,2026-08-31,1
Pa1bDjfb,2026-09-02,1
Pa1bDjfb,2026-09-05,2
Pa1bDjfb,2026-09-06,2
Pa1bDjfb,2026-09-10,2
Pa1bDjfb,2026-09-11,1
Pa1bDjfb,2026-09-12,1
Pa1bDjfb,2026-09-16,1
Pa1bDjfb,2026-09-17,1
Pa1bDjfb,2026-09-18,1
Pa1bDjfb,2026-09-19,2
Pa1bDjfb,2026-09-20,10
Pa3EiUtY,2025-06-13,1
Pa3EiUtY,2025-06-14,1
Pa3EiUtY,2025-06-26,1
PatU1Wg1,2026-02-21,1
PazASuuC,2026-09-19,1
PazASuuC,2026-09-21,2
Pb4avcpx,2025-01-06,1
Pb4avcpx,2025-01-08,1
Pb4avcpx,2025-01-12,1
PbTHbqHe,2025-05-07,1
PbpD5OLW,2026-08-03,1
PbpD5OLW,2026-08-13,1
PcAxRQth,2026-03-08,1
PcZLpGbZ,2025-02-22,1
PcZLpGbZ,2025-02-28,2
PcwNR6kj,2026-04-03,1
Pd9b1y3L,2026-03-23,1
Pd9b1y3L,2026-04-01,1
Pd9b1y3L,2026-04-02,2
Pd9b1y3L,2026-04-04,2
Pd9b1y3L,2026-04-06,1
Pd9b1y3L,2026-04-07,2
Pd9b1y3L,2026-04-09,3
Pd9b1y3L,2026-04-12,1
Pd9b1y3L,2026-04-15,1
PdXKWaMk,2026-09-18,1
PdXKWaMk,2026-09-19,2
PdXKWaMk,2026-09-20,6
PdXKWaMk,2026-09-21,2
PeDqgggi,2025-12-08,1
Pf1uIPfh,2026-04-19,1
Pf1uIPfh,2026-04-26,1
Pf1uIPfh,2026-05-03,1
Pf1uIPfh,2026-05-10,1
Pf4HZXnA,2025-07-25,2
Pf4HZXnA,2025-07-27,1
PfcJi6ZH,2026-02-04,3
PfcJi6ZH,2026-02-05,1
PfcJi6ZH,2026-02-06,1
PfcJi6ZH,2026-02-10,1
PfcJi6ZH,2026-02-13,1
PfcJi6ZH,2026-02-15,2
PfcJi6ZH,2026-02-19,1
PfcJi6ZH,2026-02-22,1
PfcJi6ZH,2026-02-25,1
PgqzbsFI,2026-03-26,1
PgqzbsFI,2026-04-01,2
PgqzbsFI,2026-04-06,1
PgqzbsFI,2026-04-14,1
PhGQo2wB,2026-04-17,1
PhGQo2wB,2026-04-19,1
PhGQo2wB,2026-04-26,1
PhGQo2wB,2026-05-03,1
PhNlxVxG,2025-11-10,3
Phecs7s2,2026-01-31,1
Pi0scdDt,2026-03-25,4
Pi0scdDt,2026-03-26,1
Pj4SA6sz,2025-01-25,1
Pj4SA6sz,2025-01-31,1
PjMY4HsY,2025-02-12,1
Pk74GHWv,2025-05-08,1
PlBJu67e,2026-06-05,1
PlTeTmgi,2025-09-16,1
PlZ3O5Da,2026-01-02,1
PlZ3O5Da,2026-01-29,1
Plex5C37,2026-08-06,1
Plex5C37,2026-08-17,1
Plv7gdmz,2026-08-30,1
Plv7gdmz,2026-09-18,1
Plv7gdmz,2026-09-19,1
Plv7gdmz,2026-09-21,2
PmRoz9Eo,2025-08-07,1
PmRoz9Eo,2025-08-08,1
PmRoz9Eo,2025-08-10,1
PmRoz9Eo,2025-08-11,1
PmRoz9Eo,2025-08-12,1
PmRoz9Eo,2025-08-13,1
PmRoz9Eo,2025-08-14,1
PmRoz9Eo,2025-08-17,2
PmRoz9Eo,2025-08-19,1
PmRoz9Eo,2025-08-20,1
PmRoz9Eo,2025-08-21,1
PmRoz9Eo,2025-08-22,1
PmRoz9Eo,2025-08-23,1
PmRoz9Eo,2025-08-24,1
PmRoz9Eo,2025-08-26,1
Pn5QIwiU,2026-07-19,1
PnaGQi40,2026-09-16,1
PnaGQi40,2026-09-20,1
PnpAfwn9,2025-12-05,1
PoIW6fzo,2026-02-03,1
PoIW6fzo,2026-02-06,1
PoIW6fzo,2026-02-09,1
PoIW6fzo,2026-02-11,1
PoIW6fzo,2026-02-12,1
PoIW6fzo,2026-02-13,1
PoIW6fzo,2026-02-14,4
PoIW6fzo,2026-02-17,5
PoIW6fzo,2026-02-22,1
PoIW6fzo,2026-02-24,1
Pp76Wiz3,2025-10-26,1
Pp76Wiz3,2025-10-28,2
Pp76Wiz3,2025-11-01,1
PpCWFxOA,2025-07-18,1
PpyhDkWn,2025-05-30,1
PpyhDkWn,2025-05-31,1
PpyhDkWn,2025-06-04,1
PpyhDkWn,2025-06-06,1
PpyhDkWn,2025-06-12,2
PpyhDkWn,2025-06-22,1
PqzPlTvh,2026-06-23,2
PqzPlTvh,2026-06-24,2
PqzPlTvh,2026-06-25,2
PqzPlTvh,2026-06-26,3
PqzPlTvh,2026-06-27,2
PqzPlTvh,2026-06-28,2
PqzPlTvh,2026-06-29,2
PqzPlTvh,2026-06-30,2
PqzPlTvh,2026-07-01,2
PqzPlTvh,2026-07-02,2
PqzPlTvh,2026-07-03,2
PqzPlTvh,2026-07-04,2
PqzPlTvh,2026-07-05,2
PqzPlTvh,2026-07-06,2
PqzPlTvh,2026-07-07,2
PqzPlTvh,2026-07-08,2
PqzPlTvh,2026-07-09,2
PqzPlTvh,2026-07-10,2
PqzPlTvh,2026-07-11,2
PqzPlTvh,2026-07-12,3
PqzPlTvh,2026-07-13,2
PqzPlTvh,2026-07-14,2
PqzPlTvh,2026-07-15,2
Pr3fHGJa,2026-09-17,3
Pr3fHGJa,2026-09-19,1
Pr3fHGJa,2026-09-20,1
Pr3fHGJa,2026-09-21,2
Pre7F0qC,2025-09-13,2
Ps2kDT19,2025-07-19,1
Ps2kDT19,2025-07-21,1
Ps2kDT19,2025-07-22,1
Ps2kDT19,2025-07-24,1
Ps2kDT19,2025-07-25,1
Ps2kDT19,2025-07-26,2
Ps2kDT19,2025-07-29,1
Ps6kXlW5,2024-12-26,2
Ps6kXlW5,2024-12-28,2
Ps6kXlW5,2024-12-29,16
Ps6kXlW5,2024-12-30,6
PtOJ7G3d,2026-03-27,2
PtOJ7G3d,2026-03-28,2
PtOJ7G3d,2026-04-10,1
Pu9nihNW,2026-01-24,1
PuW4H8Fv,2025-09-13,1
PuZlUNJk,2026-01-01,1
PuZlUNJk,2026-01-06,1
PuZlUNJk,2026-01-11,1
PuZlUNJk,2026-01-13,1
PuZlUNJk,2026-01-17,1
PuZlUNJk,2026-01-20,2
PuZlUNJk,2026-01-27,1
PuZlUNJk,2026-01-28,2
PvbmoWLD,2026-02-09,1
PvhwoENp,2025-08-23,1
PvqFpHmy,2025-04-17,1
PvqFpHmy,2025-04-25,1
PvqFpHmy,2025-04-26,1
PvqFpHmy,2025-04-27,1
PvqFpHmy,2025-04-28,1
PwFoK7KG,2025-09-06,1
PwFoK7KG,2025-09-10,1
PwFoK7KG,2025-09-11,1
PwFoK7KG,2025-09-12,1
PwFoK7KG,2025-09-13,1
PwZaN923,2026-08-02,1
Pwv2VpVE,2025-09-22,1
Pwv2VpVE,2025-09-27,1
Px8Z5gig,2026-02-07,1
PxqX2kFz,2025-06-27,1
PxqX2kFz,2025-06-29,1
PxqX2kFz,2025-07-01,1
PxqX2kFz,2025-07-04,1
PxqX2kFz,2025-07-07,1
PxqX2kFz,2025-07-10,3
PxqX2kFz,2025-07-11,1
PxqX2kFz,2025-07-13,1
Q0l3QWh7,2025-11-21,2
Q0l3QWh7,2025-11-22,7
Q0l3QWh7,2025-11-23,1
Q0l3QWh7,2025-11-24,1
Q1EVfEtN,2025-10-13,4
Q1QZUHQ9,2025-09-13,1
Q2spW922,2025-06-12,1
Q2spW922,2025-06-13,1
Q2spW922,2025-06-23,1
Q43GM7fv,2025-09-13,1
Q46sMPbR,2025-03-03,1
Q5bhMncF,2025-01-18,1
Q5cumN6P,2026-08-21,1
Q5cumN6P,2026-08-28,1
Q5cumN6P,2026-08-29,1
Q5cumN6P,2026-09-04,1
Q5cumN6P,2026-09-10,1
Q5cumN6P,2026-09-13,1
Q5cumN6P,2026-09-15,1
Q5cumN6P,2026-09-17,1
Q5cumN6P,2026-09-19,3
Q5cumN6P,2026-09-20,1
Q5cumN6P,2026-09-21,1
Q6Rc14Ap,2025-12-20,1
Q6Rc14Ap,2025-12-25,1
Q6Rc14Ap,2025-12-26,1
Q6VnBcLC,2026-05-22,2
Q6VnBcLC,2026-06-02,3
Q6VnBcLC,2026-06-05,1
Q6uqOIqI,2025-10-28,1
Q6vxy73J,2025-08-26,1
Q6vxy73J,2025-08-28,1
Q6vxy73J,2025-08-30,1
Q6vxy73J,2025-09-05,1
Q6wdlaLp,2025-09-03,1
Q6zZXJ2p,2025-01-18,1
Q8H0NP1E,2025-05-31,1
Q8H0NP1E,2025-06-05,1
Q8H0NP1E,2025-06-06,4
Q8H0NP1E,2025-06-07,2
Q8H0NP1E,2025-06-08,3
Q8H0NP1E,2025-06-09,1
Q8b7jeKT,2025-05-08,1
Q8p7j4RG,2026-03-28,1
Q9Gnq9Vu,2025-09-04,1
QA4QOBUQ,2025-03-10,1
QA4QOBUQ,2025-03-12,2
QA4QOBUQ,2025-03-13,1
QA4QOBUQ,2025-03-17,1
QAjN48n8,2026-06-24,1
QAjN48n8,2026-06-28,1
QAjN48n8,2026-06-30,1
QAjN48n8,2026-07-01,2
QAjN48n8,2026-07-09,1
QAjN48n8,2026-07-12,1
QAjqOljz,2025-02-14,1
QAjqOljz,2025-02-15,1
QAjqOljz,2025-02-18,1
QAzGRaH4,2025-07-13,2
QBjXDUDj,2026-06-23,1
QBjXDUDj,2026-06-26,1
QBjXDUDj,2026-06-30,2
QBjXDUDj,2026-07-06,4
QBjXDUDj,2026-07-07,2
QBjXDUDj,2026-07-10,1
QBjXDUDj,2026-07-13,1
QBjXDUDj,2026-07-14,1
QClD5Acf,2025-03-21,1
QClD5Acf,2025-03-25,1
QDRlqrAt,2026-03-23,1
QDRlqrAt,2026-03-29,1
QDRlqrAt,2026-03-30,2
QDRlqrAt,2026-04-03,1
QDRlqrAt,2026-04-09,2
QDkR5pD7,2026-02-23,1
QEOZF8uN,2026-08-05,1
QEc0GF05,2025-04-25,1
QEcFxCL4,2025-07-31,1
QG9jkLKd,2025-09-13,1
QGaQDLf5,2025-10-16,4
QGaQDLf5,2025-10-17,2
QGaQDLf5,2025-10-18,2
QGaQDLf5,2025-10-19,3
QGaQDLf5,2025-10-20,2
QGaQDLf5,2025-10-21,1
QGaQDLf5,2025-10-22,5
QGaQDLf5,2025-10-23,2
QGaQDLf5,2025-10-24,2
QGaQDLf5,2025-10-25,2
QGaQDLf5,2025-10-26,5
QGaQDLf5,2025-10-27,3
QGaQDLf5,2025-10-28,2
QGaQDLf5,2025-10-29,2
QGaQDLf5,2025-10-30,2
QGaQDLf5,2025-10-31,2
QGaQDLf5,2025-11-01,4
QGoSf06V,2026-01-29,1
QGzZkzqI,2025-07-30,1
QGzZkzqI,2025-08-06,1
QHaWHpl3,2025-02-08,1
QJNzlH0B,2026-05-04,2
QJNzlH0B,2026-05-06,2
QJNzlH0B,2026-05-07,2
QJvhzmOL,2026-05-04,1
QL99b9JJ,2025-04-06,1
QL99b9JJ,2025-04-14,1
QNGD2wuD,2025-07-30,4
QNGD2wuD,2025-07-31,4
QNGD2wuD,2025-08-01,4
QNGD2wuD,2025-08-02,4
QNGD2wuD,2025-08-03,3
QNGD2wuD,2025-08-04,4
QNGD2wuD,2025-08-05,4
QNGD2wuD,2025-08-06,2
QNTXsF80,2025-09-16,1
QNTXsF80,2025-09-22,1
QNTXsF80,2025-09-23,4
QOTqxxuX,2025-12-28,1
QOTqxxuX,2025-12-29,1
QOTqxxuX,2025-12-30,2
QOTqxxuX,2025-12-31,3
QOTqxxuX,2026-01-01,4
QOTqxxuX,2026-01-02,2
QOTqxxuX,2026-01-03,2
QOTqxxuX,2026-01-05,3
QOTqxxuX,2026-01-06,2
QOTqxxuX,2026-01-07,3
QOTqxxuX,2026-01-08,2
QOTqxxuX,2026-01-10,2
QOTqxxuX,2026-01-12,4
QOTqxxuX,2026-01-13,2
QOTqxxuX,2026-01-14,1
QOTqxxuX,2026-01-15,1
QOTqxxuX,2026-01-16,2
QOTqxxuX,2026-01-17,4
QOTqxxuX,2026-01-18,4
QOTqxxuX,2026-01-20,3
QOTqxxuX,2026-01-21,3
QOTqxxuX,2026-01-24,2
QOTqxxuX,2026-01-25,59
QOTqxxuX,2026-01-26,3
QOTqxxuX,2026-01-28,3
QOTqxxuX,2026-01-30,1
QOTqxxuX,2026-01-31,4
QOTqxxuX,2026-02-01,1
QOTqxxuX,2026-02-02,1
QPCKIZ0s,2026-07-24,1
QPCKIZ0s,2026-08-09,2
QPUIJxQR,2025-05-11,1
QPcRK3Xe,2025-11-08,1
QPcRK3Xe,2025-11-10,1
QPcRK3Xe,2025-11-13,1
QPcRK3Xe,2025-11-17,1
QPvrjZq5,2026-06-28,1
QPvrjZq5,2026-07-05,1
QPvrjZq5,2026-07-12,1
QRFWTPda,2025-10-24,1
QRFWTPda,2025-10-27,1
QRFWTPda,2025-10-30,1
QRFWTPda,2025-11-01,1
QRrXPkJZ,2025-08-27,3
QRrXPkJZ,2025-08-28,1
QRrXPkJZ,2025-08-30,1
QRrXPkJZ,2025-09-01,2
QRrXPkJZ,2025-09-04,2
QRvkxkPL,2025-08-27,1
QRvkxkPL,2025-08-28,1
QRvkxkPL,2025-09-02,2
QRvkxkPL,2025-09-05,2
QSSuEWh8,2025-09-16,1
QSSuEWh8,2025-09-19,1
QSSuEWh8,2025-09-20,1
QSSuEWh8,2025-09-26,2
QSSuEWh8,2025-09-29,1
QSgQGqXd,2025-06-19,2
QSgQGqXd,2025-06-20,1
QSgQGqXd,2025-06-24,2
QSgQGqXd,2025-06-26,1
QT7GYW0d,2026-05-14,1
QT9KGKB6,2026-03-13,2
QT9KGKB6,2026-03-18,1
QTcyEiH2,2025-08-26,3
QTcyEiH2,2025-08-31,1
QTdsME61,2025-03-23,1
QTdsME61,2025-03-25,1
QTlA6GuI,2026-09-04,1
QTlA6GuI,2026-09-21,1
QTwSKf9g,2026-08-13,1
QUDxRN1w,2025-02-26,1
QUK6Ao2a,2025-09-29,1
QUKIZcoG,2026-07-01,1
QUgZ5HuL,2025-07-29,1
QUlTsmos,2025-02-07,4
QUuOBJic,2025-02-12,1
QVnQsDDa,2025-11-19,1
QVnQsDDa,2025-11-21,1
QWFx4zzr,2025-11-21,1
QWFx4zzr,2025-11-22,1
QWI6cfKy,2026-08-19,1
QWI6cfKy,2026-08-25,1
QWI6cfKy,2026-08-26,1
QWI6cfKy,2026-09-01,1
QWI6cfKy,2026-09-02,1
QWI6cfKy,2026-09-04,1
QWI6cfKy,2026-09-05,1
QWI6cfKy,2026-09-06,4
QWI6cfKy,2026-09-07,1
QWI6cfKy,2026-09-08,3
QWI6cfKy,2026-09-11,6
QWI6cfKy,2026-09-12,1
QWI6cfKy,2026-09-13,3
QWI6cfKy,2026-09-14,1
QWI6cfKy,2026-09-18,4
QWI6cfKy,2026-09-19,5
QWI6cfKy,2026-09-20,6
QWI6cfKy,2026-09-21,4
QWeEL3ut,2026-03-30,1
QWkrFBBE,2026-03-05,1
QWkrFBBE,2026-03-14,1
QWkrFBBE,2026-03-18,1
QWkrFBBE,2026-03-20,1
QXepi5f4,2026-06-24,2
QXepi5f4,2026-07-02,2
QXepi5f4,2026-07-12,1
QY77DuNB,2026-08-28,1
QY77DuNB,2026-09-19,2
QY77DuNB,2026-09-20,1
QYUkUVf0,2026-02-13,1
QYUkUVf0,2026-02-21,1
QZqs3RBq,2025-10-01,1
Qav5PNzt,2025-08-22,1
QbXC93uq,2025-11-02,2
QbXC93uq,2025-11-03,1
QbXC93uq,2025-11-09,1
QbXC93uq,2025-11-10,2
QbXC93uq,2025-11-14,2
QbXC93uq,2025-11-15,2
QbXC93uq,2025-11-17,2
QbaUmFER,2026-01-27,1
QbaUmFER,2026-01-30,1
QbuKJDtU,2025-03-16,1
Qc6GVjmW,2025-01-13,1
QcJAzUdK,2025-10-17,1
QcJAzUdK,2025-10-22,1
QcJAzUdK,2025-10-23,1
QcJAzUdK,2025-10-27,1
QcJAzUdK,2025-10-31,2
Qcyi3BwK,2025-11-16,1
QdHa1omX,2025-04-11,1
QdQbchOW,2026-02-06,2
QdQbchOW,2026-02-08,2
QdQbchOW,2026-02-11,2
QdQbchOW,2026-02-14,1
QdQbchOW,2026-02-21,1
QdQbchOW,2026-02-24,1
QdQbchOW,2026-02-25,1
QeB5vgWb,2026-05-17,1
QeB5vgWb,2026-05-19,1
QeB5vgWb,2026-05-27,1
QeB5vgWb,2026-06-17,1
QeB5vgWb,2026-06-22,1
QeMhlPK4,2025-08-08,1
QeMhlPK4,2025-08-12,1
QfwnxC0d,2026-05-06,1
Qh8XO3FX,2026-02-04,3
Qh8XO3FX,2026-02-05,1
QhBtfWeD,2026-02-12,1
QhSCTJMX,2025-09-16,1
QhSCTJMX,2025-09-19,1
QhSCTJMX,2025-09-21,1
QhSCTJMX,2025-09-26,1
QhSCTJMX,2025-09-27,1
QhSCTJMX,2025-09-28,1
QhSCTJMX,2025-09-30,1
Qk5MtYwW,2024-12-27,1
Qk5MtYwW,2025-01-27,1
Qlm2D5aZ,2025-11-02,1
Qlm2D5aZ,2025-11-15,2
Qlm2D5aZ,2025-11-17,1
Qm1Mrr2Z,2026-06-23,2
Qm1Mrr2Z,2026-06-24,2
Qm1Mrr2Z,2026-06-28,2
Qm1Mrr2Z,2026-06-29,1
Qm1Mrr2Z,2026-06-30,2
Qm1Mrr2Z,2026-07-02,3
Qm1Mrr2Z,2026-07-03,3
Qm1Mrr2Z,2026-07-05,1
Qm1Mrr2Z,2026-07-06,5
Qm1Mrr2Z,2026-07-09,1
Qm1Mrr2Z,2026-07-10,1
Qm1Mrr2Z,2026-07-14,4
Qm4uRAqp,2025-03-26,1
Qn4i3ZwB,2025-10-17,1
Qoprzyce,2025-07-30,1
Qp6vxE3k,2025-02-21,2
QpAecZuf,2026-02-06,2
QpFXYSzP,2025-05-12,1
QpqDmDQZ,2026-07-08,1
QpqDmDQZ,2026-07-11,1
QpsSXo5N,2025-08-22,1
Qq6Fj7Zv,2025-01-14,1
QqdBqELz,2025-09-13,1
QqlemSnm,2026-07-18,1
QqlemSnm,2026-07-19,1
QqlemSnm,2026-07-22,1
QqlemSnm,2026-07-24,1
QqlemSnm,2026-07-26,3
QqlemSnm,2026-07-31,1
QqlemSnm,2026-08-12,1
QqxqqaQO,2026-04-21,1
QrRHxjXw,2025-05-28,1
QrRHxjXw,2025-05-30,2
QrRHxjXw,2025-05-31,1
QrRHxjXw,2025-06-01,1
QrRHxjXw,2025-06-04,4
QrRHxjXw,2025-06-05,3
QrRHxjXw,2025-06-06,3
QrRHxjXw,2025-06-09,1
QrRHxjXw,2025-06-10,1
Qs3ub6HD,2024-12-27,1
Qs4a9ArW,2025-06-09,1
Qs7J0j4n,2024-12-26,1
Qs7J0j4n,2024-12-27,4
QsNDoZDl,2025-12-25,2
QsstQbFJ,2026-03-27,2
QsstQbFJ,2026-04-05,1
QsstQbFJ,2026-04-10,1
QtOw5EFu,2025-08-30,1
QtOw5EFu,2025-08-31,1
QtOw5EFu,2025-09-06,1
QuRho4TI,2025-04-05,1
QugrwgX5,2025-09-25,1
QvATRrRZ,2026-03-17,1
Qvn8wG9o,2025-11-27,1
QwFMWeG2,2025-08-11,1
QwFMWeG2,2025-08-13,2
QwpA9DUE,2025-11-18,1
QwpA9DUE,2025-11-19,1
QwpA9DUE,2025-11-20,2
QwpA9DUE,2025-11-21,1
QwpA9DUE,2025-11-22,5
QwpA9DUE,2025-11-23,5
QwpA9DUE,2025-11-24,1
QwpA9DUE,2025-11-25,1
QwpA9DUE,2025-11-28,3
QwpA9DUE,2025-11-29,1
QwpOCWlK,2025-05-17,1
Qz3CZ9fU,2025-06-27,1
Qz3CZ9fU,2025-06-28,1
Qz3CZ9fU,2025-07-13,2
Qz7W1ZGR,2026-05-20,1
Qz7W1ZGR,2026-05-26,1
Qz7W1ZGR,2026-05-31,1
Qz7W1ZGR,2026-06-05,1
QzOWRaiT,2025-07-27,1
R0k4m1ll,2026-01-25,1
R1AvjBlX,2025-08-03,1
R1p68xTS,2025-03-29,1
R1p68xTS,2025-04-03,1
R2UDvLhn,2025-11-29,1
R2UDvLhn,2025-12-01,2
R2UDvLhn,2025-12-02,1
R2UDvLhn,2025-12-04,1
R2UDvLhn,2025-12-09,1
R2UDvLhn,2025-12-10,1
R2UDvLhn,2025-12-11,1
R2UDvLhn,2025-12-15,1
R2UDvLhn,2025-12-17,1
R2UDvLhn,2025-12-18,2
R2UDvLhn,2025-12-21,3
R2UDvLhn,2025-12-23,1
R2UDvLhn,2025-12-25,5
R2ohYq5A,2025-05-23,3
R3XaIOPk,2025-07-01,1
R3XaIOPk,2025-07-13,1
R3dJPf6O,2025-09-02,1
R3dJPf6O,2025-09-04,1
R3idM2ZT,2025-12-02,1
R3idM2ZT,2025-12-13,1
R3idM2ZT,2025-12-14,1
R3idM2ZT,2025-12-20,1
R3idM2ZT,2025-12-26,1
R412TuFf,2026-02-12,2
R412TuFf,2026-02-16,1
R412TuFf,2026-02-17,1
R412TuFf,2026-02-21,1
R426VjxW,2025-08-22,4
R4N8J9m4,2026-03-18,1
R4Qs2Icg,2025-07-10,1
R64UOUa6,2026-02-27,1
R64UOUa6,2026-03-09,2
R64UOUa6,2026-03-13,1
R6iHf3b2,2025-01-05,6
R6nvTmLH,2025-01-09,1
R6nvTmLH,2025-01-16,1
R6nvTmLH,2025-01-26,1
R7JTMuVr,2026-01-18,1
R7JTMuVr,2026-01-19,1
R7RcysCR,2025-11-12,1
R7xBnBe2,2025-08-31,1
R7xBnBe2,2025-09-05,1
R7yxeLPR,2025-11-05,1
R7yxeLPR,2025-11-09,1
R8zSnM1A,2025-04-22,1
R8zSnM1A,2025-04-27,1
R9Dph9CN,2025-10-06,1
R9Ozj34q,2025-10-03,1
R9Ozj34q,2025-10-06,1
R9Ozj34q,2025-10-08,1
R9Ozj34q,2025-10-10,1
R9Ozj34q,2025-10-14,1
R9a1gUv5,2025-03-31,1
RByVP6Gj,2025-12-09,1
RC43QTSI,2026-08-25,1
RC43QTSI,2026-09-07,1
RC43QTSI,2026-09-09,1
RC43QTSI,2026-09-11,1
RC43QTSI,2026-09-12,1
RC43QTSI,2026-09-15,1
RC43QTSI,2026-09-16,1
RC43QTSI,2026-09-18,3
RC43QTSI,2026-09-20,1
RC43QTSI,2026-09-21,1
RCAVVelu,2025-06-10,2
RCMPoLB8,2026-05-22,1
RCMPoLB8,2026-05-23,1
RCMPoLB8,2026-05-31,1
RCMPoLB8,2026-06-15,1
RCMPoLB8,2026-06-20,1
RCMPoLB8,2026-06-21,1
RCbBarbE,2025-02-06,2
RCwiwrby,2026-08-29,1
RDEDPqYW,2025-11-11,1
RDEDPqYW,2025-11-15,2
RDEDPqYW,2025-11-16,1
RDJWpDgs,2026-04-16,8
RDJWpDgs,2026-04-17,2
RDJWpDgs,2026-04-19,1
RDJWpDgs,2026-04-27,2
RDJWpDgs,2026-04-30,3
RDJWpDgs,2026-05-05,5
RDJWpDgs,2026-05-06,2
RDJWpDgs,2026-05-07,1
RDJWpDgs,2026-05-08,1
RDJWpDgs,2026-05-09,2
RDJWpDgs,2026-05-10,2
RDJWpDgs,2026-05-11,1
RDJoNxb5,2026-08-19,1
RDJoNxb5,2026-08-20,2
RDJoNxb5,2026-08-28,2
RDJoNxb5,2026-09-04,1
RDJoNxb5,2026-09-05,3
RDJoNxb5,2026-09-06,1
RDJoNxb5,2026-09-09,1
RDJoNxb5,2026-09-11,1
RDJoNxb5,2026-09-13,3
RDJoNxb5,2026-09-14,2
RDJoNxb5,2026-09-15,2
RDJoNxb5,2026-09-16,1
RDJoNxb5,2026-09-17,4
RDJoNxb5,2026-09-18,1
RDJoNxb5,2026-09-19,4
RDJoNxb5,2026-09-20,4
RDJoNxb5,2026-09-21,5
RDPJPKAb,2025-10-05,1
RDVVRF6K,2025-07-29,1
RE11JlQ3,2025-06-28,1
RE11JlQ3,2025-06-29,1
RE11JlQ3,2025-06-30,1
RE11JlQ3,2025-07-06,2
RE11JlQ3,2025-07-07,2
RE11JlQ3,2025-07-08,1
RE11JlQ3,2025-07-12,1
RE11JlQ3,2025-07-13,1
RE9RJplV,2026-07-04,1
REBWr9az,2025-08-26,2
REBWr9az,2025-08-30,1
REBWr9az,2025-09-05,1
REVbblYz,2025-05-28,1
REVbblYz,2025-05-30,2
REVbblYz,2025-06-06,1
REVbblYz,2025-06-10,1
RFyyWOYP,2025-11-18,1
RFyyWOYP,2025-11-21,1
RFyyWOYP,2025-11-22,5
RFyyWOYP,2025-11-28,4
RHJpkSYg,2025-07-18,1
RHJpkSYg,2025-07-25,1
RHNiBTf9,2025-11-04,1
RHgIExLJ,2026-08-21,1
RHgIExLJ,2026-09-04,1
RHgIExLJ,2026-09-10,1
RHgIExLJ,2026-09-12,1
RHgIExLJ,2026-09-15,1
RHgIExLJ,2026-09-17,1
RHgIExLJ,2026-09-20,1
RJjiXqJs,2026-08-23,1
RJjiXqJs,2026-08-30,3
RJjiXqJs,2026-08-31,1
RJjiXqJs,2026-09-03,2
RJjiXqJs,2026-09-05,1
RJjiXqJs,2026-09-06,1
RJjiXqJs,2026-09-07,1
RJjiXqJs,2026-09-08,1
RJjiXqJs,2026-09-09,1
RJjiXqJs,2026-09-12,1
RJjiXqJs,2026-09-19,2
RKKPWiod,2025-12-01,1
RKKPWiod,2025-12-07,1
RKKPWiod,2025-12-10,2
RKKPWiod,2025-12-11,1
RKKPWiod,2025-12-27,1
RKqig1YU,2025-04-24,1
RKqig1YU,2025-04-25,2
RKqig1YU,2025-04-26,1
RKqig1YU,2025-04-27,5
RKqig1YU,2025-04-28,2
RKyOZjfj,2026-03-23,1
RKyOZjfj,2026-03-24,4
RKyOZjfj,2026-03-25,3
RKyOZjfj,2026-03-28,1
RKyOZjfj,2026-03-29,1
RKyOZjfj,2026-03-31,1
RKyOZjfj,2026-04-02,1
RKyOZjfj,2026-04-04,1
RKyOZjfj,2026-04-08,1
RKyOZjfj,2026-04-09,1
RKyOZjfj,2026-04-10,1
RKyOZjfj,2026-04-11,1
RKyOZjfj,2026-04-12,1
RKyOZjfj,2026-04-13,1
RLNKt4Tv,2025-11-08,1
RLNKt4Tv,2025-11-10,1
RLNKt4Tv,2025-11-11,1
RLNKt4Tv,2025-11-13,1
RLYopLo3,2025-03-05,1
RLYopLo3,2025-03-06,1
RN70qIEA,2025-10-19,3
RN70qIEA,2025-10-21,1
RN70qIEA,2025-10-25,1
RN70qIEA,2025-10-27,1
RN70qIEA,2025-10-28,1
RN70qIEA,2025-10-31,2
RN9uqiGI,2026-08-18,1
RN9uqiGI,2026-08-27,1
RN9uqiGI,2026-09-01,1
RN9uqiGI,2026-09-05,1
RN9uqiGI,2026-09-10,1
RN9uqiGI,2026-09-12,1
RN9uqiGI,2026-09-13,1
RN9uqiGI,2026-09-14,1
RN9uqiGI,2026-09-20,1
ROVp8Fju,2025-05-05,1
ROVp8Fju,2025-05-06,1
ROlS6Ifb,2025-07-16,1
RP5Glvs9,2025-12-04,1
RP5Glvs9,2025-12-05,1
RP5Glvs9,2025-12-18,1
RP5Glvs9,2025-12-26,1
RPn3PMEy,2026-01-18,1
RPn3PMEy,2026-01-25,1
RQLfTizx,2025-07-15,1
RQLfTizx,2025-07-24,2
RQLfTizx,2025-07-29,1
RQwXW7aP,2026-01-20,2
RRCXZ11R,2025-11-27,1
RRPNOn38,2026-07-19,1
RRPNOn38,2026-07-20,1
RRPNOn38,2026-07-23,1
RRPNOn38,2026-08-03,1
RRPNOn38,2026-08-08,1
RRPNOn38,2026-08-10,2
RRPNOn38,2026-08-13,1
RRPNOn38,2026-08-14,1
RRPNOn38,2026-08-16,1
RRdqUfn0,2025-06-13,29
RRdqUfn0,2025-06-14,3
RRdqUfn0,2025-06-15,6
RRdqUfn0,2025-06-16,2
RRdqUfn0,2025-06-17,2
RRdqUfn0,2025-06-18,3
RRdqUfn0,2025-06-19,1
RRdqUfn0,2025-06-20,1
RRdqUfn0,2025-06-21,1
RRdqUfn0,2025-06-22,2
RRdqUfn0,2025-06-23,2
RRdqUfn0,2025-06-24,3
RRdqUfn0,2025-06-25,3
RRdqUfn0,2025-06-26,2
RRfOS6yj,2025-04-10,5
RRfOS6yj,2025-04-11,1
RS32XfuD,2025-02-05,1
RS32XfuD,2025-02-08,1
RShYMzhY,2025-02-21,2
RShYMzhY,2025-02-23,2
RShYMzhY,2025-02-25,2
RShYMzhY,2025-02-26,1
RStZGEbF,2026-01-16,1
RSx782IS,2026-02-13,1
RSx782IS,2026-02-21,1
RSx782IS,2026-02-25,1
RVCQLXd1,2025-09-27,1
RVoKSUHp,2025-09-24,1
RWFlI1ru,2025-10-29,1
RWHrVvMq,2026-06-06,1
RWKbf4lX,2025-11-04,1
RXaxu5wj,2026-03-13,1
RXaxu5wj,2026-03-18,1
RXaxu5wj,2026-03-19,1
RYKFMUNS,2026-07-26,1
RYKFMUNS,2026-08-01,1
RYcyBN4R,2025-06-27,3
RYcyBN4R,2025-06-28,1
RYcyBN4R,2025-06-30,1
RYcyBN4R,2025-07-08,1
RYcyBN4R,2025-07-13,1
RZDvPO7M,2026-02-08,1
RZDvPO7M,2026-02-15,1
RZOBzBsr,2026-07-16,1
RZOBzBsr,2026-07-18,1
RZOBzBsr,2026-07-19,3
RZOBzBsr,2026-07-20,1
RZOBzBsr,2026-07-21,2
RZOBzBsr,2026-07-22,1
RZOBzBsr,2026-07-23,1
RZOBzBsr,2026-07-27,1
RZOBzBsr,2026-07-29,1
RZOBzBsr,2026-08-01,1
RZOBzBsr,2026-08-04,1
RZOBzBsr,2026-08-06,1
RZOBzBsr,2026-08-09,2
RZOBzBsr,2026-08-10,2
RZOBzBsr,2026-08-11,2
RZOBzBsr,2026-08-18,1
Ra3XKCs1,2026-04-07,1
RaL6W8wI,2026-01-05,1
RaL6W8wI,2026-01-07,1
RaL6W8wI,2026-01-13,1
RaL6W8wI,2026-01-23,3
RaL6W8wI,2026-01-24,1
RahKJQHj,2025-07-21,1
RahKJQHj,2025-07-25,1
RbFh8k4B,2025-05-31,1
RbFh8k4B,2025-06-01,2
RbFh8k4B,2025-06-07,1
RbFh8k4B,2025-06-09,1
RbFtbnoB,2025-08-11,1
RbGjGbVm,2026-03-09,1
RbGjGbVm,2026-03-18,1
RbnItMKt,2025-08-26,1
RbnItMKt,2025-09-05,1
RcAdhqwu,2025-07-31,1
RcOhyvjh,2025-05-05,1
RcdV7hJ8,2026-05-10,1
RcpRDPey,2025-02-11,1
RdrXxpwM,2026-05-04,1
RdrXxpwM,2026-05-06,2
RdrXxpwM,2026-05-09,1
Rdt5Co6f,2025-03-31,1
Rdt5Co6f,2025-04-03,1
Rdt5Co6f,2025-04-04,1
Re6yKqCD,2024-12-30,1
Re6yKqCD,2025-01-04,2
Re6yKqCD,2025-01-05,1
Re6yKqCD,2025-01-06,1
Re6yKqCD,2025-01-08,1
Re6yKqCD,2025-01-10,1
Re6yKqCD,2025-01-14,1
Re6yKqCD,2025-01-17,1
Re6yKqCD,2025-01-21,1
Re6yKqCD,2025-01-26,1
Re6yKqCD,2025-01-28,2
Re6yKqCD,2025-02-02,2
Re9jzE7k,2025-07-30,1
Rf7NFabV,2025-01-02,1
RgLlkP92,2025-03-10,2
RgLlkP92,2025-03-15,1
RgLlkP92,2025-03-18,1
RgQAizL7,2026-03-24,2
RhWHtOWe,2025-08-08,1
RhWHtOWe,2025-08-16,1
RhWHtOWe,2025-08-18,1
RhWHtOWe,2025-08-19,1
Ri2HzOu7,2025-11-01,3
Ri3pTuqt,2026-01-06,1
Ri5yHXuj,2025-01-06,1
Ri5yHXuj,2025-01-12,4
Ri5yHXuj,2025-01-13,2
Ri5yHXuj,2025-01-15,1
Ri5yHXuj,2025-01-18,1
Ri5yHXuj,2025-01-23,1
Ri5yHXuj,2025-01-24,1
RiqfxINT,2026-07-17,1
RiqfxINT,2026-07-19,1
RiyJOpCn,2025-05-28,1
RiyJOpCn,2025-06-01,1
RiyJOpCn,2025-06-04,1
RiyJOpCn,2025-06-05,1
RiyJOpCn,2025-06-18,1
RiyJOpCn,2025-06-23,1
RiyJOpCn,2025-06-24,1
RjqZUSeR,2026-03-09,1
RjqZUSeR,2026-03-11,1
RjqZUSeR,2026-03-12,1
RkQbjFiZ,2025-07-08,1
RkriEhvu,2025-07-13,1
RktQH373,2025-08-09,1
RktQH373,2025-08-12,1
RktQH373,2025-08-14,1
RktQH373,2025-08-15,1
RktQH373,2025-08-18,1
RktQH373,2025-08-19,2
RktQH373,2025-08-22,1
Rl1wAH7G,2026-09-14,1
Rl1wAH7G,2026-09-21,1
RlC0nw1p,2026-02-10,1
RlD20o55,2025-12-06,1
RlD20o55,2025-12-08,8
RlD20o55,2025-12-11,1
RlD20o55,2025-12-12,1
RlD20o55,2025-12-16,1
RlD20o55,2025-12-17,1
RlD20o55,2025-12-24,1
RlZ2gsnG,2025-05-20,2
RlZ2gsnG,2025-05-21,4
RlZ2gsnG,2025-05-23,1
RlZ2gsnG,2025-05-25,2
RlceUALi,2026-05-02,1
RlceUALi,2026-05-06,1
RlceUALi,2026-05-09,1
RmvgsiY0,2025-05-05,1
RmvgsiY0,2025-05-12,1
Rn4I32Lw,2024-12-27,1
RnB97Agh,2025-11-12,1
RnQCGpQi,2026-08-09,1
RndcS2xk,2026-07-09,1
RniHY6bk,2026-07-18,1
RniHY6bk,2026-07-19,1
RniHY6bk,2026-07-20,3
RniHY6bk,2026-07-24,1
RniHY6bk,2026-07-25,1
RniHY6bk,2026-07-26,1
RniHY6bk,2026-08-03,2
Ro44AAjT,2025-05-02,3
Ro44AAjT,2025-05-05,1
Ro44AAjT,2025-05-12,1
Ro45WeLi,2025-07-19,1
RoAZhlBK,2026-07-07,1
RoAZhlBK,2026-07-10,1
RoAZhlBK,2026-07-12,1
RoQZUhYF,2026-04-21,3
RoQZUhYF,2026-04-23,1
RoQZUhYF,2026-04-27,1
RoQZUhYF,2026-05-04,1
RoQZUhYF,2026-05-14,1
Rp2xEUmu,2025-10-09,1
Rp2xEUmu,2025-10-10,1
RpSJlQdl,2025-07-30,1
Rpi3EiXF,2025-03-29,1
Rpj988ox,2025-07-14,2
Rpj988ox,2025-07-15,2
Rpj988ox,2025-07-16,3
Rpj988ox,2025-07-17,2
Rpj988ox,2025-07-18,2
Rpj988ox,2025-07-19,2
Rpj988ox,2025-07-20,2
Rpj988ox,2025-07-21,2
Rpj988ox,2025-07-22,2
Rpj988ox,2025-07-23,2
Rpj988ox,2025-07-24,3
Rpj988ox,2025-07-25,3
Rpj988ox,2025-07-26,2
Rpj988ox,2025-07-27,2
Rpj988ox,2025-07-28,8
Rpj988ox,2025-07-29,6
RqUZGEBq,2026-02-27,3
RqUZGEBq,2026-03-18,1
RqzEJOjf,2025-07-14,1
RqzEJOjf,2025-07-16,1
RqzEJOjf,2025-07-28,2
Rr13CeMd,2026-08-20,1
Rr13CeMd,2026-08-26,1
Rr13CeMd,2026-08-31,2
Rr13CeMd,2026-09-05,1
Rr13CeMd,2026-09-15,1
RrZxd0o6,2026-03-08,1
RrZxd0o6,2026-03-09,1
RrZxd0o6,2026-03-17,1
RriBvA4b,2025-03-07,1
RrldYGf7,2026-06-24,1
RrldYGf7,2026-06-25,1
RrldYGf7,2026-06-26,1
RrldYGf7,2026-06-27,1
RrldYGf7,2026-06-29,1
RrldYGf7,2026-06-30,6
RrldYGf7,2026-07-05,1
RrldYGf7,2026-07-09,1
RrldYGf7,2026-07-12,2
RrldYGf7,2026-07-14,1
RrldYGf7,2026-07-15,1
Rs2Z3jFQ,2025-11-22,1
Rs8bMul1,2025-07-29,1
RtDpKSBh,2026-02-10,1
RtUVjsY7,2025-09-09,4
RtoJU9t9,2025-03-20,1
RtoJU9t9,2025-03-21,2
RtoJU9t9,2025-03-22,2
RtoJU9t9,2025-03-23,1
RtoJU9t9,2025-03-27,1
RtvrvPob,2026-08-04,1
Ru6gfHsQ,2024-12-27,1
RucwG6aN,2025-03-01,1
RucwG6aN,2025-03-07,1
Rw5BOXPH,2025-05-04,1
RxzwpjPs,2025-02-08,1
Ry5bnUuc,2026-07-22,1
Ry5bnUuc,2026-08-16,1
Ry8EKz4V,2025-11-19,1
RyK1qf8c,2025-04-10,1
RyLYqt6e,2025-02-14,1
RyLYqt6e,2025-02-18,1
RyV4Uo9F,2026-04-17,1
RyV4Uo9F,2026-05-02,1
Rz5i649q,2026-03-24,2
Rz5i649q,2026-03-25,1
Rz5i649q,2026-04-03,1
Rz5i649q,2026-04-04,2
Rz5i649q,2026-04-11,2
RztrEkh5,2026-07-23,1
RztrEkh5,2026-07-28,1
RztrEkh5,2026-08-01,1
RztrEkh5,2026-08-03,1
RztrEkh5,2026-08-04,1
RztrEkh5,2026-08-06,1
RztrEkh5,2026-08-09,1
RztrEkh5,2026-08-12,1
S00qDGeR,2026-05-27,1
S00qDGeR,2026-06-04,1
S00qDGeR,2026-06-16,1
S00qDGeR,2026-06-20,1
S00qDGeR,2026-06-21,2
S00qDGeR,2026-06-22,2
S0kJEBdH,2024-12-28,1
S0mPgOzs,2026-04-28,1
S0tMcRZ4,2024-12-29,1
S1I4V415,2025-07-20,1
S1I4V415,2025-07-23,1
S1UdynMf,2025-02-17,1
S1UdynMf,2025-02-20,1
S23uDeyS,2025-07-30,1
S2QiJnK1,2025-10-03,1
S2QiJnK1,2025-10-14,1
S3Jxw1t3,2025-02-14,1
S3iz15SE,2025-03-05,1
S3mntPNg,2026-06-05,1
S3sg2h1b,2025-08-26,1
S4T9fE4z,2025-02-14,1
S4T9fE4z,2025-02-19,1
S4k2OoKx,2025-04-04,1
S4rSNAHP,2025-02-20,1
S4tpM9g7,2024-12-26,2
S4tpM9g7,2024-12-28,1
S5VR6r6v,2026-02-05,1
S5VR6r6v,2026-02-08,1
S5VR6r6v,2026-02-15,1
S5VR6r6v,2026-02-26,1
S6DeT1xm,2026-02-04,1
S6NMyOfz,2026-03-25,1
S6NMyOfz,2026-03-27,1
S6NMyOfz,2026-04-12,1
S6SVPL9E,2025-06-01,1
S6SVPL9E,2025-06-10,2
S6SVPL9E,2025-06-11,1
S6VX2mub,2026-06-28,1
S6VX2mub,2026-07-07,1
S6inparA,2026-09-04,1
S6inparA,2026-09-17,1
S6rok9Gu,2025-11-25,1
S6rok9Gu,2025-11-26,1
S6rok9Gu,2025-11-27,1
S7RmAZxA,2026-07-27,26
S7RmAZxA,2026-08-03,1
S7RmAZxA,2026-08-04,12
S7RmAZxA,2026-08-10,11
S7RmAZxA,2026-08-11,12
S7RmAZxA,2026-08-17,21
S7VqfD2Q,2025-07-21,1
S7f1U3NY,2025-05-16,2
S7f1U3NY,2025-05-17,1
S7f1U3NY,2025-05-18,3
S7f1U3NY,2025-05-19,1
S7f1U3NY,2025-05-20,1
S7f1U3NY,2025-05-21,2
S7f1U3NY,2025-05-22,2
S7f1U3NY,2025-05-23,2
S7f1U3NY,2025-05-24,1
S7f1U3NY,2025-05-25,1
S7f1U3NY,2025-05-26,1
S7f1U3NY,2025-05-27,1
S7foLRrT,2026-02-10,1
S7foLRrT,2026-02-18,1
S7xSV0nr,2025-07-30,1
S8paW6cW,2025-07-30,1
S9UCqjpr,2026-08-23,1
S9UCqjpr,2026-09-15,1
S9UCqjpr,2026-09-16,2
S9UCqjpr,2026-09-20,2
S9W5EVqG,2025-08-08,1
S9hPxsfx,2026-05-16,1
S9hPxsfx,2026-05-21,1
S9hPxsfx,2026-06-02,1
S9hPxsfx,2026-06-18,1
S9hPxsfx,2026-06-19,1
S9hPxsfx,2026-06-21,1
SAOzZDPO,2026-06-26,1
SAOzZDPO,2026-06-27,1
SAOzZDPO,2026-06-29,2
SAOzZDPO,2026-07-01,1
SAOzZDPO,2026-07-02,1
SAOzZDPO,2026-07-03,1
SAOzZDPO,2026-07-04,1
SAOzZDPO,2026-07-05,2
SAOzZDPO,2026-07-07,1
SAOzZDPO,2026-07-12,1
SAOzZDPO,2026-07-13,4
SAuReRG1,2026-03-01,1
SAuReRG1,2026-03-03,1
SAuReRG1,2026-03-04,2
SAuReRG1,2026-03-06,1
SAuReRG1,2026-03-09,1
SAuReRG1,2026-03-14,1
SAuReRG1,2026-03-15,1
SAuReRG1,2026-03-17,1
SAuReRG1,2026-03-18,1
SAuReRG1,2026-03-20,1
SAuReRG1,2026-03-21,2
SAxr1h1t,2025-05-10,1
SB2YQt4g,2026-01-04,2
SB2YQt4g,2026-02-02,1
SDCWIR5p,2025-03-11,1
SDCWIR5p,2025-03-18,2
SESlnPaZ,2026-01-02,1
SESlnPaZ,2026-01-09,1
SESlnPaZ,2026-01-13,2
SESlnPaZ,2026-01-14,1
SESlnPaZ,2026-01-28,1
SESlnPaZ,2026-01-29,1
SFXDlra1,2026-09-18,13
SGTrCdPZ,2025-08-22,1
SI1kKjUB,2026-02-27,4
SI1kKjUB,2026-03-03,3
SI1kKjUB,2026-03-04,1
SI1kKjUB,2026-03-05,3
SI1kKjUB,2026-03-08,1
SI1kKjUB,2026-03-09,2
SI1kKjUB,2026-03-18,1
SI1kKjUB,2026-03-19,3
SI1kKjUB,2026-03-21,1
SI1kKjUB,2026-03-22,2
SI7XbBy7,2025-10-09,1
SIlH86QG,2025-03-28,1
SIlH86QG,2025-04-02,1
SJ9ysvwf,2026-09-15,1
SJISXceq,2026-09-05,2
SJISXceq,2026-09-13,1
SJISXceq,2026-09-16,1
SJISXceq,2026-09-17,1
SJISXceq,2026-09-18,1
SJISXceq,2026-09-19,1
SJkkonyB,2026-09-19,1
SK6Fm5be,2026-08-18,2
SK6Fm5be,2026-08-21,1
SK6Fm5be,2026-08-22,3
SK6Fm5be,2026-08-23,1
SK6Fm5be,2026-08-25,1
SK6Fm5be,2026-09-01,1
SK6Fm5be,2026-09-03,1
SK6Fm5be,2026-09-04,1
SK6Fm5be,2026-09-05,4
SK6Fm5be,2026-09-06,1
SK6Fm5be,2026-09-07,1
SK6Fm5be,2026-09-08,3
SK6Fm5be,2026-09-14,1
SK6rfhlD,2025-09-18,1
SK6rfhlD,2025-09-24,1
SK6rfhlD,2025-09-27,1
SKPaASYg,2025-04-01,1
SKZHJnpr,2025-07-25,1
SKl0HB2L,2026-08-19,1
SKl0HB2L,2026-09-04,1
SKl0HB2L,2026-09-05,1
SKl0HB2L,2026-09-11,1
SKl0HB2L,2026-09-13,3
SKl0HB2L,2026-09-15,2
SKl0HB2L,2026-09-17,1
SKl0HB2L,2026-09-18,3
SKl0HB2L,2026-09-20,8
SKl0HB2L,2026-09-21,2
SKqgNOdS,2025-12-28,4
SKqgNOdS,2025-12-29,1
SKqgNOdS,2025-12-30,11
SKqgNOdS,2025-12-31,3
SKqgNOdS,2026-01-01,2
SKqgNOdS,2026-01-02,3
SKqgNOdS,2026-01-03,1
SKqgNOdS,2026-01-04,1
SKqgNOdS,2026-01-05,2
SKqgNOdS,2026-01-06,1
SKqgNOdS,2026-01-07,11
SKqgNOdS,2026-01-08,2
SKqgNOdS,2026-01-09,3
SKqgNOdS,2026-01-10,2
SKqgNOdS,2026-01-11,1
SKqgNOdS,2026-01-12,3
SKqgNOdS,2026-01-13,1
SKqgNOdS,2026-01-14,4
SKqgNOdS,2026-01-15,6
SKqgNOdS,2026-01-16,3
SKqgNOdS,2026-01-17,4
SKqgNOdS,2026-01-18,3
SKqgNOdS,2026-01-19,1
SKqgNOdS,2026-01-20,1
SKqgNOdS,2026-01-21,1
SKqgNOdS,2026-01-22,4
SKqgNOdS,2026-01-23,5
SKqgNOdS,2026-01-24,1
SKqgNOdS,2026-01-25,3
SKqgNOdS,2026-01-26,2
SKqgNOdS,2026-01-27,2
SKqgNOdS,2026-01-28,3
SKqgNOdS,2026-01-29,1
SKqgNOdS,2026-01-30,1
SKqgNOdS,2026-01-31,5
SKqgNOdS,2026-02-01,2
SKqgNOdS,2026-02-02,1
SKqgNOdS,2026-02-03,6
SLWo9Nqs,2025-02-05,10
SLjp7UEp,2025-07-31,1
SM48KAMI,2025-03-25,1
SQ0j1afy,2026-08-22,1
SQ0j1afy,2026-08-31,1
SQ0j1afy,2026-09-04,1
SQ0j1afy,2026-09-08,1
SQ0j1afy,2026-09-12,1
SQ0j1afy,2026-09-17,1
SQ0j1afy,2026-09-18,1
SQ0j1afy,2026-09-19,2
SQ0j1afy,2026-09-20,1
SR5rLQEb,2025-11-05,1
SR5rLQEb,2025-11-10,1
SR5rLQEb,2025-11-14,1
SRM1UX7T,2025-06-29,1
SRM1UX7T,2025-07-01,1
SRM1UX7T,2025-07-04,2
SRM1UX7T,2025-07-11,1
SRM1UX7T,2025-07-13,1
SROviQ0L,2025-11-02,1
SROviQ0L,2025-11-08,1
SROviQ0L,2025-11-11,1
SROviQ0L,2025-11-12,1
SROviQ0L,2025-11-14,1
SRwvHFMu,2025-08-08,1
SRwvHFMu,2025-08-15,1
SRwvHFMu,2025-08-16,1
SRwvHFMu,2025-08-22,2
SS4PaSEU,2025-03-28,3
SS4PaSEU,2025-03-29,1
SS4PaSEU,2025-03-30,2
SS4PaSEU,2025-04-01,2
SS4PaSEU,2025-04-03,2
SS4PaSEU,2025-04-04,1
SS4PaSEU,2025-04-06,1
SSXydDv7,2026-05-30,1
SSXydDv7,2026-06-03,2
SSXydDv7,2026-06-05,1
SSXydDv7,2026-06-14,1
SSXydDv7,2026-06-18,1
SSq1aape,2025-09-15,1
SSq1aape,2025-09-16,2
SSq1aape,2025-09-17,1
SSq1aape,2025-09-18,1
SSq1aape,2025-09-21,1
SSq1aape,2025-09-26,1
SUmmDoxA,2025-10-11,1
SUz08kid,2026-03-18,1
SVTdybPs,2026-01-02,1
SVjNzR3q,2025-02-05,1
SVjNzR3q,2025-02-08,1
SVjNzR3q,2025-02-09,1
SW4uceuk,2025-05-24,1
SWMkRRFk,2025-12-08,1
SWMkRRFk,2025-12-14,1
SWMkRRFk,2025-12-21,1
SWSeyCEa,2026-04-17,1
SXEBU0Cm,2025-11-27,1
SYHqsXdV,2025-04-27,1
SYRVD9pg,2026-08-18,1
SYRVD9pg,2026-08-25,2
SYRVD9pg,2026-09-11,2
SYRVD9pg,2026-09-12,2
SYRVD9pg,2026-09-15,5
SYRVD9pg,2026-09-17,1
SYRVD9pg,2026-09-20,3
SYRVD9pg,2026-09-21,1
SZBxt8zh,2025-11-08,1
SZBxt8zh,2025-11-09,1
SZBxt8zh,2025-11-16,1
SZaM9p64,2025-05-25,1
SZqZ1E3u,2025-04-13,1
Sa6LKesC,2026-06-29,1
Sa7CVAAu,2026-02-23,1
SbMnQJsp,2025-08-22,1
ScABfMft,2025-02-23,2
ScABfMft,2025-02-28,1
ScBLRl3s,2026-07-03,2
ScBLRl3s,2026-07-06,1
ScBLRl3s,2026-07-10,1
ScBLRl3s,2026-07-15,1
Sd2hFV82,2025-02-10,1
SdDDAHcH,2025-10-05,6
SdQGOcID,2025-03-20,3
SdQGOcID,2025-03-23,1
SdQGOcID,2025-03-25,3
Se4rae5Z,2025-03-29,1
Se4rae5Z,2025-04-02,1
Sf8LnVO1,2026-08-28,1
Sf8LnVO1,2026-09-03,1
Sf8LnVO1,2026-09-04,1
Sf8LnVO1,2026-09-17,1
Sf8LnVO1,2026-09-18,1
Sf8LnVO1,2026-09-21,1
SfI2JNW9,2026-07-24,1
SfhZrwkx,2026-08-05,1
Sg49xCFE,2026-03-07,1
SgNrhO9m,2025-08-31,1
Sgtt7DZm,2025-08-26,1
Sgtt7DZm,2025-08-28,1
Sgtt7DZm,2025-09-06,1
Sht8wUa5,2025-07-06,1
Sht8wUa5,2025-07-13,1
ShwUVeb1,2026-02-04,1
ShwUVeb1,2026-02-20,1
ShwUVeb1,2026-02-26,1
SizXkql0,2025-11-18,2
SizXkql0,2025-11-19,3
SizXkql0,2025-11-21,1
SizXkql0,2025-11-22,3
SizXkql0,2025-11-23,2
SizXkql0,2025-11-24,1
SizXkql0,2025-11-25,1
SizXkql0,2025-11-27,1
SjN8tYKS,2026-03-23,2
SjN8tYKS,2026-03-24,1
SjN8tYKS,2026-03-25,1
SjN8tYKS,2026-03-26,1
SjN8tYKS,2026-03-27,1
SjN8tYKS,2026-03-28,5
SjN8tYKS,2026-03-29,2
SjN8tYKS,2026-04-06,1
SjSQxE6z,2026-03-25,1
SjSQxE6z,2026-03-26,1
SjSQxE6z,2026-04-05,2
SjSQxE6z,2026-04-10,1
SjSQxE6z,2026-04-14,1
Sjh3olq1,2025-02-18,1
SkBOLRFU,2026-06-23,1
SkBOLRFU,2026-06-27,1
SkBOLRFU,2026-06-28,1
SkBOLRFU,2026-07-07,1
SkBOLRFU,2026-07-08,1
SkBOLRFU,2026-07-09,1
SkBOLRFU,2026-07-10,2
SkBOLRFU,2026-07-11,3
SkBOLRFU,2026-07-15,2
SkfurVzS,2026-04-30,1
SkhkLRlA,2026-07-26,3
SkhkLRlA,2026-08-07,2
SkhkLRlA,2026-08-09,1
Skm0J9N4,2025-11-21,1
Skm0J9N4,2025-11-26,1
SlFQjLwW,2025-05-17,1
SlFQjLwW,2025-05-22,1
SlFQjLwW,2025-05-24,1
SlJYgF6B,2026-02-13,1
SlJYgF6B,2026-02-14,1
SlJYgF6B,2026-02-15,1
SlJYgF6B,2026-02-16,2
SlJYgF6B,2026-02-20,1
SlJYgF6B,2026-02-21,1
Sm3r1uhU,2024-12-29,1
SmdD9IBN,2025-07-17,1
SmdD9IBN,2025-07-20,1
SmlVKmDo,2025-11-06,1
SmlVKmDo,2025-11-16,1
SmoLkyLq,2025-04-22,1
SmoLkyLq,2025-04-27,1
SmxHy7k4,2025-09-08,1
Sn0cF6Zl,2025-11-21,1
SnIMRyiI,2026-03-24,1
SnIMRyiI,2026-03-25,3
SnIMRyiI,2026-03-27,2
SnIMRyiI,2026-03-28,1
SnIMRyiI,2026-03-29,1
SnIMRyiI,2026-04-02,5
SnIMRyiI,2026-04-07,5
SnIMRyiI,2026-04-08,1
SnIMRyiI,2026-04-09,2
SnIMRyiI,2026-04-12,1
SnKT0PRO,2026-07-28,1
SnKT0PRO,2026-08-10,1
SnKT0PRO,2026-08-18,1
Snqr3l0Z,2026-07-16,1
Snqr3l0Z,2026-07-18,1
Snqr3l0Z,2026-07-20,1
Snqr3l0Z,2026-08-02,1
Snqr3l0Z,2026-08-03,1
Snqr3l0Z,2026-08-07,1
So9cIFr5,2025-04-28,1
SofPLplC,2026-08-29,1
SofPLplC,2026-09-01,1
SofPLplC,2026-09-05,3
SofPLplC,2026-09-06,2
SofPLplC,2026-09-08,1
SofPLplC,2026-09-12,1
SofPLplC,2026-09-17,1
SofPLplC,2026-09-18,1
SpVW0JeF,2025-02-18,1
SpqnFERn,2025-09-11,1
Sr4KTIMJ,2024-12-26,2
Ss82x8UR,2025-11-30,1
Ss82x8UR,2025-12-03,1
Ss82x8UR,2025-12-05,1
Ss82x8UR,2025-12-08,3
Ss82x8UR,2025-12-10,1
Ss82x8UR,2025-12-12,2
Ss82x8UR,2025-12-13,1
Ss82x8UR,2025-12-16,1
Ss82x8UR,2025-12-23,1
Ss82x8UR,2025-12-24,2
Ss82x8UR,2025-12-25,1
Ss82x8UR,2025-12-27,1
SsltaDKn,2025-09-22,2
SsltaDKn,2025-09-26,1
SsmKgUiF,2026-06-27,1
SsmKgUiF,2026-07-06,1
SsmKgUiF,2026-07-09,1
SsmKgUiF,2026-07-10,1
SsmKgUiF,2026-07-15,2
St3Zv6aN,2025-11-29,1
StAOMin1,2026-05-04,1
StAOMin1,2026-05-07,1
StAOMin1,2026-05-11,2
StLJpM3x,2025-02-22,1
StLJpM3x,2025-02-28,1
StPqXX0X,2025-04-29,2
Stkr64M4,2025-12-06,1
Stkr64M4,2025-12-19,2
StuqPyHE,2026-03-26,2
StuqPyHE,2026-03-29,1
StuqPyHE,2026-04-02,1
StuqPyHE,2026-04-05,1
StuqPyHE,2026-04-10,1
StuqPyHE,2026-04-11,15
StuqPyHE,2026-04-12,3
StuqPyHE,2026-04-13,1
StwTK50A,2025-10-19,1
StwTK50A,2025-10-26,12
StwTK50A,2025-10-28,2
StwTK50A,2025-10-30,1
Sua1ZL7t,2025-04-16,1
SwAnAHNC,2026-08-19,1
SwAnAHNC,2026-08-21,1
SwAnAHNC,2026-08-25,1
SwAnAHNC,2026-08-28,1
SwAnAHNC,2026-08-31,3
SwAnAHNC,2026-09-08,2
SwAnAHNC,2026-09-09,1
SwAnAHNC,2026-09-11,1
SwAnAHNC,2026-09-15,3
SwAnAHNC,2026-09-16,2
SwAnAHNC,2026-09-17,1
SwAnAHNC,2026-09-19,1
SwAnAHNC,2026-09-20,1
SwSC9zk7,2026-08-13,1
SwmhAKO0,2026-05-15,2
SwmhAKO0,2026-05-16,1
SwmhAKO0,2026-05-19,1
SwmhAKO0,2026-05-21,2
SwmhAKO0,2026-05-22,1
SwmhAKO0,2026-05-23,1
SwmhAKO0,2026-05-26,3
SwmhAKO0,2026-05-27,2
SwmhAKO0,2026-05-28,1
SwmhAKO0,2026-05-30,2
SwmhAKO0,2026-06-01,1
SwmhAKO0,2026-06-02,1
SwmhAKO0,2026-06-03,1
SwmhAKO0,2026-06-07,1
SwmhAKO0,2026-06-08,3
SwmhAKO0,2026-06-09,1
SwmhAKO0,2026-06-11,1
SwmhAKO0,2026-06-13,2
SwmhAKO0,2026-06-14,2
SwmhAKO0,2026-06-15,1
SwmhAKO0,2026-06-16,1
SwmhAKO0,2026-06-18,3
SwmhAKO0,2026-06-20,2
SwmhAKO0,2026-06-21,1
SxeiwxFl,2025-11-29,1
SxeiwxFl,2025-12-07,2
SxeiwxFl,2025-12-11,1
SxeiwxFl,2025-12-12,1
SxeiwxFl,2025-12-13,1
SxeiwxFl,2025-12-19,1
SxeiwxFl,2025-12-21,2
SxeiwxFl,2025-12-22,1
SxeiwxFl,2025-12-26,1
SxppaATJ,2025-08-26,1
SxppaATJ,2025-08-27,13
SxppaATJ,2025-08-28,5
SxppaATJ,2025-08-29,1
SxppaATJ,2025-08-30,1
SxppaATJ,2025-08-31,1
SxppaATJ,2025-09-01,2
SxppaATJ,2025-09-03,1
SxppaATJ,2025-09-04,2
Sy7j78Ie,2026-05-16,2
Sy7j78Ie,2026-05-18,2
Sy7j78Ie,2026-05-22,2
Sy7j78Ie,2026-05-24,1
Sy7j78Ie,2026-05-25,1
Sy7j78Ie,2026-05-27,1
Sy7j78Ie,2026-05-28,1
Sy7j78Ie,2026-06-01,1
Sy7j78Ie,2026-06-07,1
Sy7j78Ie,2026-06-12,1
Sy7j78Ie,2026-06-17,4
Sy7j78Ie,2026-06-20,1
SyT9M1Xs,2025-08-29,1
SyZG0veD,2026-02-05,1
SzSdpHGc,2025-04-14,1
Szt86ArH,2026-04-28,1
Szt86ArH,2026-05-03,1
T0IVl5FN,2026-02-17,2
T0KQzU26,2026-09-18,1
T147Zk3u,2025-09-09,1
T1ZWD5yP,2026-05-26,1
T1ZWD5yP,2026-06-06,1
T1oE1KRq,2025-03-10,1
T1oE1KRq,2025-03-11,1
T1oE1KRq,2025-03-15,3
T1oE1KRq,2025-03-18,5
T1tEbA81,2026-06-23,1
T1tEbA81,2026-06-24,2
T1tEbA81,2026-06-25,1
T1tEbA81,2026-06-27,1
T1tEbA81,2026-06-28,2
T1tEbA81,2026-06-29,1
T1tEbA81,2026-06-30,1
T1tEbA81,2026-07-01,1
T1tEbA81,2026-07-02,1
T1tEbA81,2026-07-04,1
T1tEbA81,2026-07-06,1
T1tEbA81,2026-07-07,1
T1tEbA81,2026-07-08,1
T2LK4JWw,2025-10-15,1
T2LK4JWw,2025-10-16,1
T2LK4JWw,2025-10-17,1
T2LK4JWw,2025-10-26,1
T2LK4JWw,2025-10-28,2
T2LK4JWw,2025-10-29,1
T2SWXKcG,2026-02-08,1
T2SWXKcG,2026-02-15,2
T2SWXKcG,2026-02-17,1
T2SWXKcG,2026-02-21,1
T32PttmU,2025-09-02,1
T3DjEVlw,2025-03-23,1
T3DjEVlw,2025-03-25,1
T3bmgKkG,2025-01-08,1
T3d3eF8m,2026-08-14,1
T4GzNxBm,2026-03-18,1
T4Tn2LBH,2025-12-31,1
T4Tn2LBH,2026-01-10,2
T4Tn2LBH,2026-01-15,1
T4Tn2LBH,2026-01-16,1
T4ejzVrd,2025-10-05,1
T4ejzVrd,2025-10-06,1
T4k2UJeE,2025-05-02,1
T4o8UPgQ,2025-01-01,1
T4o8UPgQ,2025-01-11,1
T51rUn10,2026-08-21,3
T51rUn10,2026-08-22,3
T51rUn10,2026-08-23,1
T51rUn10,2026-08-24,1
T51rUn10,2026-08-25,1
T51rUn10,2026-08-26,1
T51rUn10,2026-08-27,1
T51rUn10,2026-08-28,2
T51rUn10,2026-08-31,4
T51rUn10,2026-09-03,1
T51rUn10,2026-09-05,1
T51rUn10,2026-09-08,1
T51rUn10,2026-09-09,1
T51rUn10,2026-09-11,1
T51rUn10,2026-09-12,4
T51rUn10,2026-09-13,11
T51rUn10,2026-09-14,2
T51rUn10,2026-09-15,2
T51rUn10,2026-09-16,4
T51rUn10,2026-09-17,7
T51rUn10,2026-09-18,6
T51rUn10,2026-09-19,1
T51rUn10,2026-09-20,1
T51rUn10,2026-09-21,7
T5Q0VFo3,2026-07-26,1
T5Q0VFo3,2026-07-30,1
T5Q0VFo3,2026-07-31,1
T5Q0VFo3,2026-08-08,1
T5Q0VFo3,2026-08-16,1
T5T8t1os,2025-02-09,1
T5jq8UY2,2025-01-30,1
T5zJPSQ1,2025-06-17,1
T5zJPSQ1,2025-06-24,1
T6539xyw,2025-02-25,1
T6539xyw,2025-02-26,1
T6mLyTDh,2025-02-11,1
T6pIp32N,2025-08-02,1
T6pIp32N,2025-08-03,1
T7s7BPa3,2025-03-05,1
T7yB6jov,2025-04-04,1
T7zeHvGW,2024-12-31,1
T7zeHvGW,2025-01-01,1
T7zeHvGW,2025-01-08,1
T7zeHvGW,2025-01-20,1
T7zeHvGW,2025-01-25,1
T7zeHvGW,2025-02-01,1
T7zeHvGW,2025-02-02,2
T7zegwM2,2025-01-12,1
T8AW2tbZ,2025-10-18,1
T8AW2tbZ,2025-10-26,1
T8AW2tbZ,2025-10-29,1
T8CYEe4F,2025-08-26,1
T8CYEe4F,2025-08-27,1
T8CYEe4F,2025-08-28,1
T9A2ahU4,2025-07-17,1
T9DhxNN9,2026-08-19,4
T9DhxNN9,2026-08-21,2
T9DhxNN9,2026-09-17,1
T9DhxNN9,2026-09-18,2
T9UMr2vi,2026-07-14,1
T9XOhM5m,2025-02-14,1
T9XOhM5m,2025-02-18,1
T9XOhM5m,2025-02-21,1
T9dqQqsw,2026-07-22,1
T9dqQqsw,2026-08-03,1
T9dqQqsw,2026-08-07,1
T9fUexKq,2025-02-24,1
TAbFqri8,2026-03-07,1
TAbFqri8,2026-03-10,1
TAbFqri8,2026-03-11,1
TAiAGPS4,2026-08-18,1
TAiAGPS4,2026-08-19,3
TAiAGPS4,2026-08-22,5
TAiAGPS4,2026-08-23,2
TAiAGPS4,2026-08-24,3
TAiAGPS4,2026-08-26,4
TAiAGPS4,2026-08-27,3
TAiAGPS4,2026-08-29,2
TAiAGPS4,2026-08-30,1
TAiAGPS4,2026-08-31,2
TAiAGPS4,2026-09-01,3
TAiAGPS4,2026-09-02,1
TAiAGPS4,2026-09-03,1
TAiAGPS4,2026-09-05,1
TAiAGPS4,2026-09-07,3
TAiAGPS4,2026-09-08,1
TAiAGPS4,2026-09-13,1
TAiAGPS4,2026-09-15,2
TAiAGPS4,2026-09-16,1
TAiAGPS4,2026-09-18,8
TAiAGPS4,2026-09-19,4
TAiAGPS4,2026-09-20,1
TAiAGPS4,2026-09-21,2
TB1XBkPu,2025-03-01,3
TB1XBkPu,2025-03-02,1
TBKN2Rd6,2026-06-24,1
TBKN2Rd6,2026-06-27,2
TBKN2Rd6,2026-06-28,1
TBKN2Rd6,2026-07-08,1
TBKN2Rd6,2026-07-13,1
TBNHo39h,2025-08-27,2
TBNHo39h,2025-08-31,1
TBNHo39h,2025-09-04,1
TBcmZJUV,2025-12-31,1
TBcmZJUV,2026-01-01,1
TBcmZJUV,2026-01-05,1
TBj2VcAm,2025-11-18,1
TBj2VcAm,2025-11-27,2
TBohzeDG,2025-03-30,2
TBwY62KL,2025-06-27,1
TBwY62KL,2025-07-02,1
TBwY62KL,2025-07-06,1
TBwY62KL,2025-07-11,1
TBwY62KL,2025-07-12,1
TCTRV3Rp,2026-04-16,3
TCTRV3Rp,2026-04-18,1
TCTRV3Rp,2026-04-21,1
TCTRV3Rp,2026-04-22,1
TCTRV3Rp,2026-04-24,1
TCTRV3Rp,2026-04-26,1
TCTRV3Rp,2026-04-27,1
TCTRV3Rp,2026-04-29,1
TCTRV3Rp,2026-04-30,1
TCTRV3Rp,2026-05-03,1
TCTRV3Rp,2026-05-07,1
TCTRV3Rp,2026-05-08,1
TCTRV3Rp,2026-05-12,1
TCTRV3Rp,2026-05-13,1
TCTRV3Rp,2026-05-14,1
TD2jAMVp,2026-08-26,1
TD2jAMVp,2026-09-13,1
TD2jAMVp,2026-09-16,1
TD2jAMVp,2026-09-18,1
TD2jAMVp,2026-09-19,2
TD2jAMVp,2026-09-20,4
TD2jAMVp,2026-09-21,2
TDUioIoe,2025-08-07,1
TDUioIoe,2025-08-12,1
TDUioIoe,2025-08-15,1
TDUioIoe,2025-08-16,2
TDUioIoe,2025-08-25,1
TDkW6cdp,2026-01-06,1
TDkt4XZv,2025-09-16,2
TDkt4XZv,2025-09-17,1
TDkt4XZv,2025-09-20,1
TDkt4XZv,2025-09-23,2
TDkt4XZv,2025-09-24,1
TDkt4XZv,2025-09-27,3
TEtuJpWP,2025-05-24,1
TEtuJpWP,2025-05-27,1
TFPrg0Hh,2026-06-17,1
TFSSWr8w,2025-08-28,1
TFaWu4Pm,2026-06-25,2
TFaWu4Pm,2026-06-27,1
TFaWu4Pm,2026-06-29,1
TFaWu4Pm,2026-07-02,1
TFaWu4Pm,2026-07-07,1
TFaWu4Pm,2026-07-09,1
TFaWu4Pm,2026-07-13,1
TFaWu4Pm,2026-07-14,1
TGGYlj5x,2025-10-19,2
TGMrfeQ4,2026-03-28,1
TGvCP97o,2025-11-02,1
TIzHaFyd,2025-06-05,18
TIzHaFyd,2025-06-06,8
TIzHaFyd,2025-06-08,4
TIzHaFyd,2025-06-09,12
TIzHaFyd,2025-06-14,14
TIzHaFyd,2025-06-15,4
TIzHaFyd,2025-06-16,3
TIzHaFyd,2025-06-21,1
TIzHaFyd,2025-06-22,1
TIzHaFyd,2025-06-24,4
TJLf6Mgz,2026-05-18,1
TJLf6Mgz,2026-05-24,1
TJLf6Mgz,2026-05-27,1
TJLf6Mgz,2026-06-04,1
TJLf6Mgz,2026-06-09,1
TJLf6Mgz,2026-06-11,1
TJLf6Mgz,2026-06-18,1
TJLf6Mgz,2026-06-20,1
TJSbUkA5,2025-04-08,2
TJSbUkA5,2025-04-09,2
TJSbUkA5,2025-04-10,1
TJSbUkA5,2025-04-11,1
TJSbUkA5,2025-04-12,1
TJSbUkA5,2025-04-13,1
TJornJNw,2026-04-17,1
TJornJNw,2026-04-18,1
TJornJNw,2026-05-09,2
TJornJNw,2026-05-10,1
TK204qPW,2025-09-13,4
TKMYRBMX,2025-03-02,1
TL9SGF8Y,2026-03-28,2
TL9SGF8Y,2026-04-01,1
TL9SGF8Y,2026-04-02,1
TL9SGF8Y,2026-04-05,1
TL9SGF8Y,2026-04-08,1
TL9SGF8Y,2026-04-13,1
TLA7Yh7P,2026-03-30,1
TLA7Yh7P,2026-04-12,1
TLA7Yh7P,2026-04-14,1
TLEd1r2G,2026-06-26,1
TLEd1r2G,2026-07-13,1
TMlGjgKX,2026-07-09,1
TMojgp9k,2025-12-28,1
TMojgp9k,2026-01-03,1
TMojgp9k,2026-01-15,1
TMojgp9k,2026-01-20,1
TMojgp9k,2026-01-25,1
TMojgp9k,2026-02-01,1
TNjAfUkB,2026-03-07,1
TOI5s9ek,2026-03-18,1
TOI5s9ek,2026-03-21,1
TOYg3ezN,2026-06-08,1
TOnMlf9Y,2026-05-06,1
TOnMlf9Y,2026-05-11,1
TPJiMTkF,2026-03-01,1
TPJiMTkF,2026-03-03,1
TPJiMTkF,2026-03-18,1
TPrqBeRG,2026-04-13,1
TQK7hLOn,2026-05-16,1
TQK7hLOn,2026-05-21,1
TQK7hLOn,2026-05-25,2
TQK7hLOn,2026-05-29,2
TQK7hLOn,2026-05-30,1
TQK7hLOn,2026-06-08,1
TQK7hLOn,2026-06-21,2
TQOZop8J,2025-02-09,1
TQOZop8J,2025-02-11,2
TQZgJcrM,2025-08-06,2
TQd3Bson,2025-12-12,1
TQd3Bson,2025-12-24,1
TQd3Bson,2025-12-26,1
TQfb5jll,2026-02-28,1
TQfb5jll,2026-03-04,2
TQfb5jll,2026-03-06,1
TQfb5jll,2026-03-13,1
TQfb5jll,2026-03-14,1
TQvBGmtv,2025-08-27,1
TR1WwCyI,2026-04-04,2
TR1WwCyI,2026-04-11,1
TR1WwCyI,2026-04-14,2
TR1WwCyI,2026-04-15,1
TR7qqT8V,2025-11-26,1
TRhYltS7,2026-03-02,1
TSRzrifo,2025-11-06,1
TSRzrifo,2025-11-07,1
TSRzrifo,2025-11-08,1
TST0GAIN,2025-12-04,1
TST0GAIN,2025-12-08,1
TSuPSUMv,2025-10-05,2
TSuPSUMv,2025-10-06,2
TTxPCpPT,2025-12-08,1
TTxPCpPT,2025-12-18,1
TUOA9YEV,2026-02-13,1
TUOA9YEV,2026-02-23,1
TUOA9YEV,2026-02-26,1
TV1fj5vI,2026-07-29,1
TV1fj5vI,2026-08-14,1
TV1zmtUv,2026-01-20,1
TVVG47Be,2025-04-14,2
TVpJDL2Z,2026-08-08,1
TWUGbdII,2026-02-20,1
TWUGbdII,2026-02-21,2
TWUGbdII,2026-02-22,1
TWsUW1Cl,2025-11-24,1
TWsUW1Cl,2025-11-25,1
TWsUW1Cl,2025-11-28,2
TXykuli3,2025-02-19,1
TY8CzwPZ,2025-08-07,1
TYfRedrV,2026-04-16,1
TYfRedrV,2026-04-18,1
TYfRedrV,2026-04-21,1
TYfRedrV,2026-04-24,1
TYfRedrV,2026-04-27,1
TYfRedrV,2026-04-30,1
TYfRedrV,2026-05-03,1
TYfRedrV,2026-05-04,1
TYfRedrV,2026-05-10,1
TYvAAHup,2025-04-02,2
TZzKve0b,2025-02-26,1
TbawruOx,2026-08-06,1
TbpIUdCs,2025-10-06,1
TcMWiBx5,2026-08-18,1
TcMWiBx5,2026-08-20,1
TcMWiBx5,2026-08-25,1
TcMWiBx5,2026-08-26,4
TcMWiBx5,2026-08-27,1
TcMWiBx5,2026-08-28,2
TcMWiBx5,2026-08-29,3
TcMWiBx5,2026-08-31,8
TcMWiBx5,2026-09-01,1
TcMWiBx5,2026-09-02,3
TcMWiBx5,2026-09-03,3
TcMWiBx5,2026-09-04,2
TcMWiBx5,2026-09-05,4
TcMWiBx5,2026-09-06,5
TcMWiBx5,2026-09-07,2
TcMWiBx5,2026-09-08,9
TcMWiBx5,2026-09-09,4
TcMWiBx5,2026-09-10,8
TcMWiBx5,2026-09-11,6
TcMWiBx5,2026-09-12,2
TcMWiBx5,2026-09-13,1
TcMWiBx5,2026-09-14,2
TcMWiBx5,2026-09-15,4
TcMWiBx5,2026-09-16,5
TcMWiBx5,2026-09-17,2
TcMWiBx5,2026-09-18,6
TcMWiBx5,2026-09-19,3
TcMWiBx5,2026-09-20,1
TcMWiBx5,2026-09-21,3
TdlgQiUP,2026-04-17,1
TdlgQiUP,2026-04-23,1
TdlgQiUP,2026-04-28,1
TdlgQiUP,2026-05-01,1
TdlgQiUP,2026-05-03,1
TdlgQiUP,2026-05-09,2
TdlgQiUP,2026-05-10,1
TdoKlMdn,2025-07-25,1
TdoKlMdn,2025-07-27,1
TeF10em7,2026-03-25,1
TeF10em7,2026-04-01,3
TeF10em7,2026-04-06,1
TeF10em7,2026-04-08,2
TeKFX2Pl,2025-10-17,1
TeZbVwKM,2025-12-06,2
TeZz3BNi,2026-01-03,1
TeZz3BNi,2026-01-16,1
TeZz3BNi,2026-01-23,1
TeuToE6u,2025-09-15,1
TeuToE6u,2025-09-24,3
TeuToE6u,2025-09-25,1
TeuToE6u,2025-09-29,1
Tg0jyxrW,2025-08-11,1
Tg7Y0pFi,2025-11-29,1
Tg7Y0pFi,2025-12-01,1
Tg7Y0pFi,2025-12-06,1
Tg7Y0pFi,2025-12-08,17
Tg7Y0pFi,2025-12-09,3
Tg7Y0pFi,2025-12-10,2
Tg7Y0pFi,2025-12-12,1
Tg7Y0pFi,2025-12-14,1
Tg7Y0pFi,2025-12-15,1
Tg7Y0pFi,2025-12-19,1
Tg7Y0pFi,2025-12-20,3
Tg7Y0pFi,2025-12-22,1
Tg7Y0pFi,2025-12-24,1
Tg7Y0pFi,2025-12-25,1
Tg7Y0pFi,2025-12-27,2
Tg9cbdP6,2026-03-23,1
Tg9cbdP6,2026-03-26,1
Tg9cbdP6,2026-04-06,1
Tg9cbdP6,2026-04-09,1
Tg9cbdP6,2026-04-14,1
TgrIXU7i,2025-05-31,1
TgrIXU7i,2025-06-13,2
TgrIXU7i,2025-06-20,1
TgtfcWIh,2026-02-06,1
TgtfcWIh,2026-02-10,1
TgtfcWIh,2026-02-13,1
TgtfcWIh,2026-02-16,1
TgtfcWIh,2026-02-20,2
TgtfcWIh,2026-02-21,2
TgtfcWIh,2026-02-24,1
ThZ6gAVI,2026-04-20,3
ThZ6gAVI,2026-04-21,2
ThZ6gAVI,2026-04-22,1
ThZ6gAVI,2026-04-25,2
ThZ6gAVI,2026-04-30,4
ThZ6gAVI,2026-05-13,1
TiNtre0D,2025-04-06,1
TiNtre0D,2025-04-08,1
TiNtre0D,2025-04-11,1
TiyaM934,2026-06-13,1
TiyaM934,2026-06-16,1
TkZfNlF2,2025-10-16,1
TkZfNlF2,2025-10-17,1
TloFVQFn,2025-11-30,1
TloFVQFn,2025-12-04,1
TloFVQFn,2025-12-22,1
Tm2PtUvJ,2025-11-03,1
Tm2PtUvJ,2025-11-05,2
Tm2PtUvJ,2025-11-06,3
Tm2PtUvJ,2025-11-09,1
Tm2PtUvJ,2025-11-10,3
Tm2PtUvJ,2025-11-13,1
Tm2PtUvJ,2025-11-15,3
Tm2PtUvJ,2025-11-16,3
Tm2PtUvJ,2025-11-17,3
Tm2PtUvJ,2025-11-18,1
Tm4oMFRz,2025-04-18,1
Tm5pYbDq,2026-03-27,1
Tm5pYbDq,2026-04-02,2
TniHS9m1,2025-09-27,1
TnkiDjbl,2026-03-30,1
TnrEIyuV,2025-04-16,1
TnrEIyuV,2025-04-19,1
TnrEIyuV,2025-04-29,1
Tnzxzu0Y,2025-11-18,1
Tnzxzu0Y,2025-11-21,2
Tnzxzu0Y,2025-11-22,2
Tnzxzu0Y,2025-11-23,1
Tnzxzu0Y,2025-11-26,1
ToxNGLD8,2025-10-26,2
Tpcu36mF,2025-12-28,3
Tpcu36mF,2025-12-29,3
Tpcu36mF,2025-12-31,2
Tpcu36mF,2026-01-01,1
Tpcu36mF,2026-01-06,2
Tpcu36mF,2026-01-08,1
Tpcu36mF,2026-01-09,1
Tpcu36mF,2026-01-10,1
Tpcu36mF,2026-01-11,1
Tpcu36mF,2026-01-12,1
Tpcu36mF,2026-01-13,1
Tpcu36mF,2026-01-14,1
Tpcu36mF,2026-01-15,1
Tpcu36mF,2026-01-18,1
Tpcu36mF,2026-01-19,2
Tpcu36mF,2026-01-20,1
Tpcu36mF,2026-01-23,2
Tpcu36mF,2026-01-24,3
Tpcu36mF,2026-01-25,1
Tpcu36mF,2026-01-26,1
Tpcu36mF,2026-01-27,2
Tpcu36mF,2026-01-28,2
Tpcu36mF,2026-01-29,2
Tpcu36mF,2026-01-30,1
Tpcu36mF,2026-01-31,1
Tpcu36mF,2026-02-01,1
Tpcu36mF,2026-02-02,1
Tpcu36mF,2026-02-03,1
Tpsm5BJ4,2026-04-22,1
TrHodTXe,2026-04-05,1
TrHodTXe,2026-04-09,1
TrTFLsA2,2026-05-16,1
TrTFLsA2,2026-05-21,1
TrTFLsA2,2026-05-22,1
TrTFLsA2,2026-05-30,1
TrTFLsA2,2026-06-01,1
TrTFLsA2,2026-06-04,1
TrTFLsA2,2026-06-08,1
TrcQ3Azm,2025-04-19,1
TrwMY3P3,2025-05-29,1
TrwMY3P3,2025-05-30,1
TrwMY3P3,2025-06-03,1
TrwMY3P3,2025-06-07,1
TrwMY3P3,2025-06-09,1
TrwMY3P3,2025-06-10,1
Ts9LVNXq,2025-09-28,1
TskafEG6,2025-10-28,1
Tt57mp5e,2025-06-27,2
Tt57mp5e,2025-06-29,2
Tt57mp5e,2025-07-01,1
Tt57mp5e,2025-07-06,1
Tt57mp5e,2025-07-07,1
Tt57mp5e,2025-07-08,1
TtFBk94U,2025-09-09,1
Tu5lcDs0,2025-08-26,1
TuUV0nij,2026-05-24,1
TuUV0nij,2026-05-29,1
TuUV0nij,2026-05-30,1
TuUV0nij,2026-06-02,1
TuUV0nij,2026-06-11,2
Tx22icYT,2025-03-07,1
Tx7t2iFx,2025-03-23,1
Tx7t2iFx,2025-03-26,2
TxDjn4Jx,2025-10-17,1
TxDjn4Jx,2025-10-30,1
TxHYY6kR,2025-11-04,1
TxcE0Qkk,2026-04-17,1
TxcE0Qkk,2026-05-01,1
TxcE0Qkk,2026-05-10,1
Txyz7PHQ,2025-05-07,1
Ty8GBYV1,2024-12-26,15
Ty8GBYV1,2024-12-27,14
Ty8GBYV1,2024-12-28,13
Ty8GBYV1,2024-12-29,10
TyAwY72O,2026-03-07,1
TyAwY72O,2026-03-09,1
TyAwY72O,2026-03-15,1
TyAwY72O,2026-03-16,1
TyAwY72O,2026-03-17,1
TyAwY72O,2026-03-19,1
TyAwY72O,2026-03-20,1
TyAwY72O,2026-03-22,1
TyqojzVg,2025-08-30,1
TyqojzVg,2025-08-31,1
TyqojzVg,2025-09-05,1
TywHnbHf,2026-09-20,1
TywHnbHf,2026-09-21,1
TzBt1AYC,2025-02-27,1
Tzrm609X,2025-11-04,1
U04429aq,2025-07-16,1
U04429aq,2025-07-25,1
U04429aq,2025-07-28,1
U04429aq,2025-07-29,1
U097vfhS,2025-09-27,1
U0efXxoZ,2025-10-07,1
U0grhWTg,2026-04-16,3
U0grhWTg,2026-04-17,3
U0grhWTg,2026-04-19,1
U0grhWTg,2026-04-20,2
U0grhWTg,2026-04-21,1
U0grhWTg,2026-04-23,1
U0grhWTg,2026-04-26,3
U0grhWTg,2026-04-27,1
U0grhWTg,2026-04-29,2
U0grhWTg,2026-04-30,4
U0grhWTg,2026-05-03,6
U0grhWTg,2026-05-04,4
U0grhWTg,2026-05-05,6
U0grhWTg,2026-05-06,10
U0grhWTg,2026-05-07,3
U0grhWTg,2026-05-09,4
U0grhWTg,2026-05-12,3
U0grhWTg,2026-05-13,2
U0iDAbQd,2025-06-25,1
U1wYooDM,2026-05-07,1
U1wYooDM,2026-05-08,1
U1xp6uUR,2025-07-17,1
U1xp6uUR,2025-07-24,1
U2BKbcK5,2025-05-11,1
U36KXr9l,2025-08-20,1
U36KXr9l,2025-08-23,1
U3KVTQPs,2025-04-09,12
U3KVTQPs,2025-04-11,4
U3kqu9CZ,2025-01-02,1
U3kqu9CZ,2025-01-05,1
U4NEzNEC,2025-02-15,1
U4NEzNEC,2025-02-18,1
U4NEzNEC,2025-02-19,2
U5AKqBFq,2026-02-04,1
U5AKqBFq,2026-02-11,2
U5AKqBFq,2026-02-12,1
U5AKqBFq,2026-02-13,1
U5AKqBFq,2026-02-14,2
U5AKqBFq,2026-02-16,3
U5AKqBFq,2026-02-17,3
U5AKqBFq,2026-02-18,1
U5AKqBFq,2026-02-21,3
U5AKqBFq,2026-02-23,1
U5AKqBFq,2026-02-24,2
U5AKqBFq,2026-02-25,2
U5AKqBFq,2026-02-26,2
U5plXcxy,2024-12-27,2
U5plXcxy,2024-12-29,16
U5plXcxy,2024-12-30,7
U60DWUCp,2026-08-25,1
U60DWUCp,2026-09-08,2
U60DWUCp,2026-09-19,6
U6gZ7NHD,2025-01-11,1
U6gZ7NHD,2025-01-25,2
U6gZ7NHD,2025-01-28,1
U6pbu9hJ,2025-03-29,1
U6wUA2UD,2025-02-08,1
U6wUA2UD,2025-02-09,1
U70EknR4,2026-02-08,1
U70EknR4,2026-02-09,1
U70EknR4,2026-02-12,1
U70EknR4,2026-02-13,1
U70EknR4,2026-02-14,1
U70EknR4,2026-02-15,2
U70EknR4,2026-02-16,1
U70EknR4,2026-02-18,1
U70EknR4,2026-02-20,1
U70EknR4,2026-02-21,1
U70EknR4,2026-02-23,1
U70EknR4,2026-02-25,6
U70EknR4,2026-02-26,1
U7BmvJZc,2025-10-28,1
U7G1Znul,2026-04-22,1
U7G1Znul,2026-05-05,1
U7G1Znul,2026-05-07,1
U7TTLYaG,2026-06-25,1
U7TTLYaG,2026-06-27,1
U7TTLYaG,2026-06-30,1
U7TTLYaG,2026-07-04,1
U7TTLYaG,2026-07-05,1
U7TTLYaG,2026-07-06,1
U7TTLYaG,2026-07-07,1
U7TTLYaG,2026-07-08,1
U7TTLYaG,2026-07-09,4
U7TTLYaG,2026-07-15,3
U7k9qaPa,2025-08-07,1
U7k9qaPa,2025-08-08,2
U7k9qaPa,2025-08-09,2
U7k9qaPa,2025-08-10,1
U7k9qaPa,2025-08-11,1
U7k9qaPa,2025-08-12,1
U7k9qaPa,2025-08-14,2
U7k9qaPa,2025-08-15,1
U7k9qaPa,2025-08-16,1
U7k9qaPa,2025-08-17,1
U7k9qaPa,2025-08-18,1
U7k9qaPa,2025-08-19,2
U7k9qaPa,2025-08-21,1
U7k9qaPa,2025-08-22,1
U7k9qaPa,2025-08-23,4
U7k9qaPa,2025-08-24,1
U7k9qaPa,2025-08-26,1
U8aWXAyb,2024-12-28,1
U96j01Ik,2026-06-06,1
U96j01Ik,2026-06-09,1
U96j01Ik,2026-06-10,1
U96j01Ik,2026-06-12,1
UAB0By3J,2026-06-25,1
UAB0By3J,2026-06-27,1
UAB0By3J,2026-07-01,1
UAB0By3J,2026-07-04,1
UAB0By3J,2026-07-11,1
UAB0By3J,2026-07-13,1
UAB0By3J,2026-07-15,1
UBDa3aRX,2025-08-19,1
UBjC84hj,2026-09-19,1
UCUP8sPm,2025-09-16,1
UCUP8sPm,2025-09-18,2
UCUP8sPm,2025-09-21,1
UCUP8sPm,2025-09-27,1
UCUP8sPm,2025-09-30,1
UDGHXeg6,2025-02-14,1
UDGHXeg6,2025-02-18,1
UE6QlHGQ,2026-08-06,1
UEjHuj8F,2025-12-27,1
UF0PGC9I,2026-05-17,1
UF0PGC9I,2026-06-15,1
UFmSFMfY,2026-09-19,1
UFnDuYhz,2025-08-26,1
UFnDuYhz,2025-08-28,1
UFtF6uWc,2025-11-18,1
UFtF6uWc,2025-11-20,1
UFtF6uWc,2025-11-23,2
UFtF6uWc,2025-11-26,1
UFtF6uWc,2025-11-27,1
UGUg7EAl,2026-09-05,1
UGUg7EAl,2026-09-15,1
UGUg7EAl,2026-09-17,1
UGUg7EAl,2026-09-18,2
UGUg7EAl,2026-09-19,2
UGUg7EAl,2026-09-20,2
UGUg7EAl,2026-09-21,4
UGlRvCfd,2025-06-10,1
UImdcJtd,2026-01-22,1
UIxmwb6k,2026-03-29,1
UIxmwb6k,2026-04-15,1
UJJwhoUb,2025-04-28,1
UJNa1U5B,2025-06-07,1
UJNa1U5B,2025-06-08,1
UJcoIEBt,2025-02-06,1
UJcoIEBt,2025-02-07,2
UJcoIEBt,2025-02-08,1
UJcoIEBt,2025-02-10,1
UJcoIEBt,2025-02-13,1
UKE5L2CX,2026-08-26,1
UKGVs4GO,2026-02-27,1
UKGVs4GO,2026-02-28,1
UKGVs4GO,2026-03-04,1
UKGVs4GO,2026-03-07,1
UKGVs4GO,2026-03-08,1
UKIXdp8J,2026-07-27,1
UKeaCRaD,2026-02-26,1
UKtVr7Xi,2025-11-14,1
UKtVr7Xi,2025-11-15,2
UKtVr7Xi,2025-11-17,1
ULFhjLCg,2025-09-07,1
UN3ky2Cq,2025-03-26,1
UN8UGMFT,2026-08-02,2
UN8UGMFT,2026-08-08,1
UN8UGMFT,2026-08-10,1
UNFv9wLY,2025-03-06,1
UNTCx2tj,2025-03-21,1
UNjtHdxb,2025-04-09,1
UNjtHdxb,2025-04-10,1
UNjtHdxb,2025-04-13,1
UOjGOvMc,2025-03-20,1
UOlu3XfC,2025-06-01,1
UOlu3XfC,2025-06-06,1
UOlu3XfC,2025-06-14,1
UP1jhgAJ,2025-03-28,1
UPVSNmjL,2025-05-01,1
UPVSNmjL,2025-05-02,1
UPVSNmjL,2025-05-04,1
UPVSNmjL,2025-05-08,1
UPVSNmjL,2025-05-13,1
UPXZJCTk,2025-04-18,1
UPXZJCTk,2025-04-29,1
UPcrWgUe,2025-04-27,1
UPp7yMVC,2025-03-07,1
UQR3exLL,2026-02-27,2
UQR3exLL,2026-03-09,1
UQR3exLL,2026-03-10,1
UQRuJ73n,2025-03-28,1
UQWA7eu7,2025-06-04,3
UQbiwD2H,2026-05-16,2
UQbiwD2H,2026-05-18,1
UQbiwD2H,2026-06-01,1
UQbiwD2H,2026-06-20,1
URSvWdrR,2025-11-10,1
URSvWdrR,2025-11-15,3
URT2MLTf,2025-09-20,1
URT2MLTf,2025-09-25,1
URaxSmyX,2026-05-17,1
URaxSmyX,2026-05-20,1
URaxSmyX,2026-05-21,1
URaxSmyX,2026-05-26,1
URaxSmyX,2026-06-01,1
URaxSmyX,2026-06-02,2
URaxSmyX,2026-06-04,1
URaxSmyX,2026-06-06,1
URaxSmyX,2026-06-07,1
URaxSmyX,2026-06-08,2
URaxSmyX,2026-06-10,1
URaxSmyX,2026-06-11,2
URaxSmyX,2026-06-12,2
URaxSmyX,2026-06-14,3
URaxSmyX,2026-06-15,2
URaxSmyX,2026-06-16,1
URaxSmyX,2026-06-17,2
URaxSmyX,2026-06-19,4
URaxSmyX,2026-06-20,1
URaxSmyX,2026-06-21,1
URaxSmyX,2026-06-22,1
URuxNP7D,2026-09-21,2
UTLE4A3h,2025-03-21,1
UThJwCMZ,2025-04-27,1
UTyMVPZX,2025-11-19,1
UTyMVPZX,2025-11-24,1
UV6dnncP,2026-08-21,1
UV6dnncP,2026-08-22,2
UV6dnncP,2026-08-26,1
UV6dnncP,2026-08-27,1
UV6dnncP,2026-08-30,1
UV6dnncP,2026-09-11,1
UV6dnncP,2026-09-12,2
UV6dnncP,2026-09-13,1
UV6dnncP,2026-09-15,1
UV6dnncP,2026-09-16,1
UV6dnncP,2026-09-19,3
UV6dnncP,2026-09-20,1
UVHI749d,2025-04-30,1
UVHI749d,2025-05-01,1
UVHI749d,2025-05-03,1
UVHI749d,2025-05-07,1
UVHI749d,2025-05-10,5
UVHI749d,2025-05-12,2
UVHI749d,2025-05-13,2
UW4MTqOy,2026-01-09,1
UW4MTqOy,2026-01-10,1
UW4MTqOy,2026-01-14,1
UWKxA4kX,2025-08-27,2
UWMbXU0a,2025-04-27,1
UWMbXU0a,2025-04-29,18
UWMbXU0a,2025-04-30,19
UWQlPlWH,2025-11-28,2
UWla1Yi3,2026-03-06,1
UXPv3USV,2026-03-07,1
UXPv3USV,2026-03-13,1
UZCYWxit,2025-02-09,1
UZc0bJPG,2025-10-01,1
UZc0bJPG,2025-10-03,1
UZc0bJPG,2025-10-06,1
UZc0bJPG,2025-10-07,1
UZc0bJPG,2025-10-09,1
UZc0bJPG,2025-10-10,2
UZc0bJPG,2025-10-11,1
UZc0bJPG,2025-10-13,1
Ub9vkzLR,2025-01-21,1
Ub9vkzLR,2025-01-23,1
Ub9vkzLR,2025-01-31,1
UbdcjMmI,2025-04-07,1
UbdcjMmI,2025-04-10,2
UbdcjMmI,2025-04-11,1
UbdcjMmI,2025-04-12,2
UcJ7KwmD,2026-07-19,1
UcJ7KwmD,2026-07-20,1
UcJ7KwmD,2026-07-25,1
UcJ7KwmD,2026-07-29,1
UcJ7KwmD,2026-07-30,1
UcJ7KwmD,2026-07-31,1
UcJ7KwmD,2026-08-01,2
UcJ7KwmD,2026-08-06,2
UcJ7KwmD,2026-08-07,1
UcJ7KwmD,2026-08-08,1
UcJ7KwmD,2026-08-09,1
UcJ7KwmD,2026-08-12,1
UcJ7KwmD,2026-08-13,2
UcJ7KwmD,2026-08-14,2
UcJ7KwmD,2026-08-16,1
UcWzj0AN,2025-10-05,1
UcWzj0AN,2025-10-06,2
UcWzj0AN,2025-10-08,1
UcjafUdi,2026-09-02,1
UcjafUdi,2026-09-03,1
UcjafUdi,2026-09-05,1
UcjafUdi,2026-09-10,1
UcjafUdi,2026-09-12,1
UcjafUdi,2026-09-19,1
UcjafUdi,2026-09-20,1
UcjafUdi,2026-09-21,1
Ue7pBYSb,2024-12-30,11
Ue7pBYSb,2024-12-31,10
Ue7pBYSb,2025-01-01,21
Ue7pBYSb,2025-01-02,22
Ue7pBYSb,2025-01-03,10
Ue7pBYSb,2025-01-04,10
Ue7pBYSb,2025-01-05,10
Ue7pBYSb,2025-01-06,10
Ue7pBYSb,2025-01-07,11
Ue7pBYSb,2025-01-08,15
Ue7pBYSb,2025-01-09,15
Ue7pBYSb,2025-01-10,2
Ue7pBYSb,2025-01-14,13
Ue7pBYSb,2025-01-16,2
Ue7pBYSb,2025-01-17,2
Ue7pBYSb,2025-01-21,1
Ue7pBYSb,2025-01-22,1
Ue7pBYSb,2025-01-24,3
Ue7pBYSb,2025-01-31,2
Ue7pBYSb,2025-02-03,2
Ue7pBYSb,2025-02-04,1
Uf8zKgKI,2025-12-10,1
UfI0dsst,2025-05-02,1
UfYJJK0O,2025-04-10,1
UfYJJK0O,2025-04-11,1
UgC68EYo,2026-05-16,1
UgC68EYo,2026-05-20,1
UgC68EYo,2026-05-23,2
UgC68EYo,2026-05-28,3
UgUkoN9j,2025-08-01,3
UgUkoN9j,2025-08-02,1
UgUkoN9j,2025-08-03,1
UgUkoN9j,2025-08-06,2
UgUkoN9j,2025-08-07,1
UgzkYcwV,2026-06-26,1
UgzkYcwV,2026-07-10,1
UiZ2gdrE,2025-11-27,1
UiZTrFsz,2025-12-29,1
UiZTrFsz,2026-01-01,1
UiZTrFsz,2026-01-03,1
UiZTrFsz,2026-01-13,1
UiZTrFsz,2026-01-26,1
UiZTrFsz,2026-01-28,1
Uj5yuPaL,2025-01-03,3
Uj5yuPaL,2025-01-05,3
Uj5yuPaL,2025-01-06,1
Uj5yuPaL,2025-01-08,1
Uj5yuPaL,2025-01-09,1
Uj5yuPaL,2025-01-14,1
Uj5yuPaL,2025-02-02,1
Uj5yuPaL,2025-02-04,1
Uk3CswXm,2024-12-30,1
Uk3CswXm,2025-02-04,1
Uk3lcspO,2025-01-28,1
UkiwGCb6,2025-11-11,1
UkiwGCb6,2025-11-13,1
UkiwGCb6,2025-11-16,1
Ul7Dkf2G,2025-08-25,1
Um92qMVS,2026-03-27,1
UmB0Q1Pp,2025-04-29,1
UmszgUqy,2026-05-19,1
UmszgUqy,2026-05-21,1
UmszgUqy,2026-05-25,1
UmszgUqy,2026-05-27,1
UmszgUqy,2026-06-02,2
UmszgUqy,2026-06-03,1
UmszgUqy,2026-06-05,2
UmszgUqy,2026-06-06,1
UmszgUqy,2026-06-10,1
UmszgUqy,2026-06-15,1
UmszgUqy,2026-06-17,1
UmszgUqy,2026-06-19,1
UmszgUqy,2026-06-20,1
UmszgUqy,2026-06-22,1
Umuu4Prs,2025-08-27,2
Umuu4Prs,2025-08-28,1
UnUljSdi,2026-03-23,1
UnUljSdi,2026-03-29,1
UnUljSdi,2026-04-03,1
UnUljSdi,2026-04-05,2
UnUljSdi,2026-04-06,1
UnUljSdi,2026-04-09,3
UnUljSdi,2026-04-11,2
UnUljSdi,2026-04-12,2
UnUljSdi,2026-04-14,1
UnlV5gTW,2026-04-03,1
UnlV5gTW,2026-04-04,2
UnlV5gTW,2026-04-06,1
UnlV5gTW,2026-04-09,2
UnwGeC2N,2025-06-27,3
UnwGeC2N,2025-07-03,2
UnwGeC2N,2025-07-08,1
UnwGeC2N,2025-07-10,1
UnwGeC2N,2025-07-12,1
UoBVkPQu,2025-03-29,1
UoX6kAJg,2025-08-18,1
UoX6kAJg,2025-08-19,1
UoX6kAJg,2025-08-23,1
UoXFTvGn,2026-03-24,1
UoXFTvGn,2026-03-27,1
UoXFTvGn,2026-03-28,1
UoXFTvGn,2026-04-01,1
UoxJnofh,2026-02-03,1
UoxJnofh,2026-02-17,1
UoxJnofh,2026-02-19,1
UoxJnofh,2026-02-20,1
UoxJnofh,2026-02-21,1
Uozxz1jp,2025-06-26,1
UpJTdByv,2025-03-29,1
UpJTdByv,2025-04-01,1
UpZekKYQ,2025-10-18,1
UqTh0Av8,2025-04-11,1
UrADWRTl,2025-04-03,1
UrdSN5sm,2026-04-16,2
UrdSN5sm,2026-04-17,2
UrdSN5sm,2026-04-18,2
UrdSN5sm,2026-04-19,2
UrdSN5sm,2026-04-20,2
UrdSN5sm,2026-04-21,2
UrdSN5sm,2026-04-22,2
UrdSN5sm,2026-04-23,2
UrdSN5sm,2026-04-24,2
UrdSN5sm,2026-04-25,2
UrdSN5sm,2026-04-26,2
UrdSN5sm,2026-04-27,2
UrdSN5sm,2026-04-28,2
UrdSN5sm,2026-04-29,2
UrdSN5sm,2026-04-30,2
UrdSN5sm,2026-05-01,2
UrdSN5sm,2026-05-02,2
UrdSN5sm,2026-05-03,2
UrdSN5sm,2026-05-04,2
UrdSN5sm,2026-05-05,2
UrdSN5sm,2026-05-06,2
UrdSN5sm,2026-05-07,2
UrdSN5sm,2026-05-08,2
UrdSN5sm,2026-05-09,2
UrdSN5sm,2026-05-10,2
UrdSN5sm,2026-05-11,2
UrdSN5sm,2026-05-12,2
UrdSN5sm,2026-05-13,2
UrdSN5sm,2026-05-14,3
UsxCj8Ie,2026-03-20,1
UtD7noeG,2026-07-17,1
UtD7noeG,2026-07-21,1
UtD7noeG,2026-07-23,4
UtD7noeG,2026-07-26,1
UtD7noeG,2026-07-29,1
UtD7noeG,2026-08-02,1
UtD7noeG,2026-08-03,1
UtD7noeG,2026-08-05,2
UtD7noeG,2026-08-07,2
UtD7noeG,2026-08-09,2
UtEBjyY8,2025-12-28,1
UtEBjyY8,2026-01-01,1
UtEBjyY8,2026-01-04,1
UtEBjyY8,2026-01-05,1
UtEBjyY8,2026-01-09,1
UtEBjyY8,2026-01-13,1
UtEBjyY8,2026-01-16,1
UtEBjyY8,2026-01-23,1
UtEBjyY8,2026-01-28,1
UtEBjyY8,2026-02-01,2
UtUpANa1,2025-05-04,1
Uu182EgX,2025-03-17,1
Uu8nO6J1,2025-04-18,1
Uu8nO6J1,2025-04-20,1
UwWmWY8i,2026-04-07,1
UwYNbrCM,2025-10-07,1
Ux5CrSyd,2026-05-21,1
Ux5CrSyd,2026-05-27,1
Ux5CrSyd,2026-06-01,1
Ux5CrSyd,2026-06-10,1
Ux8BEkgA,2025-01-11,1
Ux8BEkgA,2025-01-21,2
UxCRHUh9,2025-12-05,1
UxCRHUh9,2025-12-13,1
UxCRHUh9,2025-12-14,1
UxCRHUh9,2025-12-24,1
UxCRHUh9,2025-12-25,1
UxCRHUh9,2025-12-26,1
UyYfV00o,2025-11-25,1
Uz5LWZn1,2025-10-12,1
UzhAHjW3,2026-06-25,1
UzhAHjW3,2026-06-28,2
V0stZ8iU,2025-03-23,1
V1FKVcwY,2026-03-22,1
V1qbW2um,2026-07-18,1
V1qbW2um,2026-07-29,1
V1qbW2um,2026-08-04,1
V1qbW2um,2026-08-05,1
V1qbW2um,2026-08-08,1
V1qbW2um,2026-08-14,1
V1wleOrT,2026-04-17,1
V1wleOrT,2026-04-18,1
V1wleOrT,2026-04-26,1
V1wleOrT,2026-05-02,1
V1wleOrT,2026-05-08,1
V1wleOrT,2026-05-09,1
V1wleOrT,2026-05-12,1
V1wleOrT,2026-05-13,1
V2MWGLFR,2025-04-16,1
V2nLYwN3,2025-01-06,1
V2nLYwN3,2025-01-17,1
V2nLYwN3,2025-02-02,1
V3bcCcDT,2026-02-28,1
V3bcCcDT,2026-03-01,1
V3bcCcDT,2026-03-12,1
V3bcCcDT,2026-03-15,1
V3bcCcDT,2026-03-18,1
V3oBYLny,2025-06-10,1
V4TPZL05,2026-03-24,1
V4fG7KFC,2025-03-26,1
V4kTulJi,2025-10-12,2
V4ubiMBd,2025-01-05,1
V4ubiMBd,2025-01-15,2
V5Q4JSF4,2025-02-05,1
V5Q4JSF4,2025-02-07,1
V5Q4JSF4,2025-02-08,1
V5Vaeq0M,2026-09-15,4
V5Vaeq0M,2026-09-16,3
V5Vaeq0M,2026-09-18,1
V5Vaeq0M,2026-09-20,6
V5Vaeq0M,2026-09-21,2
V5aZiYQ3,2025-02-09,1
V5aZiYQ3,2025-02-11,1
V5q3YTXz,2025-12-01,2
V5q3YTXz,2025-12-05,1
V5q3YTXz,2025-12-07,1
V5q3YTXz,2025-12-14,1
V5q3YTXz,2025-12-25,6
V5q3YTXz,2025-12-26,2
V5q3YTXz,2025-12-27,7
V5xNLe9T,2025-01-17,1
V6gBMuXG,2025-01-13,1
V6o9RiJT,2026-06-23,2
V6o9RiJT,2026-06-25,1
V6o9RiJT,2026-06-27,1
V6o9RiJT,2026-06-29,1
V6o9RiJT,2026-07-01,2
V6o9RiJT,2026-07-02,1
V6o9RiJT,2026-07-03,2
V6o9RiJT,2026-07-06,1
V6o9RiJT,2026-07-07,2
V6o9RiJT,2026-07-08,1
V6o9RiJT,2026-07-10,1
V6o9RiJT,2026-07-11,3
V6o9RiJT,2026-07-12,1
V6o9RiJT,2026-07-13,3
V7Ihy68i,2026-08-09,1
V7Sougs1,2026-09-18,2
V7WWgujH,2026-07-16,1
V7WWgujH,2026-07-18,3
V7WWgujH,2026-07-20,2
V7WWgujH,2026-07-21,1
V7WWgujH,2026-07-22,1
V7WWgujH,2026-07-25,1
V7WWgujH,2026-07-27,1
V7WWgujH,2026-07-30,1
V7WWgujH,2026-07-31,1
V7WWgujH,2026-08-02,3
V7WWgujH,2026-08-04,1
V7WWgujH,2026-08-06,2
V7WWgujH,2026-08-08,3
V7WWgujH,2026-08-09,2
V7WWgujH,2026-08-10,1
V7WWgujH,2026-08-11,1
V7WWgujH,2026-08-12,2
V7WWgujH,2026-08-14,1
V7WWgujH,2026-08-16,3
V7WWgujH,2026-08-17,2
V7vzuXWP,2025-01-24,1
V7vzuXWP,2025-01-31,1
V8g2KeFo,2025-03-10,2
V8g2KeFo,2025-03-12,1
V8g2KeFo,2025-03-15,1
V8g2KeFo,2025-03-18,2
V8iLhwTB,2025-01-08,1
V8iLhwTB,2025-01-11,1
V8iLhwTB,2025-01-17,1
V8iLhwTB,2025-01-18,1
V8iLhwTB,2025-01-19,1
V8iLhwTB,2025-01-21,1
V8iLhwTB,2025-01-23,1
V8iLhwTB,2025-01-24,1
V8iLhwTB,2025-01-28,2
V8iLhwTB,2025-01-31,1
V8iLhwTB,2025-02-02,1
V8iLhwTB,2025-02-03,2
V8iLhwTB,2025-02-04,1
V8sxj3pi,2025-02-03,1
V8sxj3pi,2025-02-05,1
V9HSnfWw,2026-04-23,1
V9mMzabV,2025-09-08,1
V9mMzabV,2025-09-09,2
V9wgGXQa,2024-12-30,1
V9wgGXQa,2025-01-03,2
V9wgGXQa,2025-01-04,1
V9wgGXQa,2025-01-05,1
V9wgGXQa,2025-01-09,1
V9wgGXQa,2025-01-11,2
V9wgGXQa,2025-01-12,2
V9wgGXQa,2025-01-19,1
V9wgGXQa,2025-01-23,2
V9wgGXQa,2025-01-26,1
V9wgGXQa,2025-01-30,2
V9wgGXQa,2025-02-01,1
V9wgGXQa,2025-02-02,1
V9wgGXQa,2025-02-04,1
V9wgGXQa,2025-02-05,1
VAWRMDI0,2026-07-04,1
VAWRMDI0,2026-07-11,1
VBwUUx8N,2025-02-05,1
VCb5JJqa,2025-11-29,1
VCb5JJqa,2025-11-30,1
VCb5JJqa,2025-12-01,1
VCb5JJqa,2025-12-03,1
VCb5JJqa,2025-12-10,1
VCb5JJqa,2025-12-13,1
VCb5JJqa,2025-12-14,1
VCb5JJqa,2025-12-22,1
VCb5JJqa,2025-12-23,1
VCb5JJqa,2025-12-24,1
VCb5JJqa,2025-12-26,1
VCgy4hM8,2026-07-20,1
VCgy4hM8,2026-07-25,6
VCgy4hM8,2026-07-26,5
VCgy4hM8,2026-08-04,1
VCgy4hM8,2026-08-06,6
VCgy4hM8,2026-08-09,1
VCgy4hM8,2026-08-15,1
VCgy4hM8,2026-08-16,1
VCqbkhtA,2026-06-07,1
VCtkm2nv,2025-05-31,1
VCtkm2nv,2025-06-16,1
VDkEV2o0,2025-05-07,1
VEag5e70,2025-09-13,1
VEbbY6mA,2026-07-17,1
VEbbY6mA,2026-07-20,1
VEbbY6mA,2026-07-23,1
VEbbY6mA,2026-07-24,1
VEbbY6mA,2026-07-25,2
VEbbY6mA,2026-08-03,1
VEbbY6mA,2026-08-05,1
VEbbY6mA,2026-08-08,3
VEbbY6mA,2026-08-14,3
VEbbY6mA,2026-08-15,2
VEdCj44B,2026-05-10,1
VEdCj44B,2026-05-13,1
VGTdqsdA,2025-03-30,1
VH1nPSH9,2025-10-15,1
VH1nPSH9,2025-10-20,1
VH1nPSH9,2025-10-31,1
VHasqgee,2026-05-09,1
VHp0UuVt,2025-05-18,4
VHp0UuVt,2025-05-19,1
VHp0UuVt,2025-05-27,1
VHqDFQif,2026-08-22,1
VHqDFQif,2026-08-26,1
VHqDFQif,2026-08-29,1
VHqDFQif,2026-08-30,1
VHqDFQif,2026-09-03,1
VHqDFQif,2026-09-09,1
VHqDFQif,2026-09-16,1
VHqDFQif,2026-09-20,1
VJ7YhuWu,2025-06-28,2
VJ7YhuWu,2025-07-01,1
VJ7YhuWu,2025-07-09,1
VJ7YhuWu,2025-07-10,1
VJ7YhuWu,2025-07-12,1
VJ7YhuWu,2025-07-13,2
VJlGAcyK,2025-11-21,1
VJlGAcyK,2025-11-22,3
VJlGAcyK,2025-11-23,2
VJlGAcyK,2025-11-24,50
VJlGAcyK,2025-11-25,2
VJlGAcyK,2025-11-26,1
VJlGAcyK,2025-11-28,3
VL1xnLlH,2025-08-26,1
VL1xnLlH,2025-08-28,1
VL1xnLlH,2025-08-30,1
VL1xnLlH,2025-08-31,1
VL1xnLlH,2025-09-03,1
VL4inmcT,2026-06-28,1
VL4inmcT,2026-07-09,1
VL4inmcT,2026-07-12,1
VLztJ3Mm,2025-12-31,1
VLztJ3Mm,2026-01-25,7
VLztJ3Mm,2026-02-02,4
VNZTQH7J,2025-03-03,2
VNZTQH7J,2025-03-04,1
VNZTQH7J,2025-03-05,1
VNZTQH7J,2025-03-08,1
VOVeqW8s,2025-03-21,3
VOVeqW8s,2025-03-22,1
VOVeqW8s,2025-03-23,8
VOVeqW8s,2025-03-25,3
VOVeqW8s,2025-03-26,3
VOVeqW8s,2025-03-27,1
VOaf4eue,2026-05-28,1
VOaf4eue,2026-05-31,1
VOi1eKak,2026-05-16,2
VOi1eKak,2026-05-17,1
VOi1eKak,2026-05-18,1
VOi1eKak,2026-05-23,1
VOi1eKak,2026-05-28,2
VOi1eKak,2026-05-31,1
VOi1eKak,2026-06-11,1
VOi1eKak,2026-06-20,3
VP4IQVP1,2025-12-04,1
VP8p8Qyc,2025-03-31,1
VPq8MgU3,2025-04-25,1
VQEBNflh,2026-03-22,1
VQRBigPw,2025-07-16,1
VQRBigPw,2025-07-21,1
VQRBigPw,2025-07-23,1
VQcocv6e,2025-11-05,1
VQlHuj4T,2025-08-28,1
VQlHuj4T,2025-09-05,1
VQyC6eOb,2025-11-02,1
VQyC6eOb,2025-11-08,1
VR3qns3H,2026-02-06,1
VR3qns3H,2026-02-15,1
VR4PaH4e,2025-11-23,5
VR4PaH4e,2025-11-29,1
VSPpuPD4,2025-11-02,1
VSPpuPD4,2025-11-06,1
VSPpuPD4,2025-11-12,3
VSPpuPD4,2025-11-17,1
VSd6nW3C,2026-09-07,1
VT6UpP8q,2026-02-10,1
VT6UpP8q,2026-02-22,3
VTAMIcv7,2026-05-16,1
VTAMIcv7,2026-05-18,1
VTAMIcv7,2026-05-23,1
VTAMIcv7,2026-05-24,1
VTAMIcv7,2026-05-26,1
VTAMIcv7,2026-05-31,1
VTAMIcv7,2026-06-07,1
VTAMIcv7,2026-06-08,1
VTAMIcv7,2026-06-10,1
VTAMIcv7,2026-06-15,1
VTAMIcv7,2026-06-18,1
VTH9qyNf,2026-01-08,1
VTH9qyNf,2026-01-21,1
VTH9qyNf,2026-01-24,1
VTsSEKPx,2025-09-09,1
VTsSEKPx,2025-09-10,1
VTsSEKPx,2025-09-11,1
VTsSEKPx,2025-09-13,1
VUfLrFOW,2026-08-18,4
VUfLrFOW,2026-08-19,4
VUfLrFOW,2026-08-21,3
VUfLrFOW,2026-08-22,2
VUfLrFOW,2026-08-24,1
VUfLrFOW,2026-08-25,2
VUfLrFOW,2026-08-26,5
VUfLrFOW,2026-08-27,3
VUfLrFOW,2026-08-28,2
VUfLrFOW,2026-08-29,3
VUfLrFOW,2026-08-30,6
VUfLrFOW,2026-08-31,2
VUfLrFOW,2026-09-01,1
VUfLrFOW,2026-09-02,1
VUfLrFOW,2026-09-03,3
VUfLrFOW,2026-09-04,2
VUfLrFOW,2026-09-05,1
VUfLrFOW,2026-09-08,1
VUfLrFOW,2026-09-09,1
VUfLrFOW,2026-09-10,4
VUfLrFOW,2026-09-11,3
VUfLrFOW,2026-09-13,1
VUfLrFOW,2026-09-14,2
VUfLrFOW,2026-09-15,1
VUfLrFOW,2026-09-16,2
VUfLrFOW,2026-09-18,2
VUfLrFOW,2026-09-19,3
VUfLrFOW,2026-09-21,1
VVPnfy31,2025-12-24,2
VVPnfy31,2025-12-27,1
VWWKCU7I,2026-04-24,1
VWWKCU7I,2026-05-06,1
VWWKCU7I,2026-05-11,1
VWcU56lv,2025-07-30,1
VWcU56lv,2025-07-31,2
VWcU56lv,2025-08-05,4
VWkSKb3k,2025-05-24,1
VWkSKb3k,2025-05-27,1
VX506kny,2025-05-16,1
VX506kny,2025-05-18,2
VXWN3ICi,2025-09-08,1
VXWN3ICi,2025-09-12,1
VXWN3ICi,2025-09-13,1
VXfXfXib,2025-08-26,1
VXfXfXib,2025-08-30,1
VXje5Qve,2026-03-26,1
VXje5Qve,2026-04-04,1
VXje5Qve,2026-04-07,1
VXje5Qve,2026-04-09,1
VXje5Qve,2026-04-11,1
VXje5Qve,2026-04-13,1
VXje5Qve,2026-04-14,1
VXznai13,2026-03-18,1
VZPltrsC,2025-02-20,1
VZk0UHxB,2025-11-03,1
VZk0UHxB,2025-11-06,1
VZk0UHxB,2025-11-07,2
VZk0UHxB,2025-11-08,1
VZk0UHxB,2025-11-13,1
VZk0UHxB,2025-11-15,1
VZk0UHxB,2025-11-17,2
Va70SK56,2026-08-27,1
Vb051OHw,2025-10-06,1
Vb18Xse1,2025-05-17,1
Vb18Xse1,2025-05-20,1
Vb18Xse1,2025-05-21,1
Vb18Xse1,2025-05-22,1
Vb18Xse1,2025-05-24,3
Vb18Xse1,2025-05-25,1
Vb18Xse1,2025-05-26,1
Vb8zLBy4,2025-11-23,1
Vb9MTZtw,2025-04-19,1
VbQFifsn,2026-04-24,1
VbQFifsn,2026-04-26,1
VbQFifsn,2026-05-01,1
VbQFifsn,2026-05-04,1
VbQFifsn,2026-05-05,1
VbQFifsn,2026-05-06,2
VbQFifsn,2026-05-11,1
VbQFifsn,2026-05-13,1
VcBsDilZ,2026-06-01,1
Ve7hAK9L,2026-07-16,1
Ve7hAK9L,2026-07-17,3
Ve7hAK9L,2026-07-18,2
Ve7hAK9L,2026-07-23,2
Ve7hAK9L,2026-07-24,2
Ve7hAK9L,2026-07-25,2
Ve7hAK9L,2026-07-26,2
Ve7hAK9L,2026-07-27,1
Ve7hAK9L,2026-07-28,1
Ve7hAK9L,2026-07-29,2
Ve7hAK9L,2026-07-30,4
Ve7hAK9L,2026-07-31,4
Ve7hAK9L,2026-08-01,2
Ve7hAK9L,2026-08-03,2
Ve7hAK9L,2026-08-04,1
Ve7hAK9L,2026-08-05,1
Ve7hAK9L,2026-08-06,1
Ve7hAK9L,2026-08-07,5
Ve7hAK9L,2026-08-10,5
Ve7hAK9L,2026-08-11,1
Ve7hAK9L,2026-08-13,1
Ve7hAK9L,2026-08-14,2
VeP5MBYQ,2025-11-27,2
VenoNvrh,2025-09-21,7
VenoNvrh,2025-09-27,5
VenoNvrh,2025-09-28,8
VfhdRJLM,2026-08-20,1
VfhdRJLM,2026-08-29,1
VfhdRJLM,2026-09-01,1
VfhdRJLM,2026-09-04,1
VfhdRJLM,2026-09-05,1
VfhdRJLM,2026-09-07,2
VfhdRJLM,2026-09-12,1
VfhdRJLM,2026-09-14,1
VfhdRJLM,2026-09-17,3
VfhdRJLM,2026-09-18,1
VfhdRJLM,2026-09-19,1
VfhdRJLM,2026-09-20,1
VfhdRJLM,2026-09-21,1
VfwakivX,2025-03-19,1
Vgy0g8bp,2025-04-11,1
VhhGSijL,2025-07-10,1
VhhGSijL,2025-07-11,2
VhhZjRgQ,2025-11-29,1
VhlRueor,2025-09-15,2
VhlRueor,2025-09-17,1
VhlRueor,2025-09-21,1
VhlRueor,2025-09-26,1
VhlRueor,2025-09-29,1
ViZzp3bj,2026-04-19,1
ViZzp3bj,2026-05-01,1
ViZzp3bj,2026-05-14,1
VibpsgFq,2026-07-24,1
Vj2qradY,2026-09-01,2
Vj2qradY,2026-09-02,1
Vj2qradY,2026-09-04,1
Vj2qradY,2026-09-05,3
Vj2qradY,2026-09-06,1
Vj2qradY,2026-09-11,3
Vj2qradY,2026-09-12,1
Vj2qradY,2026-09-14,1
Vj2qradY,2026-09-15,1
Vj2qradY,2026-09-16,2
Vj2qradY,2026-09-19,1
Vj2qradY,2026-09-20,3
Vj2qradY,2026-09-21,1
VjG247ah,2026-01-09,1
VjG247ah,2026-01-21,1
VjG247ah,2026-01-23,1
VjG247ah,2026-02-01,1
VjarWrJj,2026-07-10,1
VjarWrJj,2026-07-11,1
VjyR566q,2026-02-12,2
VjyR566q,2026-02-20,1
Vk26PHYO,2025-08-27,1
VkWqwxMN,2025-02-20,2
VkqlaiqQ,2026-09-13,1
VkqlaiqQ,2026-09-16,1
VkqlaiqQ,2026-09-17,2
VkqlaiqQ,2026-09-20,1
VmPKr8Qf,2025-05-16,1
VmPKr8Qf,2025-05-19,1
VmPKr8Qf,2025-05-20,1
VmPKr8Qf,2025-05-23,1
VmPKr8Qf,2025-05-25,1
VmgIlPLQ,2026-08-18,1
Vn4bs6cd,2025-01-12,1
Vn4bs6cd,2025-02-01,2
Vn67A3nc,2025-03-01,1
Vn67A3nc,2025-03-02,1
Vn67A3nc,2025-03-06,1
Vo0dlCDQ,2026-09-15,1
VoRGQo1R,2025-10-02,1
VoRGQo1R,2025-10-03,3
VoRGQo1R,2025-10-04,5
VoRGQo1R,2025-10-05,2
VoRGQo1R,2025-10-06,1
VoRGQo1R,2025-10-07,1
VoRGQo1R,2025-10-08,1
VoRGQo1R,2025-10-09,1
VoRGQo1R,2025-10-10,3
VoRGQo1R,2025-10-11,1
VoRGQo1R,2025-10-12,2
VoRGQo1R,2025-10-13,1
VoRGQo1R,2025-10-14,4
VoRGQo1R,2025-10-15,2
VoSQ1xYR,2025-03-13,1
VoSQ1xYR,2025-03-15,1
VoSQ1xYR,2025-03-18,1
Vp3OCP2Z,2026-03-02,1
Vp3OCP2Z,2026-03-09,1
Vp3OCP2Z,2026-03-10,1
Vp3OCP2Z,2026-03-12,1
Vp3OCP2Z,2026-03-20,1
VpkptsSK,2025-11-21,3
VpkptsSK,2025-11-22,1
VpkptsSK,2025-11-23,2
VpkptsSK,2025-11-24,1
VpkptsSK,2025-11-25,1
VpkptsSK,2025-11-28,1
VqNnb2Lx,2025-05-25,1
VqROxLgV,2026-04-28,1
VqROxLgV,2026-05-10,1
VrBl8Hj4,2025-02-28,1
VrcNQ7QJ,2026-06-28,1
VrcNQ7QJ,2026-07-06,1
VrcNQ7QJ,2026-07-14,1
VrcNQ7QJ,2026-07-15,2
Vs0MiYPm,2025-03-07,1
Vs4rLcvG,2025-09-07,1
VsivyJc6,2025-05-17,1
VtKlPuzG,2026-02-28,1
VtLGhWuQ,2025-06-27,2
VtLGhWuQ,2025-07-02,1
VtPqyR84,2025-04-23,1
VtPqyR84,2025-04-27,2
VtQPt51u,2026-08-18,6
VtQPt51u,2026-08-19,2
VtQPt51u,2026-08-20,1
VtQPt51u,2026-08-21,3
VtQPt51u,2026-08-22,1
VtQPt51u,2026-08-23,3
VtQPt51u,2026-08-24,1
VtQPt51u,2026-08-25,4
VtQPt51u,2026-08-26,1
VtQPt51u,2026-08-28,2
VtQPt51u,2026-08-29,2
VtQPt51u,2026-08-30,1
VtQPt51u,2026-08-31,1
VtQPt51u,2026-09-01,2
VtQPt51u,2026-09-03,2
VtQPt51u,2026-09-04,2
VtQPt51u,2026-09-05,1
VtQPt51u,2026-09-07,3
VtQPt51u,2026-09-08,4
VtQPt51u,2026-09-09,3
VtQPt51u,2026-09-10,2
VtQPt51u,2026-09-11,1
VtQPt51u,2026-09-12,1
VtQPt51u,2026-09-13,2
VtQPt51u,2026-09-15,4
VtQPt51u,2026-09-16,1
VtQPt51u,2026-09-17,3
VtQPt51u,2026-09-18,2
VtQPt51u,2026-09-19,3
VtQPt51u,2026-09-20,2
VtQPt51u,2026-09-21,1
Vu7zaS2m,2025-03-13,1
Vu9ue3jr,2026-05-16,1
Vu9ue3jr,2026-05-17,1
Vu9ue3jr,2026-05-24,1
Vu9ue3jr,2026-05-26,2
Vu9ue3jr,2026-06-04,1
Vu9ue3jr,2026-06-06,1
Vu9ue3jr,2026-06-10,1
Vu9ue3jr,2026-06-11,1
Vu9ue3jr,2026-06-18,1
Vu9ue3jr,2026-06-20,2
Vu9ue3jr,2026-06-21,1
VuEQURXK,2026-03-27,3
VuEQURXK,2026-03-31,1
VuI9e4W4,2025-07-31,1
Vv8oSFAd,2026-04-18,1
Vv8oSFAd,2026-04-26,1
VvqvJFAk,2026-06-23,1
VvqvJFAk,2026-07-01,1
VvqvJFAk,2026-07-10,2
VvqvJFAk,2026-07-13,2
Vvz4oEnq,2025-07-19,1
VwXVlPvJ,2025-04-11,1
Vx4J8Gmg,2025-10-16,1
Vx4J8Gmg,2025-10-17,2
Vx4J8Gmg,2025-10-24,1
Vx4J8Gmg,2025-10-29,1
Vx4J8Gmg,2025-10-31,1
VxfjZeDo,2025-06-22,1
VyAoI07x,2026-03-03,1
VyAoI07x,2026-03-07,1
VyAoI07x,2026-03-09,1
VyAoI07x,2026-03-19,1
VyBRo3Z0,2025-02-18,1
VyBRo3Z0,2025-02-19,1
VyjUmhRb,2026-03-10,1
VyjUmhRb,2026-03-22,1
Vz2WplMF,2025-02-05,1
Vz2WplMF,2025-02-06,3
Vz2WplMF,2025-02-07,4
Vz93JPFr,2025-01-13,1
Vz93JPFr,2025-01-16,1
Vz93JPFr,2025-01-29,3
VzGbIrRc,2026-04-18,2
VzGbIrRc,2026-04-19,2
VzGbIrRc,2026-04-21,1
VzGbIrRc,2026-04-27,1
VzGbIrRc,2026-05-01,1
VzGbIrRc,2026-05-05,1
VzGbIrRc,2026-05-07,1
W0Fqw3Pk,2026-07-21,1
W0Fqw3Pk,2026-07-23,1
W0Fqw3Pk,2026-07-24,1
W0Fqw3Pk,2026-07-26,4
W0Fqw3Pk,2026-07-28,2
W0Fqw3Pk,2026-08-01,1
W0Fqw3Pk,2026-08-02,1
W0Fqw3Pk,2026-08-03,1
W0Fqw3Pk,2026-08-06,1
W0Fqw3Pk,2026-08-07,1
W0Fqw3Pk,2026-08-08,1
W0Fqw3Pk,2026-08-09,1
W0Fqw3Pk,2026-08-12,1
W0Fqw3Pk,2026-08-18,1
W0oAPGx8,2025-07-23,1
W0zQktPv,2025-07-30,1
W139ULyo,2026-01-13,2
W139ULyo,2026-01-18,1
W1zKhQQz,2025-08-08,1
W2eGSVC8,2026-02-08,1
W2eGSVC8,2026-02-18,1
W2erRyXk,2024-12-31,1
W2erRyXk,2025-01-11,1
W2erRyXk,2025-01-15,1
W2erRyXk,2025-01-21,1
W2erRyXk,2025-02-04,2
W36PlR01,2026-02-27,2
W36PlR01,2026-03-01,1
W36PlR01,2026-03-18,1
W3Gjlg9y,2025-02-25,1
W3Gjlg9y,2025-02-28,1
W3Y2uaFo,2025-08-17,1
W402FMVp,2025-12-04,1
W41E4mNL,2026-05-16,1
W41E4mNL,2026-05-21,1
W41E4mNL,2026-05-26,1
W41E4mNL,2026-06-05,1
W41E4mNL,2026-06-06,2
W41E4mNL,2026-06-19,2
W469tzU3,2025-09-22,1
W487rDwz,2025-04-20,1
W4zg4U5f,2025-06-13,1
W4zg4U5f,2025-06-16,2
W5NqyHcZ,2025-10-12,3
W5NqyHcZ,2025-10-15,1
W7Nyr188,2026-05-16,1
W7Nyr188,2026-05-18,1
W7Nyr188,2026-05-19,2
W7Nyr188,2026-05-21,3
W7Nyr188,2026-05-22,2
W7Nyr188,2026-05-23,1
W7Nyr188,2026-05-27,3
W7Nyr188,2026-05-28,1
W7Nyr188,2026-05-29,2
W7Nyr188,2026-05-31,2
W7Nyr188,2026-06-03,1
W7Nyr188,2026-06-04,1
W7Nyr188,2026-06-06,2
W7Nyr188,2026-06-07,1
W7Nyr188,2026-06-08,2
W7Nyr188,2026-06-10,1
W7Nyr188,2026-06-11,1
W7Nyr188,2026-06-12,3
W7Nyr188,2026-06-13,1
W7Nyr188,2026-06-14,1
W7Nyr188,2026-06-20,3
W7oo6349,2025-09-23,1
W7rMnDUX,2024-12-31,1
W7rMnDUX,2025-01-21,1
W8TMdwPX,2026-07-03,1
W8TMdwPX,2026-07-06,1
W8TMdwPX,2026-07-12,1
W9MmawBm,2026-04-22,1
W9rdttQy,2025-10-28,1
WA1F1Jn5,2025-06-19,1
WA1F1Jn5,2025-06-23,1
WAHsoRmc,2025-07-29,1
WCCTlgmx,2025-11-03,1
WCCTlgmx,2025-11-04,1
WCCTlgmx,2025-11-05,2
WCCTlgmx,2025-11-08,1
WCCTlgmx,2025-11-11,1
WCCTlgmx,2025-11-12,2
WCCTlgmx,2025-11-13,4
WCCTlgmx,2025-11-14,2
WCCTlgmx,2025-11-16,1
WCJPYWHV,2025-08-26,1
WCJPYWHV,2025-09-04,1
WDAaCAHT,2026-03-09,1
WDAaCAHT,2026-03-11,2
WDAaCAHT,2026-03-18,1
WE1CnDlw,2025-09-24,1
WG3WcirD,2026-01-08,1
WG3WcirD,2026-01-09,1
WHBcc948,2026-02-08,1
WHBcc948,2026-02-13,1
WHBcc948,2026-02-19,1
WIg4994e,2026-09-16,1
WIg4994e,2026-09-17,5
WIg4994e,2026-09-19,8
WIg4994e,2026-09-20,4
WIg4994e,2026-09-21,7
WJ17JWR5,2025-05-01,1
WJ5F8uNj,2026-07-26,1
WJ5F8uNj,2026-07-28,1
WJ5F8uNj,2026-08-01,1
WJ5F8uNj,2026-08-02,1
WJ5F8uNj,2026-08-08,1
WJ5F8uNj,2026-08-10,1
WJ5F8uNj,2026-08-11,1
WJBghdEZ,2025-06-04,2
WJBghdEZ,2025-06-18,1
WJBghdEZ,2025-06-19,2
WJkgE1YB,2025-04-02,1
WKcwk8VM,2025-03-22,1
WKcwk8VM,2025-03-24,1
WKcwk8VM,2025-03-25,1
WKcwk8VM,2025-03-27,1
WKiQnSSq,2025-02-14,1
WKiQnSSq,2025-02-16,1
WKk2ml6H,2026-03-23,5
WKk2ml6H,2026-03-24,5
WKk2ml6H,2026-03-25,8
WKk2ml6H,2026-03-26,4
WKk2ml6H,2026-03-27,2
WKk2ml6H,2026-03-29,1
WKk2ml6H,2026-03-30,6
WKk2ml6H,2026-03-31,2
WKk2ml6H,2026-04-01,2
WKk2ml6H,2026-04-02,2
WKk2ml6H,2026-04-05,3
WKk2ml6H,2026-04-06,1
WKk2ml6H,2026-04-07,1
WKk2ml6H,2026-04-08,1
WKk2ml6H,2026-04-09,1
WKk2ml6H,2026-04-10,1
WKk2ml6H,2026-04-11,3
WKk2ml6H,2026-04-12,1
WKk2ml6H,2026-04-13,1
WKk2ml6H,2026-04-14,2
WKk2ml6H,2026-04-15,2
WL8Us91V,2025-03-20,1
WL8Us91V,2025-03-22,1
WL8Us91V,2025-03-23,1
WL8Us91V,2025-03-25,2
WMDhTjX2,2026-06-07,1
WN5RHUQJ,2026-03-06,1
WN5RHUQJ,2026-03-13,2
WN5RHUQJ,2026-03-19,1
WN5RHUQJ,2026-03-23,1
WNVK6FFI,2025-02-26,1
WOPBMAxl,2025-04-12,1
WOsXYOD4,2025-12-01,1
WOsXYOD4,2025-12-05,1
WOsXYOD4,2025-12-08,2
WOsXYOD4,2025-12-14,1
WOsXYOD4,2025-12-19,1
WOsXYOD4,2025-12-20,1
WOsXYOD4,2025-12-21,1
WOsXYOD4,2025-12-24,1
WOsXYOD4,2025-12-25,1
WOsXYOD4,2025-12-26,1
WP1KUlJE,2026-03-25,1
WP1KUlJE,2026-03-26,2
WP1KUlJE,2026-03-27,2
WP1KUlJE,2026-04-02,2
WP1KUlJE,2026-04-10,3
WP8K5xSg,2026-08-21,1
WP8K5xSg,2026-08-27,1
WP8K5xSg,2026-09-18,1
WP8K5xSg,2026-09-19,2
WPRmEe4m,2025-02-05,2
WPRmEe4m,2025-02-07,1
WPivff5V,2026-04-17,1
WPivff5V,2026-04-23,1
WPivff5V,2026-04-25,1
WPivff5V,2026-04-27,1
WPivff5V,2026-04-28,2
WPivff5V,2026-05-12,1
WQyBcWdx,2025-12-18,1
WQyBcWdx,2025-12-21,1
WQyjuEYh,2025-10-16,1
WQyjuEYh,2025-10-18,1
WQyjuEYh,2025-10-21,1
WQyjuEYh,2025-10-24,1
WQyjuEYh,2025-10-25,1
WQyjuEYh,2025-10-26,1
WQyjuEYh,2025-10-28,1
WQyjuEYh,2025-10-30,3
WRF5dvkr,2025-04-06,1
WSrG5xVQ,2025-08-07,1
WTbryuTU,2025-08-01,1
WTxSGRA8,2026-02-08,1
WV5foGS1,2025-10-17,1
WV5foGS1,2025-10-25,1
WVCR1rSD,2025-12-03,1
WVJ3bWof,2026-08-18,2
WVJ3bWof,2026-08-20,1
WVJ3bWof,2026-08-23,4
WVJ3bWof,2026-08-26,1
WVJ3bWof,2026-08-27,2
WVJ3bWof,2026-08-28,1
WVJ3bWof,2026-09-01,1
WVJ3bWof,2026-09-05,5
WVJ3bWof,2026-09-07,1
WVJ3bWof,2026-09-08,2
WVJ3bWof,2026-09-11,1
WVJ3bWof,2026-09-15,3
WVJ3bWof,2026-09-17,1
WVJ3bWof,2026-09-18,2
WVJ3bWof,2026-09-19,3
WVJ3bWof,2026-09-20,2
WVJ3bWof,2026-09-21,1
WWkM7jMi,2026-03-06,1
WWkM7jMi,2026-03-22,1
WXCogqB3,2026-07-19,1
WXhKDi66,2025-11-11,1
WXhKDi66,2025-11-15,1
WYEkzfaE,2026-07-16,2
WYEkzfaE,2026-07-20,1
WYEkzfaE,2026-07-21,1
WYEkzfaE,2026-07-23,1
WYEkzfaE,2026-07-24,1
WYEkzfaE,2026-07-27,1
WYEkzfaE,2026-07-28,1
WYEkzfaE,2026-07-30,2
WYEkzfaE,2026-08-04,1
WYEkzfaE,2026-08-15,1
WYEkzfaE,2026-08-16,1
WYQBUDnC,2026-09-20,1
WYTiK28R,2026-09-03,1
WYTiK28R,2026-09-06,1
WYTiK28R,2026-09-13,1
WYTiK28R,2026-09-14,1
WYTiK28R,2026-09-16,1
WYTiK28R,2026-09-19,2
WYTiK28R,2026-09-21,2
WYqc9psN,2026-04-01,1
WYqc9psN,2026-04-04,1
WZh7mFY9,2026-06-23,1
WZh7mFY9,2026-06-24,1
WZh7mFY9,2026-06-26,3
WZh7mFY9,2026-06-27,1
WZh7mFY9,2026-06-28,1
WZh7mFY9,2026-06-29,2
WZh7mFY9,2026-06-30,1
WZh7mFY9,2026-07-02,1
WZh7mFY9,2026-07-04,1
WZh7mFY9,2026-07-09,1
WZh7mFY9,2026-07-14,2
WZxVS5vD,2026-08-29,1
WZxVS5vD,2026-09-01,1
WZxVS5vD,2026-09-06,1
Wb7iBvMl,2026-02-04,1
Wb7iBvMl,2026-02-21,1
WeNNdQuB,2025-07-16,3
WeNNdQuB,2025-07-17,1
WeNNdQuB,2025-07-18,3
WeNNdQuB,2025-07-23,1
WeNNdQuB,2025-07-25,1
WeNNdQuB,2025-07-27,2
WeNNdQuB,2025-07-30,1
WePbUdsE,2025-08-27,1
WePbUdsE,2025-08-28,1
WePbUdsE,2025-08-29,1
WePbUdsE,2025-08-30,1
WePbUdsE,2025-09-05,1
WejCyD49,2025-07-30,1
WejCyD49,2025-08-03,1
WejCyD49,2025-08-05,1
Wf45BugE,2025-12-31,2
Wf45BugE,2026-01-01,3
Wf45BugE,2026-01-04,2
Wf45BugE,2026-01-08,1
Wf45BugE,2026-01-09,1
Wf45BugE,2026-01-15,1
Wf45BugE,2026-01-18,1
Wf45BugE,2026-01-22,1
Wf45BugE,2026-01-28,1
Wf45BugE,2026-02-01,2
Wf45BugE,2026-02-02,2
WfTTwEY5,2025-10-04,1
WfqB4CCd,2026-07-16,1
WfqB4CCd,2026-07-19,3
WfqB4CCd,2026-07-20,1
WfqB4CCd,2026-07-21,3
WfqB4CCd,2026-07-22,2
WfqB4CCd,2026-07-23,4
WfqB4CCd,2026-07-24,1
WfqB4CCd,2026-07-25,4
WfqB4CCd,2026-07-26,4
WfqB4CCd,2026-07-27,2
WfqB4CCd,2026-07-28,2
WfqB4CCd,2026-07-29,1
WfqB4CCd,2026-07-30,2
WfqB4CCd,2026-07-31,1
WfqB4CCd,2026-08-01,9
WfqB4CCd,2026-08-02,2
WfqB4CCd,2026-08-03,2
WfqB4CCd,2026-08-04,2
WfqB4CCd,2026-08-05,1
WfqB4CCd,2026-08-06,2
WfqB4CCd,2026-08-07,2
WfqB4CCd,2026-08-08,5
WfqB4CCd,2026-08-09,1
WfqB4CCd,2026-08-10,2
WfqB4CCd,2026-08-11,1
WfqB4CCd,2026-08-12,4
WfqB4CCd,2026-08-13,2
WfqB4CCd,2026-08-14,1
WfqB4CCd,2026-08-15,7
WfqB4CCd,2026-08-16,1
WfqB4CCd,2026-08-17,2
WgBBEtlc,2026-02-03,1
WghOYVw4,2025-05-28,2
WghOYVw4,2025-05-29,1
Wgyldhy6,2026-03-31,1
Wgyldhy6,2026-04-01,1
Wgyldhy6,2026-04-02,1
Wgyldhy6,2026-04-14,1
WhIF9UlO,2025-05-07,1
WhIF9UlO,2025-05-11,1
WhIF9UlO,2025-05-12,2
WhIF9UlO,2025-05-14,1
WhMTlm70,2025-06-11,1
WhaKXnq9,2025-10-23,1
WhpwD3w0,2026-05-25,1
WhpwD3w0,2026-05-30,1
WhpwD3w0,2026-06-09,1
WhpwD3w0,2026-06-14,1
WjcRKhpE,2026-08-27,2
WjcRKhpE,2026-08-30,1
WjcRKhpE,2026-09-02,1
WjcRKhpE,2026-09-14,1
Wk9YmFs3,2024-12-31,1
Wk9YmFs3,2025-01-03,1
Wk9YmFs3,2025-01-07,1
Wk9YmFs3,2025-01-09,1
Wk9YmFs3,2025-01-21,1
Wk9YmFs3,2025-01-27,1
Wk9YmFs3,2025-01-28,1
WkH5xNqj,2026-07-21,1
WkH5xNqj,2026-07-25,1
WkH5xNqj,2026-08-02,1
WkH5xNqj,2026-08-03,1
WkH5xNqj,2026-08-07,1
WkH5xNqj,2026-08-15,1
WkJZB3EW,2025-09-15,1
WlS0nRIA,2025-08-27,1
WlS0nRIA,2025-08-28,1
WlS0nRIA,2025-09-05,1
WlblV3LS,2026-06-23,1
WlblV3LS,2026-06-27,1
WlblV3LS,2026-06-28,1
WlblV3LS,2026-07-03,1
WlblV3LS,2026-07-08,1
WlblV3LS,2026-07-12,2
WlblV3LS,2026-07-14,1
WlcBV0Nl,2025-04-01,1
WlcHPZpG,2026-06-09,1
WldeZGB8,2025-09-08,1
WldeZGB8,2025-09-09,3
WldeZGB8,2025-09-11,1
WlwOyKrR,2026-06-28,4
WlwOyKrR,2026-06-29,2
WlwOyKrR,2026-07-01,1
WlwOyKrR,2026-07-10,1
WlwOyKrR,2026-07-14,5
WmTWlDU5,2026-02-05,1
WmfNofYM,2025-05-02,1
WmfNofYM,2025-05-05,1
WmfNofYM,2025-05-07,1
WmfNofYM,2025-05-10,2
WmfNofYM,2025-05-14,1
WnbdROs6,2025-04-02,1
Wnp3vfWw,2025-12-31,1
Wnp3vfWw,2026-01-07,1
Wnp3vfWw,2026-01-10,1
Wnp3vfWw,2026-01-21,1
Wnp3vfWw,2026-01-24,1
Wnp3vfWw,2026-01-25,1
Wnp3vfWw,2026-01-26,1
Wnp3vfWw,2026-01-28,1
Wo3P19GK,2025-03-22,9
WosclnJa,2025-06-27,1
WosclnJa,2025-06-30,1
WosclnJa,2025-07-01,1
WosclnJa,2025-07-02,2
WosclnJa,2025-07-05,1
WosclnJa,2025-07-08,1
WpJsctdI,2026-08-25,1
WpJsctdI,2026-08-30,1
WpJsctdI,2026-09-01,1
WpJsctdI,2026-09-13,1
WpJsctdI,2026-09-18,1
WpJsctdI,2026-09-19,1
WpjwgWmU,2025-09-15,26
Wq8U7qDv,2025-06-13,1
Wr2nZBhR,2025-01-18,1
WrqHWW3T,2025-11-30,1
WrqHWW3T,2025-12-04,4
WrqHWW3T,2025-12-09,1
WrqHWW3T,2025-12-13,1
WrqHWW3T,2025-12-14,1
WrqHWW3T,2025-12-20,3
WrqHWW3T,2025-12-21,1
WrqHWW3T,2025-12-24,2
WrqHWW3T,2025-12-27,1
Wu2bB3Az,2025-05-24,1
WuTIwkfh,2026-03-24,2
WuTIwkfh,2026-03-25,1
WuTIwkfh,2026-04-09,1
WuTIwkfh,2026-04-11,1
WulqCE8v,2025-04-30,1
WulqCE8v,2025-05-01,1
WulqCE8v,2025-05-02,3
WulqCE8v,2025-05-07,3
WulqCE8v,2025-05-10,3
WulqCE8v,2025-05-12,1
WvTChNui,2026-06-17,1
WwOQPPbm,2025-02-07,1
WwRfDJos,2026-04-11,3
WwRfDJos,2026-04-12,2
WwozUNGC,2026-08-25,1
WwozUNGC,2026-08-29,2
WwozUNGC,2026-09-06,13
WwozUNGC,2026-09-07,4
WwozUNGC,2026-09-08,10
WwozUNGC,2026-09-09,4
WwozUNGC,2026-09-10,13
WwozUNGC,2026-09-11,2
WwozUNGC,2026-09-13,1
WwozUNGC,2026-09-15,1
Wy1v4szN,2025-03-05,1
WyMDtofZ,2025-08-07,1
WyMDtofZ,2025-08-17,1
WyMDtofZ,2025-08-18,1
WyMDtofZ,2025-08-22,1
X0T5sk4a,2025-03-25,3
X1UN4XX1,2026-08-21,1
X1UN4XX1,2026-08-27,1
X1UN4XX1,2026-09-05,2
X1UN4XX1,2026-09-06,1
X1UN4XX1,2026-09-07,1
X1UN4XX1,2026-09-13,2
X1UN4XX1,2026-09-14,1
X1UN4XX1,2026-09-18,2
X1UN4XX1,2026-09-21,4
X1mji286,2025-10-10,1
X26thsZ8,2025-09-12,1
X2cGzNS0,2024-12-27,10
X2lQJxKO,2025-07-23,1
X2n5Q8FD,2025-04-10,1
X2pY17cT,2025-11-29,1
X2pY17cT,2025-12-02,1
X2pY17cT,2025-12-06,2
X2pY17cT,2025-12-12,1
X2pY17cT,2025-12-16,2
X2pY17cT,2025-12-21,1
X2pY17cT,2025-12-26,2
X4gRBsND,2025-02-08,1
X4lZsFk9,2025-10-31,1
X4lbLwDI,2026-02-16,1
X5J0Xek6,2025-03-10,1
X5J0Xek6,2025-03-11,2
X5tOkLR2,2025-10-03,2
X5tOkLR2,2025-10-04,1
X5tOkLR2,2025-10-05,1
X5tOkLR2,2025-10-07,2
X5tOkLR2,2025-10-11,1
X5tOkLR2,2025-10-14,1
X6SS5HzR,2025-07-18,1
X7S7SPyL,2025-06-11,1
X7lhOcyq,2025-09-12,3
X7lhOcyq,2025-09-13,1
X7plGC0d,2025-02-19,8
X7plGC0d,2025-02-20,7
X8jwyuMn,2025-01-15,1
X8mzWNcA,2025-02-03,1
X8vUrSqZ,2024-12-31,1
X8vUrSqZ,2025-01-01,1
X8vUrSqZ,2025-01-07,1
X8vUrSqZ,2025-01-08,2
X8vUrSqZ,2025-01-09,3
X8vUrSqZ,2025-01-10,1
X8vUrSqZ,2025-01-13,1
X8vUrSqZ,2025-01-14,3
X8vUrSqZ,2025-01-16,1
X8vUrSqZ,2025-01-17,1
X8vUrSqZ,2025-01-18,1
X8vUrSqZ,2025-01-22,2
X8vUrSqZ,2025-01-23,1
X8vUrSqZ,2025-01-24,2
X8vUrSqZ,2025-01-27,1
X8vUrSqZ,2025-01-29,1
X8vUrSqZ,2025-02-01,3
X8vUrSqZ,2025-02-02,1
X8vUrSqZ,2025-02-04,1
X9nFzh3Z,2025-02-02,1
XA524yFL,2026-07-11,1
XACg9AJR,2025-03-02,1
XAq18w2H,2026-08-30,1
XAq18w2H,2026-09-01,1
XAq18w2H,2026-09-02,1
XAq18w2H,2026-09-07,1
XAq18w2H,2026-09-11,1
XAq18w2H,2026-09-12,1
XAq18w2H,2026-09-13,1
XAq18w2H,2026-09-15,3
XAq18w2H,2026-09-16,1
XAq18w2H,2026-09-18,1
XAq18w2H,2026-09-19,6
XAq18w2H,2026-09-20,17
XAq18w2H,2026-09-21,2
XBCyUjbe,2025-10-21,2
XBCyUjbe,2025-10-25,3
XBCyUjbe,2025-11-01,1
XBGelPUx,2026-01-01,2
XBGelPUx,2026-01-15,1
XBGelPUx,2026-01-18,2
XBGelPUx,2026-01-24,1
XBrleC8V,2026-04-03,1
XCSohnfq,2026-06-23,1
XCSohnfq,2026-07-03,1
XCr12fLr,2025-12-14,1
XCr12fLr,2025-12-26,1
XDYwOlJd,2026-06-23,4
XDYwOlJd,2026-06-24,5
XDYwOlJd,2026-06-25,3
XDYwOlJd,2026-06-26,5
XDYwOlJd,2026-06-27,2
XDYwOlJd,2026-06-28,4
XDYwOlJd,2026-06-29,4
XDYwOlJd,2026-06-30,4
XDYwOlJd,2026-07-01,4
XDYwOlJd,2026-07-02,4
XDYwOlJd,2026-07-03,2
XDYwOlJd,2026-07-04,2
XDYwOlJd,2026-07-05,1
XDYwOlJd,2026-07-06,4
XDYwOlJd,2026-07-07,2
XDYwOlJd,2026-07-08,1
XDYwOlJd,2026-07-09,1
XDYwOlJd,2026-07-10,3
XDYwOlJd,2026-07-11,2
XDYwOlJd,2026-07-12,3
XDYwOlJd,2026-07-13,2
XDYwOlJd,2026-07-14,3
XDYwOlJd,2026-07-15,1
XDiRB5qU,2025-04-06,1
XDiRB5qU,2025-04-07,2
XDiRB5qU,2025-04-08,1
XDiRB5qU,2025-04-09,2
XDiRB5qU,2025-04-10,2
XDiRB5qU,2025-04-11,2
XDiRB5qU,2025-04-12,1
XDiRB5qU,2025-04-13,1
XDiRB5qU,2025-04-14,1
XEe8JZne,2025-02-23,1
XFXAtie5,2025-05-07,1
XFXAtie5,2025-05-09,1
XFXAtie5,2025-05-10,1
XFXAtie5,2025-05-15,1
XFXplcsr,2025-10-01,3
XFXplcsr,2025-10-02,1
XFXplcsr,2025-10-05,10
XFXplcsr,2025-10-07,2
XFXplcsr,2025-10-08,3
XFXplcsr,2025-10-09,3
XFXplcsr,2025-10-10,3
XFXplcsr,2025-10-11,3
XFXplcsr,2025-10-14,3
XFjjbuo3,2025-06-22,1
XG9n9LOC,2025-05-06,1
XGOeKSmo,2026-02-03,1
XGtgiHef,2025-11-09,1
XGtgiHef,2025-11-11,1
XGtgiHef,2025-11-16,1
XGthFHnz,2025-10-20,1
XHZBQF87,2026-03-28,1
XHZBQF87,2026-04-04,2
XHZBQF87,2026-04-11,2
XHuyYwyp,2025-07-18,1
XI1D5sIA,2025-07-30,3
XI1D5sIA,2025-07-31,2
XI3tvLPr,2025-08-16,1
XI9lLweT,2026-01-03,1
XI9lLweT,2026-01-12,1
XI9lLweT,2026-01-14,1
XI9lLweT,2026-01-22,1
XI9lLweT,2026-01-26,1
XIlds62l,2026-09-16,1
XIlds62l,2026-09-19,2
XIlds62l,2026-09-20,2
XJK35RdB,2025-02-16,3
XJK35RdB,2025-02-18,4
XJK35RdB,2025-02-19,4
XJK35RdB,2025-02-20,4
XJK35RdB,2025-02-21,3
XJKF1zY5,2025-09-25,2
XJR7aVzX,2025-03-06,1
XK25EuXx,2025-10-12,1
XLebb7tn,2025-08-04,1
XLebb7tn,2025-08-05,1
XLxZMX69,2025-06-16,2
XM9Qv0Uv,2026-03-28,1
XM9Qv0Uv,2026-04-03,2
XM9Qv0Uv,2026-04-04,1
XM9Qv0Uv,2026-04-09,1
XM9Qv0Uv,2026-04-10,4
XM9Qv0Uv,2026-04-15,2
XMAa0dai,2026-01-01,1
XMAa0dai,2026-01-11,1
XMR3VuOc,2025-06-29,1
XNbcNSSY,2025-04-03,1
XO11LFsa,2026-08-22,1
XO11LFsa,2026-08-27,1
XO11LFsa,2026-09-08,1
XO11LFsa,2026-09-17,1
XO11LFsa,2026-09-19,1
XO11LFsa,2026-09-20,2
XO11LFsa,2026-09-21,1
XOK4bbWo,2026-08-19,3
XOK4bbWo,2026-08-20,1
XOK4bbWo,2026-08-21,3
XOK4bbWo,2026-08-22,1
XOK4bbWo,2026-08-23,1
XOK4bbWo,2026-08-24,4
XOK4bbWo,2026-08-25,2
XOK4bbWo,2026-08-26,2
XOK4bbWo,2026-08-27,4
XOK4bbWo,2026-08-28,1
XOK4bbWo,2026-08-29,2
XOK4bbWo,2026-08-31,1
XOK4bbWo,2026-09-01,2
XOK4bbWo,2026-09-02,3
XOK4bbWo,2026-09-03,3
XOK4bbWo,2026-09-04,1
XOK4bbWo,2026-09-05,3
XOK4bbWo,2026-09-06,3
XOK4bbWo,2026-09-07,1
XOK4bbWo,2026-09-08,1
XOK4bbWo,2026-09-09,2
XOK4bbWo,2026-09-10,1
XOK4bbWo,2026-09-11,4
XOK4bbWo,2026-09-12,2
XOK4bbWo,2026-09-13,1
XOK4bbWo,2026-09-14,1
XOK4bbWo,2026-09-15,3
XOK4bbWo,2026-09-16,1
XOK4bbWo,2026-09-17,2
XOK4bbWo,2026-09-18,1
XOK4bbWo,2026-09-19,2
XOK4bbWo,2026-09-20,3
XOu3oQWZ,2025-10-17,1
XOu3oQWZ,2025-10-18,1
XOu3oQWZ,2025-11-01,1
XPQVsKRH,2026-06-27,1
XPfxBkPh,2026-06-21,1
XQbWow2R,2025-05-12,1
XQgoM12p,2026-05-15,2
XQgoM12p,2026-05-16,1
XQgoM12p,2026-05-17,1
XQgoM12p,2026-05-19,1
XQgoM12p,2026-05-20,2
XQgoM12p,2026-05-21,1
XQgoM12p,2026-05-22,2
XQgoM12p,2026-05-25,1
XQgoM12p,2026-05-26,1
XQgoM12p,2026-05-27,1
XQgoM12p,2026-05-28,3
XQgoM12p,2026-05-29,2
XQgoM12p,2026-05-30,1
XQgoM12p,2026-05-31,1
XQgoM12p,2026-06-01,2
XQgoM12p,2026-06-02,1
XQgoM12p,2026-06-03,4
XQgoM12p,2026-06-04,1
XQgoM12p,2026-06-05,1
XQgoM12p,2026-06-06,1
XQgoM12p,2026-06-07,1
XQgoM12p,2026-06-08,2
XQgoM12p,2026-06-09,3
XQgoM12p,2026-06-10,2
XQgoM12p,2026-06-11,3
XQgoM12p,2026-06-12,3
XQgoM12p,2026-06-13,1
XQgoM12p,2026-06-14,3
XQgoM12p,2026-06-15,1
XQgoM12p,2026-06-16,1
XQgoM12p,2026-06-17,1
XQgoM12p,2026-06-18,1
XQgoM12p,2026-06-19,1
XQgoM12p,2026-06-20,3
XQgoM12p,2026-06-21,4
XQgoM12p,2026-06-22,1
XRn2R4k4,2026-04-12,1
XSlcIt9J,2025-10-11,1
XT2dWHy7,2025-07-10,1
XTVbkDBD,2025-11-29,1
XTVbkDBD,2025-12-09,2
XTVbkDBD,2025-12-10,1
XTVbkDBD,2025-12-20,1
XTZOu9iL,2025-05-03,1
XUgmsihL,2025-05-17,1
XWSkxxRW,2025-12-17,3
XWyQ0Z3R,2025-11-29,1
XWyQ0Z3R,2025-12-19,1
XWyQ0Z3R,2025-12-20,1
XX6MkqaO,2025-11-06,1
XX6MkqaO,2025-11-07,2
XX6MkqaO,2025-11-08,1
XX6MkqaO,2025-11-09,1
XX6MkqaO,2025-11-18,1
XXVTDzCe,2025-09-10,1
XXVTDzCe,2025-09-13,1
XXZ3d616,2025-12-30,1
XXZ3d616,2026-01-01,1
XXZ3d616,2026-01-10,1
XXZ3d616,2026-01-26,2
XXZ3d616,2026-01-27,1
XXZ3d616,2026-02-01,1
XXhcnmUD,2025-07-19,1
XXhcnmUD,2025-07-21,1
XXhcnmUD,2025-07-24,1
XXhcnmUD,2025-07-26,1
XXjd6jHJ,2026-06-11,2
XXjd6jHJ,2026-06-16,1
XXjd6jHJ,2026-06-19,2
XXwTiUGO,2025-09-09,2
XXwTiUGO,2025-09-10,2
XYXv65O4,2025-11-02,1
XYXv65O4,2025-11-04,1
XYXv65O4,2025-11-06,1
XYXv65O4,2025-11-10,1
XYXv65O4,2025-11-11,1
XYXv65O4,2025-11-17,1
XZEjQVMv,2025-07-01,1
XZEjQVMv,2025-07-11,1
XZGWLDP0,2025-06-04,1
XZGWLDP0,2025-06-16,1
XZshuxfV,2025-05-27,1
XacoxLD2,2025-05-19,2
Xas5iQ4w,2025-08-08,1
Xas5iQ4w,2025-08-25,1
Xay445e5,2026-05-05,2
Xay445e5,2026-05-12,2
Xay445e5,2026-05-14,1
Xb4hiEfC,2026-04-18,1
Xb4hiEfC,2026-04-23,1
Xb4hiEfC,2026-05-02,1
Xb4hiEfC,2026-05-08,1
Xb4hiEfC,2026-05-09,2
Xd3ziM5T,2026-02-23,2
Xd3ziM5T,2026-02-26,1
XdVKvK9E,2026-02-17,1
Xe4M1aYo,2025-11-05,1
XeahxW3W,2026-04-26,1
XfrdJUjo,2025-04-01,1
XfrdJUjo,2025-04-03,1
Xg16zDdK,2025-01-09,1
Xg1reGuT,2025-11-27,1
XgB3TDyA,2026-07-18,1
XgB3TDyA,2026-07-22,1
XgB3TDyA,2026-08-01,1
XgB3TDyA,2026-08-02,1
Xghej9Ga,2025-12-09,1
Xghej9Ga,2025-12-23,1
Xghej9Ga,2025-12-24,1
Xh6iNY7q,2026-03-28,1
Xh6iNY7q,2026-04-04,1
Xh6iNY7q,2026-04-11,1
Xh6iNY7q,2026-04-13,1
Xh6iNY7q,2026-04-14,1
XhC5dXg5,2025-02-22,5
XhC5dXg5,2025-02-27,1
XhJuxli5,2025-10-10,1
XhThwpDo,2026-08-18,1
XhThwpDo,2026-08-19,1
XhThwpDo,2026-08-20,1
XhThwpDo,2026-08-21,3
XhThwpDo,2026-08-22,1
XhThwpDo,2026-08-23,2
XhThwpDo,2026-08-25,1
XhThwpDo,2026-08-26,1
XhThwpDo,2026-08-27,2
XhThwpDo,2026-08-28,2
XhThwpDo,2026-08-29,4
XhThwpDo,2026-08-31,1
XhThwpDo,2026-09-01,1
XhThwpDo,2026-09-02,1
XhThwpDo,2026-09-03,3
XhThwpDo,2026-09-05,1
XhThwpDo,2026-09-06,2
XhThwpDo,2026-09-08,3
XhThwpDo,2026-09-09,5
XhThwpDo,2026-09-10,2
XhThwpDo,2026-09-11,1
XhThwpDo,2026-09-13,1
XhThwpDo,2026-09-14,2
XhThwpDo,2026-09-15,1
XhThwpDo,2026-09-17,2
XhThwpDo,2026-09-18,4
XhThwpDo,2026-09-19,3
XhThwpDo,2026-09-20,5
XhThwpDo,2026-09-21,5
Xi6othl4,2025-10-16,1
Xi9rUELV,2026-03-23,1
Xi9rUELV,2026-04-02,1
Xi9rUELV,2026-04-03,1
Xi9rUELV,2026-04-04,1
Xi9rUELV,2026-04-05,3
Xi9rUELV,2026-04-10,1
XiCEJKOS,2026-04-20,1
XiCEJKOS,2026-04-21,1
XiCEJKOS,2026-05-03,1
XiCEJKOS,2026-05-14,1
XibTW19n,2025-07-24,2
XijQKXiI,2026-08-18,2
XijQKXiI,2026-08-29,1
XijQKXiI,2026-09-01,1
XijQKXiI,2026-09-04,1
XijQKXiI,2026-09-11,1
XijQKXiI,2026-09-12,1
XijQKXiI,2026-09-13,1
XijQKXiI,2026-09-17,4
XijQKXiI,2026-09-18,2
XijQKXiI,2026-09-21,1
Xk2B2OcT,2025-11-23,2
Xk2zi59l,2025-11-02,1
Xk2zi59l,2025-11-03,2
Xk2zi59l,2025-11-04,4
Xk2zi59l,2025-11-05,4
Xk2zi59l,2025-11-06,2
Xk2zi59l,2025-11-08,1
Xk2zi59l,2025-11-09,6
Xk2zi59l,2025-11-11,2
Xk2zi59l,2025-11-12,1
Xk2zi59l,2025-11-13,4
Xk2zi59l,2025-11-14,2
Xk2zi59l,2025-11-15,1
Xk2zi59l,2025-11-17,2
XknDni2U,2025-09-28,1
XlCyvSuR,2025-11-11,1
XlzNSJZL,2025-09-08,1
Xmp0TKJd,2026-05-24,1
Xmp0TKJd,2026-05-25,2
Xn4P2vJj,2025-01-14,1
Xn4P2vJj,2025-01-15,1
XnKrSuN3,2025-02-27,1
XnMHRIBW,2025-03-31,1
Xpy9V12l,2025-07-01,1
Xpy9V12l,2025-07-13,1
XqB2eleK,2025-07-24,1
Xqv8MrOm,2025-11-06,1
Xqv8MrOm,2025-11-12,1
XrVJcDoX,2025-04-30,3
XrVJcDoX,2025-05-12,1
XrVJcDoX,2025-05-14,1
XrVJcDoX,2025-05-15,1
Xs4Y3IsS,2025-06-01,1
Xs4Y3IsS,2025-06-14,1
XtIpNJ3c,2025-07-24,1
XtcLXRQQ,2026-05-15,1
XtcLXRQQ,2026-05-22,1
XtcLXRQQ,2026-06-09,1
XuQKRQIp,2026-08-24,1
XuQKRQIp,2026-08-26,1
XuQKRQIp,2026-08-29,2
XuQKRQIp,2026-08-30,1
XuQKRQIp,2026-09-03,2
XuQKRQIp,2026-09-07,1
XuQKRQIp,2026-09-10,1
XuQKRQIp,2026-09-15,1
XuQKRQIp,2026-09-17,1
XuQKRQIp,2026-09-18,3
XuQKRQIp,2026-09-21,1
Xug9WOdq,2026-08-19,1
Xug9WOdq,2026-09-07,1
Xug9WOdq,2026-09-19,2
Xug9WOdq,2026-09-20,1
Xug9WOdq,2026-09-21,1
XvNPveiQ,2025-06-13,2
XvNPveiQ,2025-06-15,1
XvNPveiQ,2025-06-16,1
XvNPveiQ,2025-06-18,2
XvNPveiQ,2025-06-19,1
XvNPveiQ,2025-06-20,1
XvNPveiQ,2025-06-21,1
XvNPveiQ,2025-06-24,2
XvNPveiQ,2025-06-26,1
Xvx6gBGA,2025-03-10,1
Xvx6gBGA,2025-03-14,1
Xvx6gBGA,2025-03-19,1
Xw17d0lC,2025-06-27,1
Xw17d0lC,2025-07-13,1
XwZJNb0K,2026-05-15,1
XwZJNb0K,2026-05-16,6
XwZJNb0K,2026-05-17,1
XwZJNb0K,2026-05-18,3
XwZJNb0K,2026-05-19,1
XwZJNb0K,2026-05-20,1
XwZJNb0K,2026-05-21,2
XwZJNb0K,2026-05-22,2
XwZJNb0K,2026-05-24,2
XwZJNb0K,2026-05-25,1
XwZJNb0K,2026-05-26,4
XwZJNb0K,2026-05-27,5
XwZJNb0K,2026-05-28,3
XwZJNb0K,2026-05-29,1
XwZJNb0K,2026-05-31,1
XwZJNb0K,2026-06-01,1
XwZJNb0K,2026-06-04,1
XwZJNb0K,2026-06-05,2
XwZJNb0K,2026-06-06,6
XwZJNb0K,2026-06-07,3
XwZJNb0K,2026-06-08,3
XwZJNb0K,2026-06-09,2
XwZJNb0K,2026-06-10,2
XwZJNb0K,2026-06-11,2
XwZJNb0K,2026-06-13,2
XwZJNb0K,2026-06-14,6
XwZJNb0K,2026-06-15,1
XwZJNb0K,2026-06-16,3
XwZJNb0K,2026-06-17,3
XwZJNb0K,2026-06-18,3
XwZJNb0K,2026-06-20,9
XwZJNb0K,2026-06-21,3
XwdVLBt3,2025-04-19,1
XwdVLBt3,2025-04-23,1
XwdVLBt3,2025-04-24,1
XwdVLBt3,2025-04-28,1
XwdVLBt3,2025-04-29,2
Xwlkuvih,2026-04-10,1
XyEeDFEF,2025-03-28,1
XyEeDFEF,2025-03-30,1
XyEeDFEF,2025-04-02,1
XyEeDFEF,2025-04-05,2
Xyyw0hOZ,2026-04-22,1
Xyyw0hOZ,2026-04-27,1
Xyyw0hOZ,2026-05-02,1
Xyyw0hOZ,2026-05-09,1
XzBosO5E,2025-11-05,1
XzBosO5E,2025-11-11,1
XzBosO5E,2025-11-14,1
Xzn8Yl84,2026-04-16,1
Xzn8Yl84,2026-04-17,2
Xzn8Yl84,2026-04-18,1
Xzn8Yl84,2026-04-19,1
Xzn8Yl84,2026-04-20,1
Xzn8Yl84,2026-04-21,3
Xzn8Yl84,2026-04-24,1
Xzn8Yl84,2026-04-25,1
Xzn8Yl84,2026-04-26,2
Xzn8Yl84,2026-04-27,1
Xzn8Yl84,2026-04-28,1
Xzn8Yl84,2026-04-29,1
Xzn8Yl84,2026-04-30,2
Xzn8Yl84,2026-05-01,2
Xzn8Yl84,2026-05-02,2
Xzn8Yl84,2026-05-03,3
Xzn8Yl84,2026-05-04,1
Xzn8Yl84,2026-05-05,1
Xzn8Yl84,2026-05-06,2
Xzn8Yl84,2026-05-08,1
Xzn8Yl84,2026-05-09,1
Xzn8Yl84,2026-05-11,1
Xzn8Yl84,2026-05-12,2
Xzn8Yl84,2026-05-14,2
XznFXdYy,2026-02-27,1
XznFXdYy,2026-03-09,2
XznFXdYy,2026-03-12,1
XznFXdYy,2026-03-15,2
XznFXdYy,2026-03-16,1
Y0wIVxtK,2025-07-19,1
Y1D3pSmx,2026-07-16,1
Y1D3pSmx,2026-07-17,1
Y1D3pSmx,2026-07-18,1
Y1D3pSmx,2026-07-20,1
Y1D3pSmx,2026-07-22,1
Y1D3pSmx,2026-07-24,2
Y1D3pSmx,2026-07-25,2
Y1D3pSmx,2026-07-26,1
Y1D3pSmx,2026-07-28,1
Y1D3pSmx,2026-08-01,1
Y1D3pSmx,2026-08-02,1
Y1D3pSmx,2026-08-03,2
Y1D3pSmx,2026-08-04,1
Y1D3pSmx,2026-08-06,1
Y1D3pSmx,2026-08-07,1
Y1D3pSmx,2026-08-08,9
Y1D3pSmx,2026-08-09,2
Y1D3pSmx,2026-08-10,2
Y1D3pSmx,2026-08-12,5
Y1D3pSmx,2026-08-13,2
Y1D3pSmx,2026-08-14,4
Y1D3pSmx,2026-08-15,4
Y1D3pSmx,2026-08-16,4
Y1D3pSmx,2026-08-17,2
Y1HBcP2b,2025-02-09,1
Y1WqorVp,2026-06-24,1
Y1WqorVp,2026-06-26,2
Y1WqorVp,2026-07-02,1
Y1WqorVp,2026-07-04,1
Y1WqorVp,2026-07-10,1
Y1WqorVp,2026-07-12,5
Y1WqorVp,2026-07-13,1
Y1WqorVp,2026-07-14,1
Y3QkPvZq,2026-01-09,1
Y3X3sxq4,2026-06-30,1
Y4SxD7kv,2026-07-11,1
Y4xTck5N,2026-06-21,1
Y54eKTlE,2026-06-27,1
Y54eKTlE,2026-06-28,1
Y577rSmA,2025-04-30,1
Y577rSmA,2025-05-02,1
Y577rSmA,2025-05-04,1
Y577rSmA,2025-05-11,2
Y577rSmA,2025-05-14,1
Y5Q8r2al,2025-07-14,1
Y5hPsW8u,2024-12-29,4
Y5hPsW8u,2024-12-30,4
Y5hPsW8u,2024-12-31,3
Y5hPsW8u,2025-01-01,3
Y5hPsW8u,2025-01-02,3
Y5hPsW8u,2025-01-03,5
Y5hPsW8u,2025-01-04,2
Y5hPsW8u,2025-01-05,6
Y5hPsW8u,2025-01-06,1
Y5hPsW8u,2025-01-07,4
Y5hPsW8u,2025-01-08,3
Y5hPsW8u,2025-01-09,5
Y5hPsW8u,2025-01-10,5
Y5hPsW8u,2025-01-11,4
Y5hPsW8u,2025-01-12,5
Y5hPsW8u,2025-01-13,3
Y5hPsW8u,2025-01-14,2
Y5hPsW8u,2025-01-15,1
Y5hPsW8u,2025-01-16,1
Y5hPsW8u,2025-01-17,9
Y5hPsW8u,2025-01-18,4
Y5hPsW8u,2025-01-19,4
Y5hPsW8u,2025-01-20,2
Y5hPsW8u,2025-01-21,6
Y5hPsW8u,2025-01-22,7
Y5hPsW8u,2025-01-23,3
Y5hPsW8u,2025-01-25,6
Y5hPsW8u,2025-01-26,4
Y5hPsW8u,2025-01-27,5
Y5hPsW8u,2025-01-28,6
Y5hPsW8u,2025-01-30,5
Y5hPsW8u,2025-01-31,1
Y5hPsW8u,2025-02-01,3
Y5hPsW8u,2025-02-02,6
Y5hPsW8u,2025-02-04,4
Y5hPsW8u,2025-02-05,2
Y5zf7IJe,2026-08-19,1
Y6WKTZVJ,2026-08-14,1
Y6ogx4hP,2026-01-04,1
Y6ogx4hP,2026-01-15,1
Y7M9z1K9,2025-08-27,1
Y7e4md49,2025-09-16,1
Y7lxd8hG,2026-05-07,1
Y7mqgrUF,2025-01-17,1
Y7pSvgHV,2025-01-02,1
Y7pSvgHV,2025-01-06,2
Y7pSvgHV,2025-01-08,2
Y7pSvgHV,2025-01-15,1
Y7pSvgHV,2025-01-16,5
Y7pSvgHV,2025-01-19,1
Y7pSvgHV,2025-01-25,2
Y7pSvgHV,2025-01-30,2
Y7pSvgHV,2025-02-03,5
Y7pSvgHV,2025-02-04,2
Y7pSvgHV,2025-02-05,1
Y8f3RTgp,2025-01-08,1
Y8rnUFPE,2025-10-13,1
Y93KNyX8,2026-04-13,2
Y98NzJ1b,2026-03-26,1
Y9NS3xDE,2025-11-03,1
Y9NS3xDE,2025-11-10,2
Y9NS3xDE,2025-11-12,1
Y9NS3xDE,2025-11-13,1
Y9NS3xDE,2025-11-15,1
Y9a6i8DT,2025-01-16,1
Y9a6i8DT,2025-01-17,1
Y9zUbO3S,2026-03-15,1
YAO9CmgB,2026-05-15,1
YAe9W3Rq,2025-03-10,2
YB3ETT44,2025-03-29,1
YC3dfA0m,2025-03-20,1
YCCXh7BQ,2025-03-01,3
YCCXh7BQ,2025-03-03,1
YCCXh7BQ,2025-03-04,2
YCCXh7BQ,2025-03-06,2
YCOU7how,2026-05-24,1
YDSyN37g,2026-08-07,1
YDSyN37g,2026-08-11,1
YDSyN37g,2026-08-12,1
YDSyN37g,2026-08-13,1
YDSyN37g,2026-08-14,1
YDSyN37g,2026-08-16,1
YE9fuA8w,2025-11-29,1
YE9fuA8w,2025-12-01,1
YE9fuA8w,2025-12-04,1
YE9fuA8w,2025-12-05,2
YE9fuA8w,2025-12-12,1
YE9fuA8w,2025-12-21,1
YEE0UHD9,2026-02-27,2
YEE0UHD9,2026-03-08,1
YEE0UHD9,2026-03-09,1
YEE0UHD9,2026-03-12,1
YEE0UHD9,2026-03-13,1
YEE0UHD9,2026-03-15,2
YEWT9fu4,2025-05-28,1
YEixKHlZ,2025-06-23,1
YEt0c4SI,2026-01-24,1
YEt0c4SI,2026-02-02,2
YFrceG80,2025-03-03,1
YFrceG80,2025-03-06,1
YFrceG80,2025-03-07,2
YFrceG80,2025-03-08,1
YFrrNgxo,2025-10-02,1
YGx1t3KQ,2026-02-27,1
YGx1t3KQ,2026-02-28,1
YGx1t3KQ,2026-03-04,1
YGx1t3KQ,2026-03-06,1
YGx1t3KQ,2026-03-09,3
YGx1t3KQ,2026-03-10,1
YGx1t3KQ,2026-03-12,2
YGx1t3KQ,2026-03-13,3
YGx1t3KQ,2026-03-14,1
YGx1t3KQ,2026-03-15,1
YGx1t3KQ,2026-03-16,3
YGx1t3KQ,2026-03-17,3
YGx1t3KQ,2026-03-18,1
YGx1t3KQ,2026-03-19,2
YGx1t3KQ,2026-03-20,1
YGx1t3KQ,2026-03-22,1
YH0d1TOZ,2025-04-11,1
YIMxH1Wv,2025-10-05,1
YJqI8VMj,2026-08-07,1
YK6dqB5f,2025-05-07,1
YK6dqB5f,2025-05-08,1
YKEVC4Kb,2025-10-23,1
YL9lMbCs,2025-08-11,1
YL9lMbCs,2025-08-14,1
YL9lMbCs,2025-08-17,2
YL9lMbCs,2025-08-21,1
YL9lMbCs,2025-08-23,2
YLU0br4W,2025-03-21,2
YLiafdfa,2025-05-30,1
YLiafdfa,2025-06-01,1
YLiafdfa,2025-06-07,1
YMTOB40T,2025-11-12,1
YN73ZJos,2025-10-02,1
YN73ZJos,2025-10-04,1
YN73ZJos,2025-10-06,1
YN73ZJos,2025-10-07,1
YN73ZJos,2025-10-09,1
YN73ZJos,2025-10-10,1
YN73ZJos,2025-10-11,1
YN7c86hh,2026-06-26,2
YN7c86hh,2026-06-28,1
YN7c86hh,2026-06-30,2
YN7c86hh,2026-07-01,1
YN7c86hh,2026-07-06,2
YN7c86hh,2026-07-07,2
YN7c86hh,2026-07-08,1
YN7c86hh,2026-07-09,1
YN7c86hh,2026-07-10,2
YN7c86hh,2026-07-11,4
YN7c86hh,2026-07-12,2
YN7c86hh,2026-07-13,2
YN7c86hh,2026-07-15,2
YNv14pVQ,2026-08-21,1
YNv14pVQ,2026-08-31,1
YNv14pVQ,2026-09-03,1
YNv14pVQ,2026-09-04,2
YNv14pVQ,2026-09-08,1
YNv14pVQ,2026-09-17,1
YNv14pVQ,2026-09-20,1
YNy5Gsni,2025-05-16,1
YOc7ajlx,2025-02-07,1
YOcYP0TD,2025-08-26,1
YOcYP0TD,2025-08-27,1
YOv4h6Mv,2025-09-14,1
YOv4h6Mv,2025-09-15,1
YOv4h6Mv,2025-09-21,1
YOv4h6Mv,2025-09-23,1
YOv4h6Mv,2025-09-28,1
YQDdXqZC,2026-04-16,2
YQDdXqZC,2026-04-21,1
YQDdXqZC,2026-04-22,1
YQDdXqZC,2026-04-24,1
YQDdXqZC,2026-04-27,1
YQDdXqZC,2026-04-29,1
YQDdXqZC,2026-05-01,1
YQDdXqZC,2026-05-04,1
YQDdXqZC,2026-05-06,1
YQDdXqZC,2026-05-08,5
YQDdXqZC,2026-05-13,1
YQQtHLCp,2026-04-17,1
YR63AjD7,2025-10-18,1
YRAmzhbB,2026-03-26,1
YRAmzhbB,2026-04-02,1
YRAmzhbB,2026-04-12,1
YRHz1xBq,2025-12-28,1
YRHz1xBq,2025-12-29,1
YRHz1xBq,2025-12-30,1
YRHz1xBq,2025-12-31,4
YRHz1xBq,2026-01-02,1
YRHz1xBq,2026-01-03,2
YRHz1xBq,2026-01-04,1
YRHz1xBq,2026-01-05,3
YRHz1xBq,2026-01-08,2
YRHz1xBq,2026-01-11,2
YRHz1xBq,2026-01-12,1
YRHz1xBq,2026-01-13,3
YRHz1xBq,2026-01-15,2
YRHz1xBq,2026-01-16,2
YRHz1xBq,2026-01-19,1
YRHz1xBq,2026-01-20,2
YRHz1xBq,2026-01-22,1
YRHz1xBq,2026-01-23,2
YRHz1xBq,2026-01-25,2
YRHz1xBq,2026-01-26,1
YRHz1xBq,2026-01-28,2
YRHz1xBq,2026-01-29,1
YRHz1xBq,2026-01-30,1
YRHz1xBq,2026-02-02,3
YRcHSaUi,2026-04-09,1
YRcHSaUi,2026-04-10,2
YRzDubHG,2025-02-21,1
YRzDubHG,2025-02-28,2
YS3mbaSh,2026-04-17,1
YS3mbaSh,2026-04-20,1
YS3mbaSh,2026-04-27,1
YS3mbaSh,2026-05-01,1
YS3mbaSh,2026-05-02,1
YS3mbaSh,2026-05-04,3
YS3mbaSh,2026-05-08,1
YS3mbaSh,2026-05-11,1
YS3mbaSh,2026-05-12,3
YSsvsOgt,2025-03-21,3
YT2KiKYL,2026-04-28,1
YT2KiKYL,2026-05-09,1
YT2KiKYL,2026-05-14,1
YTFJasMN,2025-05-30,1
YTFJasMN,2025-06-01,1
YU9qWBOu,2025-10-01,1
YU9qWBOu,2025-10-03,2
YU9qWBOu,2025-10-09,1
YU9qWBOu,2025-10-13,34
YV1wRXxM,2026-06-01,1
YV8xnqMm,2025-10-23,1
YVPVvPP7,2026-04-17,1
YVRFAzV1,2026-02-27,1
YVRFAzV1,2026-02-28,1
YVRFAzV1,2026-03-01,2
YVRFAzV1,2026-03-13,1
YVRFAzV1,2026-03-17,2
YVRFAzV1,2026-03-19,1
YVRFAzV1,2026-03-20,1
YVlsRg4p,2026-05-16,1
YVlsRg4p,2026-05-21,1
YVlsRg4p,2026-05-22,2
YVlsRg4p,2026-05-24,1
YVlsRg4p,2026-05-26,1
YVlsRg4p,2026-05-27,2
YVlsRg4p,2026-05-28,1
YVlsRg4p,2026-06-01,2
YVlsRg4p,2026-06-04,1
YVlsRg4p,2026-06-06,2
YVlsRg4p,2026-06-07,2
YVlsRg4p,2026-06-08,3
YVlsRg4p,2026-06-09,1
YVlsRg4p,2026-06-10,1
YVlsRg4p,2026-06-11,1
YVlsRg4p,2026-06-12,2
YVlsRg4p,2026-06-13,1
YVlsRg4p,2026-06-14,4
YVlsRg4p,2026-06-15,1
YVlsRg4p,2026-06-16,2
YVlsRg4p,2026-06-17,4
YVlsRg4p,2026-06-18,2
YVlsRg4p,2026-06-19,1
YVlsRg4p,2026-06-20,1
YVlsRg4p,2026-06-21,2
YVpd4yFf,2025-09-01,1
YWrjff3a,2025-10-23,2
YWrjff3a,2025-10-24,1
YWrjff3a,2025-10-30,1
YXnhz9xn,2025-05-20,1
YXvgRATF,2025-12-04,1
YYMhtOcp,2026-01-02,1
YYMhtOcp,2026-01-10,1
YYMhtOcp,2026-01-12,1
YYWwKjOU,2026-05-27,1
YYWwKjOU,2026-06-01,1
YYWwKjOU,2026-06-17,1
YZet960n,2025-04-30,1
YZet960n,2025-05-02,1
YZet960n,2025-05-06,1
Ya3JOxXs,2026-04-17,1
Ya3JOxXs,2026-04-18,1
Ya3JOxXs,2026-04-19,1
Ya3JOxXs,2026-05-03,1
Ya3JOxXs,2026-05-13,1
YaIItJdp,2025-06-29,1
YaIItJdp,2025-06-30,2
YaIItJdp,2025-07-04,1
YaRxGEmt,2025-08-25,1
YafsQISp,2025-07-05,1
Yb8fLTBG,2025-01-02,1
YbDepN1r,2025-09-15,1
YbDepN1r,2025-09-16,2
YbDepN1r,2025-09-17,2
YbhBW8LG,2025-10-01,1
YbhBW8LG,2025-10-04,1
YbhBW8LG,2025-10-05,1
Yc9aHD3g,2025-01-19,1
YcMa9f4T,2025-07-16,1
YdC3fzyI,2025-05-17,1
YdhKfaeO,2025-02-20,1
YfIieizd,2025-07-25,1
Yfc6xzpG,2026-08-29,1
Yfc6xzpG,2026-09-05,2
Yfc6xzpG,2026-09-11,1
YfeBeqs6,2025-11-19,1
YfeBeqs6,2025-11-27,1
Yfov0owx,2025-03-20,1
Yfov0owx,2025-03-21,1
YfqilrOM,2025-02-22,1
YfxbNxvy,2026-05-12,2
YgEVDwwp,2025-05-02,1
YgEVDwwp,2025-05-08,1
YgEVDwwp,2025-05-09,1
YgEVDwwp,2025-05-11,1
YgEVDwwp,2025-05-12,1
YgEVDwwp,2025-05-13,2
YgEVDwwp,2025-05-15,1
YibUNKgj,2025-12-10,1
YibUNKgj,2025-12-12,2
YibUNKgj,2025-12-21,2
YibUNKgj,2025-12-23,1
YibUNKgj,2025-12-24,3
YibUNKgj,2025-12-26,1
Yj21018a,2025-02-14,1
YjL38Qzu,2026-01-06,1
YkDI7yr7,2026-03-09,1
YkDI7yr7,2026-03-19,3
YkDI7yr7,2026-03-21,1
YkDZ0plq,2026-04-21,2
YkDZ0plq,2026-04-28,1
YkDZ0plq,2026-05-01,1
YkDZ0plq,2026-05-06,1
YkDZ0plq,2026-05-12,2
YkDZ0plq,2026-05-14,1
YkaLkKbQ,2025-05-29,1
YkukZ7c8,2025-02-21,1
YkukZ7c8,2025-02-23,1
YkukZ7c8,2025-02-24,1
YkukZ7c8,2025-02-25,1
YkukZ7c8,2025-02-26,1
YkukZ7c8,2025-02-27,2
YlMH6TKQ,2025-04-21,1
YlOYKA7g,2026-02-27,1
YlOYKA7g,2026-03-01,1
YlOYKA7g,2026-03-02,1
YlOYKA7g,2026-03-06,1
YlOYKA7g,2026-03-08,1
YlOYKA7g,2026-03-09,1
YlOYKA7g,2026-03-13,1
YlOYKA7g,2026-03-15,1
YlOYKA7g,2026-03-16,1
YlOYKA7g,2026-03-22,1
Ym83SFr2,2024-12-31,1
Ym83SFr2,2025-01-02,1
Ym83SFr2,2025-01-04,1
Ym83SFr2,2025-01-08,2
Ym83SFr2,2025-01-23,1
Yn67mqsW,2024-12-26,1
YnLPmrNR,2026-01-09,1
Yo6cbp7c,2026-02-26,1
YojXabKa,2026-06-23,1
YojXabKa,2026-06-29,2
YojXabKa,2026-07-08,2
YpBun9Q4,2025-11-29,4
YpBun9Q4,2025-11-30,3
YpBun9Q4,2025-12-01,1
YpBun9Q4,2025-12-02,1
YpBun9Q4,2025-12-04,2
YpBun9Q4,2025-12-05,1
YpBun9Q4,2025-12-07,1
YpBun9Q4,2025-12-08,4
YpBun9Q4,2025-12-09,3
YpBun9Q4,2025-12-10,1
YpBun9Q4,2025-12-11,1
YpBun9Q4,2025-12-12,3
YpBun9Q4,2025-12-23,1
YpBun9Q4,2025-12-24,2
YpBun9Q4,2025-12-26,1
YpBun9Q4,2025-12-27,6
Yq5KzxSl,2025-11-15,1
YqZFoHHj,2026-06-24,2
YrC5D82w,2026-02-21,1
Ys02uSyc,2026-05-15,1
Ys02uSyc,2026-05-18,1
Ys02uSyc,2026-05-21,2
Ys02uSyc,2026-05-28,1
Ys02uSyc,2026-06-15,1
Ys02uSyc,2026-06-19,1
YsUYYnxX,2025-11-23,1
YtDH7Q5g,2025-12-29,1
YtDH7Q5g,2026-01-01,1
YtDH7Q5g,2026-01-05,2
YtDH7Q5g,2026-01-08,1
YtDH7Q5g,2026-01-09,2
YtDH7Q5g,2026-01-12,1
YtDH7Q5g,2026-01-13,1
YtDH7Q5g,2026-01-14,1
YtDH7Q5g,2026-01-17,1
YtDH7Q5g,2026-01-19,1
YtDH7Q5g,2026-01-21,1
YtDH7Q5g,2026-01-22,1
YtDH7Q5g,2026-01-24,2
YtDH7Q5g,2026-01-29,1
YtDH7Q5g,2026-01-30,2
YtDH7Q5g,2026-01-31,1
YtDH7Q5g,2026-02-02,1
YtnMJ6Jg,2025-09-07,1
YtnMJ6Jg,2025-09-09,1
Yu7XPhBz,2026-04-02,2
Yu7XPhBz,2026-04-11,1
Yu7XPhBz,2026-04-15,1
Yusw8WCh,2025-09-09,1
Yusw8WCh,2025-09-11,1
YuyDCx1R,2025-11-29,1
YuyDCx1R,2025-12-07,1
YuyDCx1R,2025-12-12,1
YuyDCx1R,2025-12-15,2
YuyDCx1R,2025-12-18,1
YuyDCx1R,2025-12-24,1
YuyDCx1R,2025-12-25,1
Yv9GJYsK,2026-03-23,1
Yv9GJYsK,2026-04-01,1
Yv9GJYsK,2026-04-02,1
Yv9GJYsK,2026-04-03,1
Yv9GJYsK,2026-04-08,1
Yv9GJYsK,2026-04-09,1
Yv9GJYsK,2026-04-13,2
Yvlnla57,2026-05-19,1
Yvlnla57,2026-06-22,1
YwTa6VCu,2025-11-29,2
YwTa6VCu,2025-11-30,1
YwTa6VCu,2025-12-19,1
YxK4ilGe,2026-07-21,1
YxK4ilGe,2026-07-24,1
YxK4ilGe,2026-08-02,1
YxK4ilGe,2026-08-05,1
YxK4ilGe,2026-08-13,2
YxK4ilGe,2026-08-14,2
YxK4ilGe,2026-08-16,1
YxRQFNFE,2025-12-13,6
Yxqoh129,2025-04-08,2
Yxqoh129,2025-04-14,1
Yy8x6xLT,2026-02-16,1
Yy8x6xLT,2026-02-22,1
YyOUDnoU,2025-09-27,1
YyVhKL1g,2026-04-08,1
Yz8BW3GV,2026-05-03,1
Yz8BW3GV,2026-05-05,1
Yz8BW3GV,2026-05-10,1
YzBQFTpu,2026-06-25,1
YzBQFTpu,2026-06-27,2
YzJuWPWF,2025-05-16,1
YzMJi7nt,2025-11-18,1
YzMJi7nt,2025-11-21,2
YzMJi7nt,2025-11-22,5
YzMJi7nt,2025-11-24,2
YzMJi7nt,2025-11-25,1
YzMJi7nt,2025-11-27,1
YzMJi7nt,2025-11-28,2
Yzb4Slp6,2026-04-23,1
Yzb4Slp6,2026-04-24,2
Yzb4Slp6,2026-04-25,3
Yzb4Slp6,2026-04-27,1
Yzb4Slp6,2026-04-28,1
Yzb4Slp6,2026-04-30,3
Yzb4Slp6,2026-05-01,2
Yzb4Slp6,2026-05-05,1
Yzb4Slp6,2026-05-09,1
Yzb4Slp6,2026-05-11,2
Yzb4Slp6,2026-05-13,3
Yzb4Slp6,2026-05-14,1
Z0LkLG24,2025-03-10,1
Z0LkLG24,2025-03-11,1
Z0LkLG24,2025-03-19,1
Z0UHfSGA,2025-06-22,1
Z1utSMV8,2026-07-02,1
Z2n9TLzj,2025-03-10,1
Z2pBscXj,2024-12-29,1
Z2pBscXj,2024-12-30,2
Z2pBscXj,2024-12-31,4
Z2pBscXj,2025-01-03,2
Z2pBscXj,2025-01-09,1
Z2pBscXj,2025-01-11,3
Z2pBscXj,2025-01-12,1
Z2pBscXj,2025-01-14,3
Z2pBscXj,2025-01-15,7
Z2pBscXj,2025-01-16,1
Z2pBscXj,2025-01-17,2
Z2pBscXj,2025-01-18,1
Z2pBscXj,2025-01-19,2
Z2pBscXj,2025-01-21,2
Z2pBscXj,2025-01-23,2
Z2pBscXj,2025-01-25,1
Z2pBscXj,2025-01-29,1
Z2pBscXj,2025-01-30,3
Z2pBscXj,2025-02-02,2
Z2pBscXj,2025-02-04,1
Z2szrItx,2026-04-01,2
Z2szrItx,2026-04-03,1
Z2szrItx,2026-04-11,3
Z2szrItx,2026-04-12,4
Z2szrItx,2026-04-13,2
Z3emAULd,2025-01-01,1
Z3emAULd,2025-01-02,1
Z3emAULd,2025-01-05,1
Z3emAULd,2025-01-09,1
Z3emAULd,2025-01-10,1
Z3emAULd,2025-01-17,1
Z3emAULd,2025-01-18,1
Z3emAULd,2025-01-19,1
Z3emAULd,2025-01-23,1
Z3emAULd,2025-01-29,1
Z3emAULd,2025-02-03,1
Z3emAULd,2025-02-05,1
Z4qLVWfR,2025-01-15,1
Z4s2vUka,2025-01-03,1
Z4uh3nHe,2024-12-31,1
Z4zcKxWA,2025-01-31,1
Z5843swx,2025-12-01,1
Z5843swx,2025-12-03,1
Z5843swx,2025-12-05,1
Z5O1ivZx,2026-07-21,1
Z5O1ivZx,2026-08-03,1
Z7hP5TOx,2026-06-05,1
Z7zTlsw5,2024-12-27,1
Z93UwO0Y,2025-12-05,1
Z93UwO0Y,2025-12-09,1
Z93UwO0Y,2025-12-20,1
Z93UwO0Y,2025-12-21,1
Z9OyjwyW,2025-05-17,1
Z9OyjwyW,2025-05-24,1
Z9OyjwyW,2025-05-27,1
Z9TsxuZY,2025-02-09,1
Z9WPSSK3,2025-03-01,2
Z9WPSSK3,2025-03-03,5
Z9nA1gVa,2025-11-05,1
Z9p0Cl9P,2025-03-20,1
Z9ymSxfK,2025-01-18,1
ZAh1KgMe,2025-04-15,1
ZBGZpN17,2026-03-23,1
ZBGZpN17,2026-03-26,1
ZBGZpN17,2026-03-30,1
ZBGZpN17,2026-04-04,1
ZBGZpN17,2026-04-14,1
ZBPISS7Q,2025-10-13,1
ZBQiiPnf,2026-02-27,2
ZBQiiPnf,2026-03-08,1
ZBQiiPnf,2026-03-12,1
ZBQiiPnf,2026-03-15,2
ZBQiiPnf,2026-03-18,2
ZBQiiPnf,2026-03-19,1
ZBQiiPnf,2026-03-21,1
ZBQiiPnf,2026-03-22,1
ZByBX19G,2025-12-08,2
ZCKg7ZEc,2025-02-20,2
ZCRGPr3d,2025-10-05,1
ZCRGPr3d,2025-10-09,1
ZCRGPr3d,2025-10-10,1
ZCRGPr3d,2025-10-14,1
ZE3FaJtG,2026-05-22,1
ZE3FaJtG,2026-06-11,2
ZE7cHwvs,2025-10-17,1
ZEC9xmJR,2025-08-01,2
ZEC9xmJR,2025-08-02,1
ZEV70oIo,2025-02-22,1
ZEV70oIo,2025-02-24,1
ZEV70oIo,2025-02-27,1
ZEqkCVdj,2025-07-01,1
ZEqkCVdj,2025-07-09,1
ZFV8BJFn,2025-04-26,1
ZFYLnOGR,2026-02-08,3
ZFYLnOGR,2026-02-09,1
ZFYLnOGR,2026-02-10,2
ZFYLnOGR,2026-02-12,2
ZFYLnOGR,2026-02-14,2
ZFYLnOGR,2026-02-18,1
ZFYLnOGR,2026-02-22,2
ZFYLnOGR,2026-02-23,1
ZFYLnOGR,2026-02-24,1
ZFohtKVl,2025-12-28,1
ZFohtKVl,2025-12-31,1
ZFohtKVl,2026-01-03,3
ZFohtKVl,2026-01-04,1
ZFohtKVl,2026-01-05,2
ZFohtKVl,2026-01-08,2
ZFohtKVl,2026-01-17,1
ZGKp8ilG,2026-04-16,1
ZGKp8ilG,2026-04-17,1
ZGKp8ilG,2026-04-18,2
ZGKp8ilG,2026-04-19,4
ZGKp8ilG,2026-04-20,1
ZGKp8ilG,2026-04-21,3
ZGKp8ilG,2026-04-22,1
ZGKp8ilG,2026-04-23,1
ZGKp8ilG,2026-04-25,2
ZGKp8ilG,2026-04-26,2
ZGKp8ilG,2026-04-27,2
ZGKp8ilG,2026-04-28,3
ZGKp8ilG,2026-04-29,2
ZGKp8ilG,2026-04-30,4
ZGKp8ilG,2026-05-01,6
ZGKp8ilG,2026-05-02,2
ZGKp8ilG,2026-05-03,4
ZGKp8ilG,2026-05-04,1
ZGKp8ilG,2026-05-05,2
ZGKp8ilG,2026-05-06,3
ZGKp8ilG,2026-05-07,1
ZGKp8ilG,2026-05-08,4
ZGKp8ilG,2026-05-09,1
ZGKp8ilG,2026-05-10,3
ZGKp8ilG,2026-05-11,4
ZGKp8ilG,2026-05-13,1
ZGksGqQr,2025-08-18,1
ZGksGqQr,2025-08-23,1
ZGksGqQr,2025-08-24,1
ZGs2Cd06,2025-04-30,1
ZH8ZJUPS,2025-11-18,2
ZH8ZJUPS,2025-11-19,3
ZH8ZJUPS,2025-11-20,1
ZH8ZJUPS,2025-11-21,3
ZH8ZJUPS,2025-11-22,1
ZH8ZJUPS,2025-11-23,3
ZH8ZJUPS,2025-11-24,3
ZH8ZJUPS,2025-11-25,2
ZH8ZJUPS,2025-11-26,2
ZH8ZJUPS,2025-11-27,2
ZH8ZJUPS,2025-11-28,1
ZHQrPoiP,2025-10-29,1
ZHh0Cicc,2026-05-27,1
ZHihwAqg,2026-06-19,1
ZHmnjyVX,2025-05-07,1
ZIKNy9XZ,2026-02-13,2
ZIKNy9XZ,2026-02-14,1
ZIKNy9XZ,2026-02-15,5
ZIKNy9XZ,2026-02-16,2
ZIKNy9XZ,2026-02-17,3
ZIKNy9XZ,2026-02-18,2
ZIKNy9XZ,2026-02-22,1
ZIKNy9XZ,2026-02-26,5
ZIQfJplr,2026-01-24,1
ZJL6kcZe,2026-08-18,2
ZJL6kcZe,2026-08-19,1
ZJL6kcZe,2026-08-28,1
ZJL6kcZe,2026-08-29,2
ZJL6kcZe,2026-08-31,4
ZJL6kcZe,2026-09-01,1
ZJL6kcZe,2026-09-02,2
ZJL6kcZe,2026-09-03,2
ZJL6kcZe,2026-09-05,5
ZJL6kcZe,2026-09-06,5
ZJL6kcZe,2026-09-07,2
ZJL6kcZe,2026-09-08,1
ZJL6kcZe,2026-09-10,6
ZJL6kcZe,2026-09-11,1
ZJL6kcZe,2026-09-12,1
ZJL6kcZe,2026-09-13,1
ZJL6kcZe,2026-09-14,2
ZJL6kcZe,2026-09-17,1
ZJL6kcZe,2026-09-18,3
ZJL6kcZe,2026-09-19,2
ZJL6kcZe,2026-09-20,3
ZJL6kcZe,2026-09-21,2
ZJO5gm0J,2026-09-19,1
ZJO5gm0J,2026-09-20,10
ZJO5gm0J,2026-09-21,4
ZKTWmrYv,2025-04-30,1
ZKtvzEuu,2025-07-24,1
ZLMKWt1U,2025-09-13,1
ZLNkuA8A,2026-01-21,1
ZLNkuA8A,2026-02-02,1
ZLcV9diV,2025-07-08,1
ZLcV9diV,2025-07-09,1
ZLnMHcCQ,2025-10-05,1
ZN9JzJtM,2025-11-29,2
ZN9JzJtM,2025-12-20,1
ZNLgRF65,2025-09-13,2
ZNyRrcJS,2025-06-18,1
ZNyRrcJS,2025-06-19,1
ZOHUeB10,2025-08-31,2
ZP6NXCLd,2026-04-01,1
ZPKYsFYn,2026-03-22,1
ZPoM4Sgn,2026-04-11,1
ZPoitDc4,2026-05-02,1
ZPt0TZOr,2026-09-04,1
ZPt0TZOr,2026-09-12,3
ZPt0TZOr,2026-09-18,3
ZPt0TZOr,2026-09-19,1
ZQ3mhmeu,2026-06-26,1
ZQ3mhmeu,2026-06-28,1
ZQ3mhmeu,2026-07-01,1
ZQ3mhmeu,2026-07-04,2
ZQ3mhmeu,2026-07-05,1
ZQ3mhmeu,2026-07-07,1
ZQFVPAGQ,2025-08-07,2
ZQFVPAGQ,2025-08-12,1
ZQFVPAGQ,2025-08-22,2
ZRqe9Ttp,2026-02-27,1
ZRqe9Ttp,2026-03-02,1
ZRqe9Ttp,2026-03-06,1
ZRqe9Ttp,2026-03-13,1
ZRqe9Ttp,2026-03-20,1
ZTdkrCcw,2025-10-17,1
ZTdkrCcw,2025-10-21,1
ZTdkrCcw,2025-10-24,1
ZTmjNmSy,2026-04-09,1
ZTv4axlc,2025-10-21,1
ZUMbo7Uo,2026-04-20,1
ZUMbo7Uo,2026-04-23,1
ZUMbo7Uo,2026-04-29,1
ZUMbo7Uo,2026-05-04,1
ZUNfa42U,2025-05-23,1
ZUiLgEW7,2025-04-03,1
ZV8KawZE,2026-05-15,1
ZV8KawZE,2026-05-16,2
ZV8KawZE,2026-05-18,1
ZV8KawZE,2026-05-20,1
ZV8KawZE,2026-05-22,3
ZV8KawZE,2026-05-23,2
ZV8KawZE,2026-05-24,1
ZV8KawZE,2026-05-27,2
ZV8KawZE,2026-05-29,2
ZV8KawZE,2026-05-30,2
ZV8KawZE,2026-05-31,1
ZV8KawZE,2026-06-01,3
ZV8KawZE,2026-06-02,2
ZV8KawZE,2026-06-04,1
ZV8KawZE,2026-06-07,1
ZV8KawZE,2026-06-12,1
ZV8KawZE,2026-06-17,2
ZV8KawZE,2026-06-19,1
ZV8KawZE,2026-06-21,2
ZVDG20Ga,2025-03-12,1
ZVGAdsjp,2026-04-04,1
ZVGAdsjp,2026-04-11,1
ZVGAdsjp,2026-04-14,1
ZVwUpQm9,2025-07-31,1
ZVwUpQm9,2025-08-01,1
ZVwUpQm9,2025-08-02,1
ZVwUpQm9,2025-08-03,1
ZVwUpQm9,2025-08-06,1
ZWfBbPfP,2026-09-21,1
ZWxEYWfs,2026-01-05,1
ZWxEYWfs,2026-01-13,2
ZWxEYWfs,2026-01-18,1
ZWxEYWfs,2026-01-24,1
ZXYa0SVe,2026-06-23,1
ZXYa0SVe,2026-06-24,3
ZXYa0SVe,2026-06-26,1
ZXYa0SVe,2026-06-27,1
ZXYa0SVe,2026-06-28,1
ZXYa0SVe,2026-06-29,2
ZXYa0SVe,2026-06-30,1
ZXYa0SVe,2026-07-01,1
ZXYa0SVe,2026-07-02,1
ZXYa0SVe,2026-07-03,1
ZXYa0SVe,2026-07-07,1
ZXYa0SVe,2026-07-10,1
ZXYa0SVe,2026-07-13,1
ZXyWW6cw,2026-08-19,1
ZXyWW6cw,2026-08-21,1
ZXyWW6cw,2026-09-12,1
ZXyWW6cw,2026-09-17,2
ZXyWW6cw,2026-09-18,2
ZXyWW6cw,2026-09-19,2
ZXyWW6cw,2026-09-20,5
ZYZ39DxX,2025-03-10,3
ZYZ39DxX,2025-03-15,5
ZYZ39DxX,2025-03-16,2
ZYZ39DxX,2025-03-17,1
ZYpgeQw2,2025-04-26,1
ZZ37pkuB,2025-12-05,1
ZZ37pkuB,2025-12-13,1
ZaCCDMS2,2025-06-13,2
ZaCCDMS2,2025-06-15,1
ZaCCDMS2,2025-06-24,1
ZaWrRAGY,2025-05-31,1
ZbG12ipL,2025-08-27,1
ZbG12ipL,2025-08-28,1
ZbG12ipL,2025-08-31,1
ZbG12ipL,2025-09-01,1
ZbG12ipL,2025-09-04,2
ZbG12ipL,2025-09-05,3
ZbRYVsXe,2025-07-26,1
Zc6HiMAK,2025-09-03,1
ZcmYmS3F,2025-06-15,1
ZcmYmS3F,2025-06-16,1
ZcmYmS3F,2025-06-18,1
ZcmYmS3F,2025-06-26,2
Zd9vYqsa,2026-02-09,1
Zd9vYqsa,2026-02-10,1
ZeOyP5kh,2025-05-30,1
ZeOyP5kh,2025-05-31,1
Zf462Tbp,2026-06-24,1
Zf462Tbp,2026-07-03,3
Zf9qgX2C,2025-02-04,2
ZfRuHqw8,2025-11-07,1
ZfkmzI3E,2026-04-22,1
ZfkmzI3E,2026-04-23,1
ZfruYz8u,2025-09-15,1
Zfz8xR6e,2025-06-28,1
Zfz8xR6e,2025-07-01,1
Zfz8xR6e,2025-07-02,1
ZgGi4ToJ,2025-09-14,1
ZgGi4ToJ,2025-09-23,1
ZgGi4ToJ,2025-09-27,1
Zgbye7It,2026-08-18,4
Zgbye7It,2026-08-19,1
Zgbye7It,2026-08-26,3
Zgbye7It,2026-08-27,1
Zgbye7It,2026-08-28,1
Zgbye7It,2026-08-29,3
Zgbye7It,2026-08-31,2
Zgbye7It,2026-09-01,2
Zgbye7It,2026-09-02,1
Zgbye7It,2026-09-03,2
Zgbye7It,2026-09-04,2
Zgbye7It,2026-09-05,14
Zgbye7It,2026-09-06,7
Zgbye7It,2026-09-07,4
Zgbye7It,2026-09-08,1
Zgbye7It,2026-09-09,2
Zgbye7It,2026-09-10,7
Zgbye7It,2026-09-11,4
Zgbye7It,2026-09-12,1
Zgbye7It,2026-09-13,3
Zgbye7It,2026-09-15,5
Zgbye7It,2026-09-16,1
Zgbye7It,2026-09-17,5
Zgbye7It,2026-09-18,5
Zgbye7It,2026-09-19,2
Zgbye7It,2026-09-20,2
Zgbye7It,2026-09-21,3
Zh6HfHxB,2025-08-27,2
Zh6HfHxB,2025-08-28,2
ZiJsT1qI,2025-08-08,1
ZiJsT1qI,2025-08-13,1
ZiJsT1qI,2025-08-16,1
ZiJsT1qI,2025-08-18,1
ZiPNsdvv,2025-06-29,1
ZiPNsdvv,2025-07-01,1
ZiPNsdvv,2025-07-03,1
ZiPNsdvv,2025-07-05,1
ZiuhFTvy,2026-01-09,1
ZixCNvP3,2026-04-19,2
ZixCNvP3,2026-04-21,1
ZixCNvP3,2026-05-06,1
Zj0nox41,2025-09-07,1
Zj3ZQOjM,2025-08-03,1
ZjC1tCFu,2025-09-10,1
ZjETRQFh,2025-05-16,1
ZjETRQFh,2025-05-17,1
ZjETRQFh,2025-05-23,1
Zkft3PcF,2026-04-21,2
Zkft3PcF,2026-04-23,1
Zkft3PcF,2026-05-09,1
Zkft3PcF,2026-05-12,1
Zkft3PcF,2026-05-14,1
ZmliU7By,2026-03-23,1
ZmliU7By,2026-03-25,2
ZmliU7By,2026-03-26,2
ZmliU7By,2026-03-28,2
ZmliU7By,2026-03-29,1
ZmliU7By,2026-04-12,1
ZmvVpNHh,2026-01-05,1
ZnizWkD2,2026-07-16,1
ZnizWkD2,2026-08-01,1
ZnizWkD2,2026-08-02,2
ZnizWkD2,2026-08-05,1
ZnizWkD2,2026-08-07,1
ZnizWkD2,2026-08-11,1
ZoFdZGh4,2026-03-28,1
ZoYQN70l,2025-04-17,1
ZoYQN70l,2025-04-19,1
ZoYQN70l,2025-04-20,1
ZoYQN70l,2025-04-22,1
ZoYQN70l,2025-04-25,1
ZocRXmTp,2025-11-29,2
ZocRXmTp,2025-11-30,2
ZocRXmTp,2025-12-01,1
ZocRXmTp,2025-12-09,1
ZocRXmTp,2025-12-12,1
ZocRXmTp,2025-12-19,1
ZocRXmTp,2025-12-26,1
ZocRXmTp,2025-12-27,1
Zp7ukyGD,2025-11-15,1
ZpCRYDPb,2025-12-29,1
ZpCRYDPb,2025-12-31,2
ZpCRYDPb,2026-01-01,1
ZpCRYDPb,2026-01-03,1
ZpCRYDPb,2026-01-12,2
ZpCRYDPb,2026-01-17,2
ZpCRYDPb,2026-01-19,1
Zq2W5SGd,2024-12-26,4
Zq2W5SGd,2024-12-27,3
Zq2W5SGd,2024-12-28,1
Zqr0jTg7,2026-04-16,1
Zqr0jTg7,2026-04-18,1
Zqr0jTg7,2026-04-20,1
Zqr0jTg7,2026-04-21,1
Zqr0jTg7,2026-04-24,1
Zqr0jTg7,2026-04-26,1
Zqr0jTg7,2026-04-29,1
Zqr0jTg7,2026-05-02,3
Zqr0jTg7,2026-05-03,1
Zqr0jTg7,2026-05-09,1
Zqr0jTg7,2026-05-10,1
Zqr0jTg7,2026-05-11,1
Zqr0jTg7,2026-05-14,4
ZrXsbosA,2026-07-01,1
Zrv3aB9A,2025-09-15,1
Zrv3aB9A,2025-09-16,1
Zrv3aB9A,2025-09-17,1
Zrv3aB9A,2025-09-18,1
Zrv3aB9A,2025-09-21,3
Zrv3aB9A,2025-09-24,1
Zrv3aB9A,2025-09-25,2
Zrv3aB9A,2025-09-28,2
ZryoSNyt,2025-11-06,1
ZryoSNyt,2025-11-16,1
ZryoSNyt,2025-11-17,1
Zs2kMmEe,2025-05-03,1
Zs2kMmEe,2025-05-04,1
Zs2kMmEe,2025-05-11,1
Zs2kMmEe,2025-05-14,2
ZtWOhY8y,2025-08-12,1
ZtfEvIzf,2026-03-04,1
ZtfEvIzf,2026-03-06,1
ZtfEvIzf,2026-03-09,1
ZtfEvIzf,2026-03-14,1
ZtfEvIzf,2026-03-16,1
ZtfEvIzf,2026-03-18,1
ZtfEvIzf,2026-03-22,1
ZuO8sXrI,2025-11-02,1
ZuO8sXrI,2025-11-08,1
ZuO8sXrI,2025-11-12,2
Zv4UNniz,2026-02-09,1
ZvFaTfEl,2026-03-23,1
ZvFaTfEl,2026-03-26,1
ZvFaTfEl,2026-03-27,1
ZvFaTfEl,2026-03-30,1
ZvFaTfEl,2026-03-31,1
ZvFaTfEl,2026-04-01,1
ZvFaTfEl,2026-04-06,1
ZvFaTfEl,2026-04-07,1
ZvFaTfEl,2026-04-08,1
ZvFaTfEl,2026-04-12,1
ZvFaTfEl,2026-04-14,1
Zw50j9um,2025-10-03,2
Zw50j9um,2025-10-04,4
Zw50j9um,2025-10-10,2
ZwOlFev1,2025-08-28,40
ZwOlFev1,2025-08-29,1
Zx9PRuNC,2025-06-23,1
ZxOO1B9z,2025-12-08,5
ZzR13FHD,2025-08-03,1
ZzXBF8Jd,2025-04-18,1
ZzYnHnJv,2025-11-19,3
ZzYnHnJv,2025-11-22,2
ZzYnHnJv,2025-11-23,1
ZzYnHnJv,2025-11-24,1
a0FLLPLx,2026-05-16,1
a0FLLPLx,2026-05-22,1
a0FLLPLx,2026-05-29,1
a0FLLPLx,2026-06-12,1
a0FLLPLx,2026-06-20,2
a0n8sV7g,2026-05-23,1
a0n8sV7g,2026-05-27,1
a0n8sV7g,2026-05-28,1
a0n8sV7g,2026-06-07,1
a0n8sV7g,2026-06-11,1
a0n8sV7g,2026-06-15,1
a0n8sV7g,2026-06-18,2
a0n8sV7g,2026-06-20,1
a0n8sV7g,2026-06-22,1
a106QtbO,2025-08-11,4
a1A8kzoI,2025-06-28,1
a1RxXVhs,2024-12-27,1
a1T3y2EW,2025-09-22,1
a1eMWrsU,2026-08-20,1
a1eMWrsU,2026-09-19,1
a1eMWrsU,2026-09-20,1
a1eMWrsU,2026-09-21,5
a2FNIkHP,2025-09-25,1
a2NOhvlA,2024-12-27,1
a2SE6IER,2026-08-19,1
a2SE6IER,2026-08-21,1
a2SE6IER,2026-08-24,1
a2SE6IER,2026-08-30,1
a2SE6IER,2026-09-05,1
a2SE6IER,2026-09-13,1
a2SE6IER,2026-09-16,2
a2SE6IER,2026-09-20,1
a2SE6IER,2026-09-21,4
a2WnvzAc,2024-12-28,1
a2XqDL7g,2024-12-29,4
a2XqDL7g,2024-12-30,2
a2YLKZdi,2026-02-10,1
a2YLKZdi,2026-02-13,1
a2YLKZdi,2026-02-24,1
a35GPE1l,2025-12-30,1
a35GPE1l,2026-01-02,1
a35GPE1l,2026-01-04,1
a35GPE1l,2026-01-05,1
a35GPE1l,2026-01-09,1
a35GPE1l,2026-01-10,1
a35GPE1l,2026-01-12,2
a35GPE1l,2026-01-14,1
a35GPE1l,2026-01-16,1
a35GPE1l,2026-01-20,1
a35GPE1l,2026-01-22,1
a35GPE1l,2026-01-26,1
a35GPE1l,2026-01-28,1
a35GPE1l,2026-02-02,1
a3GovVmu,2026-08-18,1
a3GovVmu,2026-08-31,1
a3GovVmu,2026-09-07,1
a3GovVmu,2026-09-08,1
a3GovVmu,2026-09-13,1
a3GovVmu,2026-09-14,1
a3J2WEqp,2024-12-31,1
a3QRXuMH,2026-03-28,1
a3ZzoJgx,2024-12-28,1
a4VwaKKm,2026-03-28,2
a4VwaKKm,2026-03-29,2
a4VwaKKm,2026-04-06,1
a4VwaKKm,2026-04-08,1
a4VwaKKm,2026-04-09,1
a4VwaKKm,2026-04-13,1
a4YHLNtP,2026-08-15,1
a4eTMWYF,2025-05-20,1
a4eTMWYF,2025-05-27,1
a5CzKxan,2026-05-16,18
a5CzKxan,2026-05-22,11
a5CzKxan,2026-05-23,10
a5CzKxan,2026-05-24,13
a5CzKxan,2026-05-27,26
a5CzKxan,2026-06-09,12
a5CzKxan,2026-06-11,16
a5CzKxan,2026-06-17,55
a5DrW7be,2026-05-06,1
a5Zi7eFq,2025-11-04,1
a6FwkbNG,2026-03-28,1
a6XqY4KX,2025-06-01,1
a6XqY4KX,2025-06-08,1
a6gkS2mr,2026-08-08,2
a6gkS2mr,2026-08-09,1
a6gkS2mr,2026-08-10,2
a6gkS2mr,2026-08-11,1
a6gkS2mr,2026-08-12,1
a6gkS2mr,2026-08-13,1
a6gkS2mr,2026-08-15,2
a6gkS2mr,2026-08-16,1
a76VruHP,2025-05-05,1
a76VruHP,2025-05-14,1
a7N54sEB,2025-01-01,1
a7N54sEB,2025-01-10,1
a7N54sEB,2025-01-13,1
a7N54sEB,2025-01-21,1
a7R2ShUZ,2025-05-14,1
a85JJByj,2025-09-07,1
a85JJByj,2025-09-10,1
a85JJByj,2025-09-12,3
a8ocEjmi,2025-09-08,1
a8ocEjmi,2025-09-12,1
a8vuUYZL,2026-06-01,1
a8vuUYZL,2026-06-07,1
a9LoDkf5,2025-05-28,1
a9MLSwAK,2025-01-09,2
a9MLSwAK,2025-01-13,2
a9MLSwAK,2025-01-17,2
a9MLSwAK,2025-01-21,1
a9MLSwAK,2025-01-24,1
a9MLSwAK,2025-01-25,3
a9MLSwAK,2025-01-28,1
a9MLSwAK,2025-01-30,2
a9MLSwAK,2025-01-31,2
a9MLSwAK,2025-02-01,1
a9YdlrsX,2025-02-11,1
a9YdlrsX,2025-02-13,1
a9ubj0ak,2026-07-17,1
a9ubj0ak,2026-07-20,1
a9ubj0ak,2026-07-23,1
a9ubj0ak,2026-07-24,1
a9ubj0ak,2026-07-25,1
a9ubj0ak,2026-08-09,1
aAXQJdHN,2025-04-29,1
aBn08Jk9,2025-04-07,1
aEJJgi8T,2025-08-23,1
aF1Yg7TG,2024-12-29,1
aF4PGKih,2025-08-24,2
aG1WghJ8,2025-06-13,1
aGF4j6kg,2026-08-20,3
aGmYEX7v,2025-04-09,1
aHQt7v7d,2025-05-02,1
aHQt7v7d,2025-05-03,1
aHQt7v7d,2025-05-06,1
aHQt7v7d,2025-05-12,1
aHQt7v7d,2025-05-15,1
aHa0We65,2026-03-10,1
aHa0We65,2026-03-18,1
aHuT39JD,2026-09-20,1
aKVBU4x2,2026-05-30,4
aKVBU4x2,2026-06-01,2
aKVBU4x2,2026-06-02,1
aKVBU4x2,2026-06-19,1
aKVBU4x2,2026-06-20,1
aKVBU4x2,2026-06-21,1
aKwQABDX,2025-02-18,1
aMBHhBFq,2026-03-25,1
aMBHhBFq,2026-04-05,14
aMBHhBFq,2026-04-15,6
aMbVclnk,2025-05-07,1
aMbVclnk,2025-05-13,1
aMyplWmx,2026-02-27,1
aMyplWmx,2026-03-08,1
aMyplWmx,2026-03-21,1
aNNfpsO2,2026-07-17,1
aO2EnogS,2025-11-29,3
aO2EnogS,2025-11-30,1
aOY5FUJu,2026-03-25,1
aOY5FUJu,2026-04-11,1
aOudltvk,2025-08-03,1
aQg6UGOw,2025-09-07,1
aQg6UGOw,2025-09-09,1
aQh0laJH,2026-04-17,1
aQh0laJH,2026-04-21,1
aQh0laJH,2026-05-09,1
aQjxhLKw,2026-03-29,2
aQjxhLKw,2026-04-01,1
aQjxhLKw,2026-04-05,3
aQjxhLKw,2026-04-08,1
aQjxhLKw,2026-04-14,2
aR8DYjZd,2024-12-26,2
aR8DYjZd,2024-12-28,1
aRRn0MVG,2025-10-07,2
aRRn0MVG,2025-10-12,1
aRnihgV2,2026-03-23,2
aRnihgV2,2026-03-28,1
aRnihgV2,2026-03-31,1
aRnihgV2,2026-04-01,1
aRnihgV2,2026-04-03,1
aRnihgV2,2026-04-10,2
aRnihgV2,2026-04-11,1
aRoHmMpF,2026-09-19,1
aRoHmMpF,2026-09-20,1
aRtp3aDs,2026-02-19,1
aSQqKUmQ,2025-11-30,1
aSQqKUmQ,2025-12-25,2
aSRCHPdN,2026-03-25,4
aSRCHPdN,2026-03-30,1
aSRCHPdN,2026-04-02,1
aSRCHPdN,2026-04-03,1
aSRCHPdN,2026-04-04,1
aSRCHPdN,2026-04-05,1
aSRCHPdN,2026-04-06,1
aSRCHPdN,2026-04-08,1
aSRCHPdN,2026-04-10,1
aSRCHPdN,2026-04-11,6
aSRCHPdN,2026-04-12,4
aSRCHPdN,2026-04-13,5
aSSQqjug,2026-05-07,1
aSSQqjug,2026-05-14,1
aSsCQwTx,2025-03-28,1
aTQhhHLD,2025-03-30,1
aTQhhHLD,2025-04-02,1
aTQhhHLD,2025-04-03,1
aTRsnnjK,2025-11-29,1
aTRsnnjK,2025-11-30,4
aTRsnnjK,2025-12-13,2
aTRsnnjK,2025-12-20,1
aTRsnnjK,2025-12-21,1
aTRsnnjK,2025-12-22,1
aTRsnnjK,2025-12-26,1
aTRsnnjK,2025-12-27,1
aTVq7LJ3,2025-02-15,2
aTVq7LJ3,2025-02-17,1
aTsfdzA1,2025-12-20,1
aTsfdzA1,2025-12-26,1
aUGPUcxr,2026-09-19,1
aV4PrynE,2025-01-06,3
aV4PrynE,2025-01-07,3
aV4PrynE,2025-01-09,1
aV4PrynE,2025-01-10,2
aV4PrynE,2025-01-11,5
aV4PrynE,2025-01-16,2
aV4PrynE,2025-01-17,1
aV4PrynE,2025-01-18,8
aV4PrynE,2025-01-19,4
aV4PrynE,2025-01-21,1
aV4PrynE,2025-01-22,1
aV4PrynE,2025-01-23,2
aV4PrynE,2025-01-24,4
aV4PrynE,2025-01-25,1
aV4PrynE,2025-01-26,7
aV4PrynE,2025-01-27,1
aV4PrynE,2025-01-28,3
aV4PrynE,2025-01-29,4
aV4PrynE,2025-01-30,1
aV4PrynE,2025-02-01,5
aV4PrynE,2025-02-02,1
aV4PrynE,2025-02-03,1
aVsHqyIA,2026-08-19,2
aVsHqyIA,2026-09-03,1
aW4NOtzo,2025-03-11,1
aW5ckneN,2024-12-26,2
aW5ckneN,2024-12-27,1
aWCJ9o8i,2025-06-28,1
aWCJ9o8i,2025-07-04,1
aWCJ9o8i,2025-07-07,1
aWCJ9o8i,2025-07-08,2
aWTNZwed,2026-09-19,3
aWTNZwed,2026-09-20,3
aWTNZwed,2026-09-21,2
aXhmTCTd,2026-03-29,1
aXhmTCTd,2026-04-01,1
aXhmTCTd,2026-04-05,1
aXhmTCTd,2026-04-11,1
aY6wcEeG,2025-01-01,1
aY6wcEeG,2025-01-03,2
aY6wcEeG,2025-01-06,1
aY6wcEeG,2025-01-25,1
aYPtG6wb,2026-03-11,1
aYi2EPjP,2025-11-03,1
aYi2EPjP,2025-11-05,2
aYi2EPjP,2025-11-06,1
aYi2EPjP,2025-11-07,1
aYi2EPjP,2025-11-15,1
aYnPFYoX,2025-03-30,1
aYnPFYoX,2025-03-31,2
aYnPFYoX,2025-04-03,1
aYnPFYoX,2025-04-04,1
aZ6nNb9F,2025-11-21,1
aaQsFrxC,2025-08-01,1
aaa598fZ,2025-10-26,2
aaa598fZ,2025-10-28,1
abTeGDz1,2025-02-12,1
abm7sJhC,2025-02-22,1
abm7sJhC,2025-02-23,2
abm7sJhC,2025-02-25,1
ac153tTf,2026-09-08,1
ac153tTf,2026-09-16,2
ac153tTf,2026-09-19,1
ac153tTf,2026-09-20,1
acEWCj07,2025-10-23,1
acEWCj07,2025-10-25,1
acEWCj07,2025-10-29,1
adH9G5Tz,2025-04-15,1
adH9G5Tz,2025-04-16,2
adH9G5Tz,2025-04-19,3
adH9G5Tz,2025-04-21,1
adH9G5Tz,2025-04-23,1
adH9G5Tz,2025-04-25,2
adc4xH0I,2026-03-07,1
adc4xH0I,2026-03-21,1
afgz8S5V,2025-12-04,1
agtwPcgJ,2025-08-08,1
ahPQt05f,2025-09-07,2
ajCyaQwh,2025-11-30,1
ajCyaQwh,2025-12-06,1
ajCyaQwh,2025-12-07,1
ajCyaQwh,2025-12-09,2
ajCyaQwh,2025-12-11,1
ajCyaQwh,2025-12-13,1
ajCyaQwh,2025-12-20,1
ajCyaQwh,2025-12-26,1
ajCyaQwh,2025-12-28,1
ajEm3iCJ,2025-04-26,1
ajEm3iCJ,2025-04-27,1
ajkERYj6,2026-03-26,1
ajkERYj6,2026-03-29,1
ajkERYj6,2026-04-06,1
ak84KiCw,2025-04-11,1
akHcbg4d,2025-09-13,1
alMpzzDT,2025-11-22,1
alQ6ouT7,2025-05-04,1
alQ6ouT7,2025-05-10,1
alQ6ouT7,2025-05-11,1
alsApoaA,2025-12-07,1
alsApoaA,2025-12-26,1
alsD5WPO,2025-04-02,1
amVvcOEd,2025-06-01,1
aoM2tpbb,2026-05-15,2
aoM2tpbb,2026-05-25,3
aoM2tpbb,2026-05-26,1
aoM2tpbb,2026-06-02,1
aoM2tpbb,2026-06-14,1
aoM2tpbb,2026-06-18,1
aou1MEfy,2025-02-09,1
apLSbA73,2025-07-28,1
apLSbA73,2025-07-29,1
apeuaKBU,2025-08-17,1
apt8YuWL,2025-05-02,1
apt8YuWL,2025-05-08,2
aqsZmUKm,2025-11-13,1
ar4F0hRM,2025-08-04,1
ar59CnFM,2026-07-02,1
ar59CnFM,2026-07-09,1
arBtZC04,2025-10-01,1
arBtZC04,2025-10-09,1
arBtZC04,2025-10-12,1
arbojru0,2025-04-01,1
arsJNQNN,2026-04-06,1
asGWP7rS,2026-01-04,1
asGWP7rS,2026-01-06,1
asGWP7rS,2026-01-11,1
asGWP7rS,2026-01-17,1
asGWP7rS,2026-01-20,1
asGWP7rS,2026-01-22,1
asGWP7rS,2026-01-25,1
asMmVJTa,2025-07-01,2
at4aXpve,2026-03-26,2
atMixftA,2025-09-10,1
atMixftA,2025-09-11,1
atMixftA,2025-09-13,2
atjep06S,2025-12-28,1
atjep06S,2025-12-31,1
atjep06S,2026-01-06,1
atjep06S,2026-01-11,1
atjep06S,2026-01-12,1
atjep06S,2026-01-14,1
atjep06S,2026-01-25,1
atjep06S,2026-02-01,1
auB9Sc8r,2025-08-08,2
auB9Sc8r,2025-08-12,1
auTysO3d,2026-09-18,1
auTysO3d,2026-09-20,1
auTysO3d,2026-09-21,1
awVFhiOn,2025-04-30,1
awkpVCPF,2026-09-03,1
awkpVCPF,2026-09-07,1
awkpVCPF,2026-09-09,1
awkpVCPF,2026-09-13,1
awkpVCPF,2026-09-18,1
awkpVCPF,2026-09-19,1
awkpVCPF,2026-09-20,2
awkpVCPF,2026-09-21,2
awxA8GuH,2025-04-01,1
awzNo3Gw,2026-02-09,1
awzNo3Gw,2026-02-23,1
axgLyc5a,2026-08-05,1
axgLyc5a,2026-08-15,1
axkjAzQR,2025-08-23,1
axxkc0OW,2026-04-30,1
axxkc0OW,2026-05-05,1
aylg360i,2026-05-12,1
aymkv5Gb,2026-08-05,1
ays4Fgzh,2026-05-15,1
ays4Fgzh,2026-05-25,1
ays4Fgzh,2026-05-26,1
azIfn4Aj,2025-02-19,1
azIfn4Aj,2025-02-20,1
b1ctMhAS,2025-10-28,1
b1lyQ3q4,2026-04-21,1
b1lyQ3q4,2026-04-23,1
b1lyQ3q4,2026-04-26,1
b1lyQ3q4,2026-04-27,1
b1lyQ3q4,2026-05-01,1
b1lyQ3q4,2026-05-08,1
b1w5QVPI,2026-07-13,2
b23uPmCg,2025-02-25,1
b23uPmCg,2025-02-26,1
b23uPmCg,2025-02-27,1
b23uPmCg,2025-02-28,1
b27JjWqg,2025-11-19,1
b27JjWqg,2025-11-28,1
b3JtBVW8,2024-12-31,1
b3JtBVW8,2025-01-04,1
b3JtBVW8,2025-01-05,4
b3JtBVW8,2025-01-26,1
b3KBHj9U,2025-01-03,131
b3KBHj9U,2025-01-05,15
b3KBHj9U,2025-01-06,17
b3KBHj9U,2025-01-07,7
b3KBHj9U,2025-01-08,9
b3KBHj9U,2025-01-09,2
b3KBHj9U,2025-01-14,1
b3LyfXLq,2026-09-05,4
b3LyfXLq,2026-09-06,1
b3LyfXLq,2026-09-18,1
b3YPxBMJ,2025-01-04,1
b3YPxBMJ,2025-01-06,1
b3rrvxEe,2025-07-16,2
b3rrvxEe,2025-07-23,1
b3rrvxEe,2025-07-24,1
b3rrvxEe,2025-07-25,1
b3rrvxEe,2025-07-27,1
b4YLdqsX,2025-09-25,1
b4YLdqsX,2025-09-26,1
b4va5ttj,2025-05-31,1
b4va5ttj,2025-06-01,1
b5LDJZ0U,2025-11-12,1
b6I7gONp,2025-11-02,1
b6I7gONp,2025-11-06,1
b6I7gONp,2025-11-07,1
b6I7gONp,2025-11-09,1
b6I7gONp,2025-11-12,10
b6I7gONp,2025-11-14,1
b6obdENE,2025-07-28,1
b7W7s94Q,2025-04-30,1
b7WLPi8p,2026-07-11,1
b7YFQkUP,2025-01-03,1
b7YFQkUP,2025-01-09,2
b7YFQkUP,2025-02-03,1
b7YFQkUP,2025-02-04,1
b7aEICxc,2025-10-07,1
b7aEICxc,2025-10-14,1
b7kMpKAV,2026-05-27,1
b7kMpKAV,2026-05-30,1
b7kMpKAV,2026-06-01,1
b7kMpKAV,2026-06-07,1
b7nR3R4Q,2026-08-30,1
b7nR3R4Q,2026-09-13,1
b7nR3R4Q,2026-09-20,1
b7oB9cRv,2026-07-16,1
b7oB9cRv,2026-07-21,1
b7oB9cRv,2026-07-24,1
b7oB9cRv,2026-07-26,1
b8F89Jij,2026-08-19,1
b8F89Jij,2026-08-20,3
b8F89Jij,2026-08-22,1
b8F89Jij,2026-08-23,1
b8F89Jij,2026-08-24,1
b8F89Jij,2026-08-25,2
b8F89Jij,2026-08-27,3
b8F89Jij,2026-09-03,1
b8F89Jij,2026-09-07,1
b8F89Jij,2026-09-08,2
b8F89Jij,2026-09-09,1
b8F89Jij,2026-09-10,2
b8F89Jij,2026-09-11,3
b8F89Jij,2026-09-12,1
b8F89Jij,2026-09-13,1
b8F89Jij,2026-09-14,1
b8F89Jij,2026-09-15,4
b8F89Jij,2026-09-16,1
b8F89Jij,2026-09-17,2
b8F89Jij,2026-09-18,2
b8F89Jij,2026-09-20,7
b8RAk0eM,2024-12-26,23
b8RAk0eM,2024-12-27,5
b8RAk0eM,2024-12-28,1
b8RAk0eM,2024-12-29,3
b8RAk0eM,2024-12-30,2
b8qgJ1wC,2025-11-20,1
b8qgJ1wC,2025-11-25,1
b9CDdxUu,2025-01-02,1
b9CDdxUu,2025-01-05,1
b9CDdxUu,2025-01-08,1
b9CDdxUu,2025-01-10,1
b9CDdxUu,2025-01-11,1
b9CDdxUu,2025-01-14,1
b9CDdxUu,2025-01-19,1
b9CDdxUu,2025-01-21,2
b9CDdxUu,2025-01-26,1
b9CDdxUu,2025-01-27,1
b9CDdxUu,2025-01-28,2
b9CDdxUu,2025-02-03,3
b9CDdxUu,2025-02-04,4
b9CDdxUu,2025-02-05,1
b9MzS8Fa,2026-02-28,11
b9MzS8Fa,2026-03-01,1
b9MzS8Fa,2026-03-03,1
b9MzS8Fa,2026-03-06,2
b9MzS8Fa,2026-03-07,3
b9MzS8Fa,2026-03-08,1
b9MzS8Fa,2026-03-10,1
b9MzS8Fa,2026-03-13,1
b9MzS8Fa,2026-03-15,1
b9MzS8Fa,2026-03-18,1
b9MzS8Fa,2026-03-20,1
b9MzS8Fa,2026-03-21,3
b9lUYPo4,2025-10-03,1
b9w3ljuH,2025-10-21,1
bA2dcQUC,2025-01-02,1
bA2qOriE,2026-04-29,1
bADOwhX7,2025-10-16,1
bADOwhX7,2025-10-17,2
bADOwhX7,2025-10-18,3
bADOwhX7,2025-10-19,1
bADOwhX7,2025-10-24,3
bADOwhX7,2025-10-25,1
bADOwhX7,2025-10-28,1
bADOwhX7,2025-10-29,1
bADOwhX7,2025-10-31,1
bATHsZ0B,2026-05-15,1
bATHsZ0B,2026-05-24,2
bATHsZ0B,2026-05-25,1
bATHsZ0B,2026-05-29,1
bATHsZ0B,2026-05-31,1
bATHsZ0B,2026-06-12,2
bAmrOEPt,2025-04-03,2
bAmrOEPt,2025-04-04,1
bAmrOEPt,2025-04-05,1
bBjJqaCk,2026-07-17,1
bBjJqaCk,2026-07-18,1
bBjJqaCk,2026-07-19,3
bBjJqaCk,2026-07-20,1
bBjJqaCk,2026-07-23,2
bBjJqaCk,2026-07-24,3
bBjJqaCk,2026-07-26,1
bBjJqaCk,2026-07-28,1
bBjJqaCk,2026-07-29,1
bBjJqaCk,2026-07-30,2
bBjJqaCk,2026-07-31,2
bBjJqaCk,2026-08-01,1
bBjJqaCk,2026-08-07,1
bBjJqaCk,2026-08-08,1
bBjJqaCk,2026-08-09,1
bBjJqaCk,2026-08-10,1
bBjJqaCk,2026-08-11,1
bBjJqaCk,2026-08-12,1
bBjJqaCk,2026-08-13,1
bDCGgRio,2026-02-21,1
bDbVzg7j,2026-03-29,1
bDpQAmga,2026-06-24,1
bDpQAmga,2026-07-03,2
bE28HDb6,2025-11-19,1
bE28HDb6,2025-11-27,1
bE5nsR6C,2024-12-30,1
bFEErJT8,2026-02-04,1
bFHh4Gpc,2025-05-05,1
bFQ4kc9u,2025-05-19,1
bG675TH9,2025-01-22,1
bG675TH9,2025-02-01,1
bH4g09rd,2025-10-03,1
bH4g09rd,2025-10-05,1
bH4g09rd,2025-10-09,2
bH4g09rd,2025-10-12,1
bH4g09rd,2025-10-13,2
bJ5P3nUw,2025-01-25,1
bJay6ljV,2025-09-01,1
bJay6ljV,2025-09-02,1
bJay6ljV,2025-09-05,2
bJi9rxiF,2026-09-20,1
bJirJbV3,2025-04-30,3
bJirJbV3,2025-05-01,2
bJirJbV3,2025-05-02,1
bJirJbV3,2025-05-03,1
bJirJbV3,2025-05-04,1
bJirJbV3,2025-05-05,2
bJirJbV3,2025-05-06,1
bJirJbV3,2025-05-07,1
bJirJbV3,2025-05-08,1
bJirJbV3,2025-05-09,1
bJirJbV3,2025-05-10,2
bJirJbV3,2025-05-11,2
bJirJbV3,2025-05-12,1
bJirJbV3,2025-05-13,1
bJirJbV3,2025-05-14,2
bJirJbV3,2025-05-15,1
bKGKF1OJ,2025-11-30,2
bKGKF1OJ,2025-12-06,1
bKGKF1OJ,2025-12-12,2
bKms6kD6,2026-09-04,1
bKms6kD6,2026-09-05,3
bKms6kD6,2026-09-06,6
bKms6kD6,2026-09-07,1
bKms6kD6,2026-09-09,1
bKms6kD6,2026-09-14,1
bKupnVYy,2025-04-07,1
bKupnVYy,2025-04-10,1
bL2wWEvv,2025-08-27,1
bL6EpEOr,2025-02-07,1
bLHxnOdC,2026-09-03,1
bLHxnOdC,2026-09-12,1
bLHxnOdC,2026-09-13,1
bLHxnOdC,2026-09-17,1
bLHxnOdC,2026-09-21,1
bLODlLFz,2026-09-17,1
bLODlLFz,2026-09-19,1
bLODlLFz,2026-09-21,1
bLyKTvpj,2025-05-19,1
bLyKTvpj,2025-05-27,1
bM4aUC3e,2025-03-29,1
bM6JEADq,2026-09-17,2
bM6JEADq,2026-09-21,1
bMXfN2lM,2026-07-18,4
bMXfN2lM,2026-07-19,2
bMaq2IR4,2025-11-18,2
bMaq2IR4,2025-11-22,1
bMaq2IR4,2025-11-23,1
bMaq2IR4,2025-11-24,1
bN0T5sgI,2026-05-15,1
bN0T5sgI,2026-05-18,1
bN0T5sgI,2026-05-26,1
bN0T5sgI,2026-06-06,1
bNUhgsRj,2025-02-06,1
bNUhgsRj,2025-02-09,1
bNUhgsRj,2025-02-13,1
bNz5pVj7,2026-08-09,1
bOXtr6he,2025-05-17,1
bP41LDoR,2026-05-19,1
bP41LDoR,2026-06-11,1
bP41LDoR,2026-06-12,2
bPM6rTI3,2025-07-16,1
bPM6rTI3,2025-07-17,1
bPM6rTI3,2025-07-19,1
bPM6rTI3,2025-07-20,2
bPM6rTI3,2025-07-25,1
bPM6rTI3,2025-07-26,2
bPM6rTI3,2025-07-27,1
bPMWXHQf,2025-07-18,1
bPMWXHQf,2025-07-19,1
bPMWXHQf,2025-07-20,1
bPMWXHQf,2025-07-22,1
bPMWXHQf,2025-07-29,1
bPPP5DbU,2025-04-17,1
bPPP5DbU,2025-04-26,1
bPPP5DbU,2025-04-27,1
bPiVxxF3,2026-02-10,1
bPiVxxF3,2026-02-13,1
bPwjOniW,2025-06-17,1
bPwjOniW,2025-06-26,1
bQmVWBpR,2025-04-18,1
bQmVWBpR,2025-04-19,5
bQmVWBpR,2025-04-20,2
bQmVWBpR,2025-04-22,8
bQmVWBpR,2025-04-24,1
bQmVWBpR,2025-04-25,1
bQmVWBpR,2025-04-27,3
bQmVWBpR,2025-04-28,3
bQmVWBpR,2025-04-29,3
bRQ64PJ3,2026-01-29,1
bRaQj7xO,2026-05-24,1
bRaQj7xO,2026-06-01,1
bRaQj7xO,2026-06-12,1
bRaQj7xO,2026-06-13,1
bRaQj7xO,2026-06-16,1
bRaQj7xO,2026-06-21,1
bRaQj7xO,2026-06-22,1
bRnhNE79,2025-09-15,2
bRnhNE79,2025-09-17,1
bRnhNE79,2025-09-25,1
bRnhNE79,2025-09-27,1
bRnhNE79,2025-09-28,1
bRnhNE79,2025-09-29,2
bRnhNE79,2025-09-30,1
bSbPaDjx,2025-06-13,2
bSbPaDjx,2025-06-20,1
bTZsCEz7,2025-06-06,1
bU5fzQGi,2025-01-01,1
bU5fzQGi,2025-01-13,1
bU9UVRSG,2025-11-24,1
bUrMtXB8,2025-11-26,1
bV34wdYs,2025-01-21,1
bV34wdYs,2025-01-28,1
bVc4EfLS,2025-06-30,1
bVc4EfLS,2025-07-01,1
bVc4EfLS,2025-07-03,1
bVc4EfLS,2025-07-04,1
bVc4EfLS,2025-07-05,1
bVc4EfLS,2025-07-12,1
bVnDlCRJ,2025-12-26,1
bVnDlCRJ,2025-12-27,1
bWYFA7Jl,2025-07-13,1
bXkZAZGW,2026-07-01,2
bYXzYWFf,2025-02-15,1
bYXzYWFf,2025-02-18,1
bYoaeY3k,2025-06-27,1
bYoaeY3k,2025-06-29,1
bYoaeY3k,2025-07-03,2
bYoaeY3k,2025-07-04,1
bZ3VA66l,2026-07-13,1
bZWVOxwU,2025-11-21,1
bZWVOxwU,2025-11-24,2
bZWVOxwU,2025-11-25,1
bZvGiloD,2025-02-07,1
baH7BtpV,2025-09-07,1
baH7BtpV,2025-09-10,1
baH7BtpV,2025-09-11,2
bdUCo50v,2026-02-26,1
bdaG6SOv,2026-08-19,1
bdaG6SOv,2026-08-23,1
bdaG6SOv,2026-08-31,2
bdaG6SOv,2026-09-02,1
bdaG6SOv,2026-09-03,1
bdaG6SOv,2026-09-04,1
bdaG6SOv,2026-09-17,2
bdaG6SOv,2026-09-18,2
bdaG6SOv,2026-09-19,1
bdaG6SOv,2026-09-21,4
be8lqkgg,2025-12-30,1
bficPCEt,2026-02-19,1
bficPCEt,2026-02-24,1
bgisOyMg,2025-11-21,3
bgisOyMg,2025-11-22,2
bgisOyMg,2025-11-28,1
bgjhOBOe,2026-03-31,1
bhMtSBMN,2025-06-27,1
bhMtSBMN,2025-07-01,3
bhMtSBMN,2025-07-07,1
bhMtSBMN,2025-07-08,1
bhNCkQl0,2026-06-23,1
bhNCkQl0,2026-06-24,3
bjoRN88G,2026-08-18,2
bjoRN88G,2026-08-19,1
bjoRN88G,2026-08-23,3
bjoRN88G,2026-08-25,1
bjoRN88G,2026-08-26,1
bjoRN88G,2026-08-27,1
bjoRN88G,2026-08-30,2
bjoRN88G,2026-09-02,1
bjoRN88G,2026-09-03,1
bjoRN88G,2026-09-04,2
bjoRN88G,2026-09-05,1
bjoRN88G,2026-09-07,3
bjoRN88G,2026-09-08,2
bjoRN88G,2026-09-09,1
bjoRN88G,2026-09-10,2
bjoRN88G,2026-09-11,3
bjoRN88G,2026-09-13,1
bjoRN88G,2026-09-15,2
bjoRN88G,2026-09-16,3
bjoRN88G,2026-09-17,6
bjoRN88G,2026-09-18,5
bjoRN88G,2026-09-19,4
bjoRN88G,2026-09-20,3
bjoRN88G,2026-09-21,3
bkHdk5w6,2025-09-16,1
bkTMLkgT,2025-11-02,1
bkTMLkgT,2025-11-06,3
bkTMLkgT,2025-11-07,1
bkTMLkgT,2025-11-17,1
bn44r2kS,2025-08-27,1
bnAIiJOi,2026-08-25,1
bnAIiJOi,2026-08-30,1
bnAIiJOi,2026-09-05,1
bnAIiJOi,2026-09-12,1
boR6A2iI,2025-10-17,1
boR6A2iI,2025-10-22,1
boc2syQu,2026-01-06,1
boc2syQu,2026-01-07,1
boc2syQu,2026-01-12,1
boc2syQu,2026-01-28,1
boc2syQu,2026-01-31,1
bp5bIjxC,2025-04-18,1
bpEJ1OT3,2025-08-19,1
bpEJ1OT3,2025-08-24,1
bpRrtZw7,2026-03-18,1
bpfQI9Yk,2025-08-10,1
bpfQI9Yk,2025-08-21,1
bpyekJYQ,2026-04-09,1
bq4znNZj,2025-09-10,1
bqS8wrwd,2025-07-01,1
bqWZf4JN,2025-11-19,1
bqwCaiGH,2025-12-31,1
bqwCaiGH,2026-01-01,1
bqwCaiGH,2026-01-10,1
bqwCaiGH,2026-01-16,1
bqwCaiGH,2026-01-30,1
broFWsTK,2026-05-17,1
broFWsTK,2026-05-27,1
broFWsTK,2026-06-21,1
brxGVa5W,2025-08-26,4
brxGVa5W,2025-08-27,5
brxGVa5W,2025-08-28,4
brxGVa5W,2025-08-29,2
brxGVa5W,2025-08-30,3
brxGVa5W,2025-08-31,3
brxGVa5W,2025-09-01,7
brxGVa5W,2025-09-02,3
brxGVa5W,2025-09-03,5
brxGVa5W,2025-09-04,4
brxGVa5W,2025-09-05,4
buLD3ZBt,2025-03-23,1
busHZEYz,2025-10-18,1
busHZEYz,2025-10-19,1
busHZEYz,2025-10-25,1
busHZEYz,2025-10-31,1
buzaKC7g,2026-03-17,1
bvDr3c9m,2025-08-23,1
bvDr3c9m,2025-08-24,1
bx5CQQ4V,2025-03-12,1
bxCI4nyZ,2026-08-31,1
bxGsBd2B,2026-04-05,1
bxGsBd2B,2026-04-06,2
byMU9uIx,2025-07-29,1
bycUNyJ6,2025-04-29,1
bz0cAxVK,2026-06-24,1
bz0cAxVK,2026-06-26,2
bz0cAxVK,2026-06-29,1
bz0cAxVK,2026-06-30,3
bz0cAxVK,2026-07-01,2
bz0cAxVK,2026-07-05,3
bz0cAxVK,2026-07-07,3
bz0cAxVK,2026-07-10,1
bz0cAxVK,2026-07-11,2
bz0cAxVK,2026-07-12,3
bz0cAxVK,2026-07-13,2
bz0cAxVK,2026-07-14,2
bz0cAxVK,2026-07-15,1
bz0cAxVK,2026-07-16,1
bz0fxnpV,2025-03-03,1
bz0fxnpV,2025-03-08,1
bz0fxnpV,2025-03-09,1
bzOIYTLY,2026-02-05,2
bzOIYTLY,2026-02-06,1
bzOIYTLY,2026-02-11,2
bzOIYTLY,2026-02-13,1
bzOIYTLY,2026-02-15,1
bzOIYTLY,2026-02-26,3
c0iiZiXC,2025-09-27,1
c0iiZiXC,2025-09-28,1
c0iiZiXC,2025-09-29,1
c10L8uJJ,2025-06-05,1
c1MC5TVn,2025-10-06,1
c1MC5TVn,2025-10-07,1
c1MlLpjG,2025-09-15,1
c1MlLpjG,2025-09-16,2
c1MlLpjG,2025-09-17,1
c1MlLpjG,2025-09-19,1
c1MlLpjG,2025-09-23,2
c1MlLpjG,2025-09-26,1
c1MlLpjG,2025-09-28,1
c1MlLpjG,2025-09-29,2
c1On4ajz,2024-12-27,3
c1On4ajz,2024-12-29,1
c1On4ajz,2024-12-30,1
c1On4ajz,2024-12-31,2
c1On4ajz,2025-01-01,1
c1On4ajz,2025-01-07,1
c1On4ajz,2025-01-13,1
c1On4ajz,2025-01-14,1
c1On4ajz,2025-01-17,1
c1On4ajz,2025-01-20,1
c1On4ajz,2025-01-21,2
c1On4ajz,2025-01-27,3
c1On4ajz,2025-01-28,1
c1On4ajz,2025-01-29,1
c1On4ajz,2025-01-31,1
c1On4ajz,2025-02-02,1
c1dhjd1N,2025-09-06,2
c1dhjd1N,2025-09-07,1
c1dhjd1N,2025-09-08,1
c1dhjd1N,2025-09-09,1
c1dhjd1N,2025-09-10,1
c1dhjd1N,2025-09-13,2
c1lLD0Cb,2026-02-13,1
c1rWhZ0h,2025-11-30,1
c1rWhZ0h,2025-12-01,1
c1rWhZ0h,2025-12-02,1
c1rWhZ0h,2025-12-04,1
c1rWhZ0h,2025-12-07,1
c1rWhZ0h,2025-12-15,1
c1rWhZ0h,2025-12-18,1
c1rWhZ0h,2025-12-20,1
c1rWhZ0h,2025-12-25,1
c1rWhZ0h,2025-12-26,1
c1rWhZ0h,2025-12-27,3
c2IV0nuK,2025-05-02,1
c2IV0nuK,2025-05-09,1
c2KGfvUA,2025-11-30,1
c2KGfvUA,2025-12-02,1
c2KGfvUA,2025-12-08,2
c2KGfvUA,2025-12-09,1
c2KGfvUA,2025-12-10,2
c2KGfvUA,2025-12-11,2
c2KGfvUA,2025-12-12,2
c2KGfvUA,2025-12-13,1
c2KGfvUA,2025-12-14,2
c2KGfvUA,2025-12-22,2
c2KGfvUA,2025-12-24,3
c2KGfvUA,2025-12-25,3
c2KGfvUA,2025-12-26,1
c2irjcpU,2025-08-18,1
c2maOBXI,2025-08-27,1
c2maOBXI,2025-08-30,1
c2maOBXI,2025-08-31,3
c2maOBXI,2025-09-01,1
c2maOBXI,2025-09-04,1
c2maOBXI,2025-09-05,1
c2u2P6na,2025-07-08,2
c2vVCtSx,2025-05-22,1
c2vVCtSx,2025-05-23,1
c3G1t6Pq,2025-03-12,1
c3JfFMpF,2025-03-11,1
c3JfFMpF,2025-03-13,1
c3JfFMpF,2025-03-16,2
c3JfFMpF,2025-03-17,1
c3cpcLwq,2025-04-19,1
c42V1qxB,2026-01-23,1
c4807lB9,2025-04-24,1
c4Kuimce,2026-09-15,1
c4Kuimce,2026-09-16,1
c4Kuimce,2026-09-17,2
c4Kuimce,2026-09-18,1
c4Kuimce,2026-09-19,2
c4Kuimce,2026-09-20,4
c4kt4nNk,2025-11-14,1
c4kt4nNk,2025-11-15,2
c5QKib6P,2025-03-19,1
c5XjsQfq,2025-01-31,1
c7HfKRIZ,2025-08-08,1
c7HfKRIZ,2025-08-16,1
c7HfKRIZ,2025-08-17,4
c7HfKRIZ,2025-08-22,1
c7HfKRIZ,2025-08-23,4
c7HfKRIZ,2025-08-24,1
c7HfKRIZ,2025-08-25,2
c7NDgfGV,2025-12-30,1
c7NDgfGV,2025-12-31,1
c7NDgfGV,2026-01-01,4
c7NDgfGV,2026-01-06,1
c7NDgfGV,2026-01-15,2
c7NDgfGV,2026-01-17,2
c7NDgfGV,2026-01-25,2
c7NDgfGV,2026-01-27,1
c7lHKfjb,2025-09-10,1
c8SWYg1B,2025-03-22,1
c8rYqHgr,2026-03-05,2
c8rYqHgr,2026-03-07,1
c8rYqHgr,2026-03-22,1
c8rYqHgr,2026-03-23,1
c9FCNv2o,2026-03-13,2
c9FCNv2o,2026-03-15,1
c9FCNv2o,2026-03-19,1
c9FCNv2o,2026-03-20,1
c9RJhSuw,2025-01-04,1
c9RJhSuw,2025-01-05,1
c9RJhSuw,2025-01-21,1
c9RJhSuw,2025-01-26,1
c9RJhSuw,2025-01-28,1
c9YJB5u5,2025-09-13,1
cA2KrMrT,2025-06-18,1
cA2KrMrT,2025-06-23,1
cAUNer68,2026-02-13,2
cAUNer68,2026-02-23,1
cAZUGgae,2025-12-06,1
cAZUGgae,2025-12-09,1
cAZUGgae,2025-12-15,1
cAfcrOaQ,2025-04-06,1
cAfcrOaQ,2025-04-07,1
cAfcrOaQ,2025-04-08,3
cAfcrOaQ,2025-04-09,1
cAfcrOaQ,2025-04-10,1
cAfcrOaQ,2025-04-11,1
cAfcrOaQ,2025-04-12,1
cAfcrOaQ,2025-04-14,1
cAfcrOaQ,2025-04-15,1
cBiYCHTT,2025-05-22,1
cBrSVneb,2026-03-24,1
cBrSVneb,2026-03-28,1
cBrSVneb,2026-03-29,1
cBrSVneb,2026-03-30,1
cBrSVneb,2026-04-03,1
cBrSVneb,2026-04-05,1
cBrSVneb,2026-04-09,1
cBrSVneb,2026-04-10,1
cBrSVneb,2026-04-13,1
cC3igmVQ,2025-02-14,4
cC3igmVQ,2025-02-17,3
cC3igmVQ,2025-02-18,3
cC3igmVQ,2025-02-19,2
cC3igmVQ,2025-02-20,1
cCRS7YE4,2025-09-14,1
cCRS7YE4,2025-09-15,4
cCRS7YE4,2025-09-16,3
cCRS7YE4,2025-09-18,1
cCRS7YE4,2025-09-21,1
cCRS7YE4,2025-09-29,1
cD4on4aT,2025-10-30,1
cDWIMNgy,2025-08-11,1
cDWIMNgy,2025-08-20,1
cDWIMNgy,2025-08-23,1
cDnw1IjA,2025-11-22,2
cDnw1IjA,2025-11-23,1
cDnw1IjA,2025-11-24,1
cE9iAHKj,2024-12-26,1
cEb2LVUZ,2025-09-27,1
cEbV2W6g,2026-03-29,4
cEbV2W6g,2026-03-30,1
cEbV2W6g,2026-03-31,1
cEbV2W6g,2026-04-01,2
cEbV2W6g,2026-04-03,2
cEbV2W6g,2026-04-05,1
cEbV2W6g,2026-04-06,4
cEbV2W6g,2026-04-08,2
cEbV2W6g,2026-04-12,1
cEhaMbaj,2026-07-19,3
cEhaMbaj,2026-07-22,1
cEhaMbaj,2026-07-23,2
cEhaMbaj,2026-07-24,1
cEhaMbaj,2026-07-30,1
cEhaMbaj,2026-08-01,1
cEhaMbaj,2026-08-08,1
cEkKlrhY,2025-09-18,1
cEkKlrhY,2025-09-21,1
cEkKlrhY,2025-09-24,2
cEkKlrhY,2025-09-25,1
cF49nxwW,2025-02-07,1
cFeeXzSN,2025-11-08,1
cFeeXzSN,2025-11-11,1
cFeeXzSN,2025-11-13,1
cFzQadv6,2025-07-19,1
cHFAoocd,2026-07-01,1
cHFAoocd,2026-07-06,1
cHFAoocd,2026-07-12,1
cI5EZKKr,2025-10-23,1
cI5EZKKr,2025-11-01,1
cID8GSfI,2025-06-10,1
cID8GSfI,2025-06-11,1
cIQd8YaW,2026-03-22,1
cIfeweT5,2025-02-21,1
cIzxPesJ,2025-09-05,1
cKp5nGya,2026-08-07,1
cKp5nGya,2026-08-15,2
cLc9ksAF,2026-04-09,1
cMcRDGx4,2026-05-15,1
cMcRDGx4,2026-06-06,1
cNW8l3SK,2025-08-08,1
cNW8l3SK,2025-08-10,1
cNW8l3SK,2025-08-11,1
cNW8l3SK,2025-08-18,1
cNwIe0fo,2025-09-27,1
cP6nJ5ia,2025-11-20,1
cP6nJ5ia,2025-11-21,1
cP9Z2Npl,2026-02-18,1
cPH8kYxy,2025-12-11,1
cPRTZodL,2025-08-01,1
cPuORZA8,2026-09-17,1
cPuORZA8,2026-09-19,2
cR1nZnk5,2026-03-01,2
cR1nZnk5,2026-03-02,3
cR1nZnk5,2026-03-04,3
cR1nZnk5,2026-03-05,8
cR1nZnk5,2026-03-06,8
cR1nZnk5,2026-03-07,4
cR1nZnk5,2026-03-08,8
cR1nZnk5,2026-03-09,4
cR1nZnk5,2026-03-10,13
cR1nZnk5,2026-03-11,2
cR1nZnk5,2026-03-12,19
cR1nZnk5,2026-03-13,12
cR1nZnk5,2026-03-14,10
cR1nZnk5,2026-03-15,7
cR1nZnk5,2026-03-16,14
cR1nZnk5,2026-03-17,7
cR1nZnk5,2026-03-18,9
cR1nZnk5,2026-03-19,13
cR1nZnk5,2026-03-20,7
cR1nZnk5,2026-03-21,1
cR1nZnk5,2026-03-22,5
cR1nZnk5,2026-03-23,1
cRDL3Gtj,2026-05-12,1
cSOpvHn3,2025-05-03,2
cSOpvHn3,2025-05-11,2
cSddtTob,2025-08-01,1
cSuXstx3,2025-10-28,1
cTw0A8bz,2025-02-08,1
cU26H95G,2025-01-11,2
cU26H95G,2025-01-28,1
cU26H95G,2025-02-04,1
cU8aXnoS,2025-02-09,1
cUet5Fz7,2026-02-03,1
cVH3FgG6,2026-05-05,1
cVH3FgG6,2026-05-09,1
cVPNxSOC,2026-07-24,1
cVSVtAwh,2026-07-26,1
cWKQ6Q11,2025-05-23,1
cWPcsgVQ,2026-06-24,1
cWPcsgVQ,2026-06-26,1
cWPcsgVQ,2026-06-27,3
cWPcsgVQ,2026-06-28,1
cWPcsgVQ,2026-06-29,1
cWPcsgVQ,2026-07-10,1
cWPcsgVQ,2026-07-13,2
cX826jpS,2025-01-11,2
cX826jpS,2025-01-17,1
cX826jpS,2025-01-28,1
cX826jpS,2025-02-03,1
cX826jpS,2025-02-04,1
cX826jpS,2025-02-05,1
cXreE1EX,2025-10-15,1
cXreE1EX,2025-10-17,1
cXreE1EX,2025-10-19,1
cXreE1EX,2025-10-23,1
cXreE1EX,2025-10-24,2
cXreE1EX,2025-10-28,1
cXreE1EX,2025-10-31,1
cY3eDuKh,2024-12-31,1
cY3eDuKh,2025-01-30,2
cYNIDse0,2025-12-02,2
cYNIDse0,2025-12-09,1
cYNIDse0,2025-12-21,1
cYNIDse0,2025-12-22,1
cYNIDse0,2025-12-25,1
cYrjYHf3,2025-09-18,1
cZiSfkCw,2025-10-16,2
cZiSfkCw,2025-10-17,1
cZiSfkCw,2025-10-18,1
cZiSfkCw,2025-10-20,1
cZiSfkCw,2025-10-24,1
cZiSfkCw,2025-10-26,1
cZiSfkCw,2025-10-30,1
cZjcUKLj,2025-04-06,1
cZjcUKLj,2025-04-07,1
cZjcUKLj,2025-04-09,4
cZjcUKLj,2025-04-10,2
cZjcUKLj,2025-04-11,1
cZjcUKLj,2025-04-13,1
cZtM5Bim,2026-07-20,1
cZtM5Bim,2026-08-02,1
cZtM5Bim,2026-08-10,1
cbBhzZFK,2026-08-07,1
cbvRKuUj,2025-03-21,1
cc4VxDDE,2026-05-06,3
ceDqE1dS,2026-02-22,1
ceK7Eihs,2025-09-07,1
cg8ikhi0,2026-05-15,1
cg8ikhi0,2026-05-16,1
cg8ikhi0,2026-05-17,1
cg8ikhi0,2026-05-18,2
cg8ikhi0,2026-05-19,1
cg8ikhi0,2026-05-20,1
cg8ikhi0,2026-05-21,1
cg8ikhi0,2026-05-22,1
cg8ikhi0,2026-05-23,2
cg8ikhi0,2026-05-24,1
cg8ikhi0,2026-05-26,2
cg8ikhi0,2026-05-27,1
cg8ikhi0,2026-05-28,2
cg8ikhi0,2026-05-29,1
cg8ikhi0,2026-05-30,1
cg8ikhi0,2026-05-31,1
cg8ikhi0,2026-06-01,2
cg8ikhi0,2026-06-02,1
cg8ikhi0,2026-06-03,1
cg8ikhi0,2026-06-04,1
cg8ikhi0,2026-06-05,1
cg8ikhi0,2026-06-06,1
cg8ikhi0,2026-06-07,1
cg8ikhi0,2026-06-08,1
cg8ikhi0,2026-06-09,1
cg8ikhi0,2026-06-10,1
cg8ikhi0,2026-06-11,1
cg8ikhi0,2026-06-12,1
cg8ikhi0,2026-06-13,1
cg8ikhi0,2026-06-14,1
cg8ikhi0,2026-06-15,1
cg8ikhi0,2026-06-16,1
cg8ikhi0,2026-06-17,1
cg8ikhi0,2026-06-18,1
cg8ikhi0,2026-06-19,1
cg8ikhi0,2026-06-20,1
cg8ikhi0,2026-06-21,1
cg8ikhi0,2026-06-22,1
ch8GEruu,2025-05-03,1
ch8GEruu,2025-05-04,1
ch8GEruu,2025-05-09,1
ch93D5mq,2025-05-17,1
chErMqOe,2025-10-06,5
chErMqOe,2025-10-08,1
chErMqOe,2025-10-14,1
ciCDk1OV,2025-04-15,1
ciPGtrDF,2025-03-29,1
ciPGtrDF,2025-04-01,1
ciPGtrDF,2025-04-03,1
ciPGtrDF,2025-04-04,1
cj1q0eG5,2025-11-07,2
cj1q0eG5,2025-11-08,1
cj1q0eG5,2025-11-09,2
cj4vorsL,2025-10-02,1
cj4vorsL,2025-10-05,4
cj4vorsL,2025-10-10,1
cjWL1LFN,2025-06-27,1
cjWL1LFN,2025-07-11,2
cjjhzXvu,2026-02-09,1
cjzLr1iY,2026-07-11,1
cjzLr1iY,2026-07-12,2
cjzLr1iY,2026-07-13,1
ckCJgrKb,2026-05-15,1
ckCJgrKb,2026-05-17,1
ckCJgrKb,2026-05-19,1
ckCJgrKb,2026-05-25,2
ckCJgrKb,2026-05-26,1
ckCJgrKb,2026-06-05,1
ckCJgrKb,2026-06-06,1
ckCJgrKb,2026-06-07,1
ckCJgrKb,2026-06-08,1
ckCJgrKb,2026-06-14,1
ckCJgrKb,2026-06-17,1
ckCJgrKb,2026-06-18,1
ckPDWJtm,2025-10-16,1
ckPDWJtm,2025-10-18,1
ckPDWJtm,2025-10-19,1
ckPDWJtm,2025-10-30,1
ckb6907i,2025-03-30,1
ckb6907i,2025-04-01,1
ckb6907i,2025-04-04,1
cktspiuo,2025-07-02,1
cl3JqD0Y,2026-09-21,2
cnbkDUXF,2026-02-28,2
cnbkDUXF,2026-03-03,1
cnbkDUXF,2026-03-04,1
cnbkDUXF,2026-03-06,2
cnbkDUXF,2026-03-07,4
cnbkDUXF,2026-03-08,1
cnbkDUXF,2026-03-09,3
cnbkDUXF,2026-03-10,3
cnbkDUXF,2026-03-11,1
cnbkDUXF,2026-03-12,1
cnbkDUXF,2026-03-14,2
cnbkDUXF,2026-03-15,1
cnbkDUXF,2026-03-16,1
cnbkDUXF,2026-03-18,1
cnbkDUXF,2026-03-19,1
cnbkDUXF,2026-03-22,1
cnbkDUXF,2026-03-23,1
cngNn92c,2026-03-23,1
cngNn92c,2026-03-24,1
cngNn92c,2026-03-26,1
cngNn92c,2026-03-27,2
cngNn92c,2026-03-28,1
cngNn92c,2026-03-31,1
cnkq73Og,2025-10-06,1
cpbRUKWn,2025-04-23,1
cpiAVTV4,2026-08-30,1
cpiAVTV4,2026-09-10,1
cpqmxVgt,2026-02-27,2
cpqmxVgt,2026-03-07,2
cpqmxVgt,2026-03-08,1
cpqmxVgt,2026-03-09,1
cpyzYAKM,2025-08-30,1
cpyzYAKM,2025-08-31,1
crHyZn7U,2025-03-01,3
crHyZn7U,2025-03-02,1
crHyZn7U,2025-03-03,3
crHyZn7U,2025-03-04,1
crHyZn7U,2025-03-06,3
crHyZn7U,2025-03-07,5
crHyZn7U,2025-03-08,2
crHyZn7U,2025-03-09,3
crHyZn7U,2025-03-10,1
crRgvdxz,2025-06-27,2
crfxSI78,2026-09-05,1
crfxSI78,2026-09-11,1
crfxSI78,2026-09-20,2
crv1bw70,2026-05-15,2
crv1bw70,2026-05-16,2
crv1bw70,2026-05-17,5
crv1bw70,2026-05-18,4
crv1bw70,2026-05-19,2
crv1bw70,2026-05-20,2
crv1bw70,2026-05-21,3
crv1bw70,2026-05-22,5
crv1bw70,2026-05-23,1
crv1bw70,2026-05-24,3
crv1bw70,2026-05-25,3
crv1bw70,2026-05-26,2
crv1bw70,2026-05-27,1
crv1bw70,2026-05-28,2
crv1bw70,2026-05-29,2
crv1bw70,2026-05-30,1
crv1bw70,2026-05-31,9
crv1bw70,2026-06-01,1
crv1bw70,2026-06-02,1
crv1bw70,2026-06-03,4
crv1bw70,2026-06-04,1
crv1bw70,2026-06-05,1
crv1bw70,2026-06-06,3
crv1bw70,2026-06-07,1
crv1bw70,2026-06-08,1
crv1bw70,2026-06-09,3
crv1bw70,2026-06-10,3
crv1bw70,2026-06-11,7
crv1bw70,2026-06-12,1
crv1bw70,2026-06-13,1
crv1bw70,2026-06-14,1
crv1bw70,2026-06-15,1
crv1bw70,2026-06-16,2
crv1bw70,2026-06-17,2
crv1bw70,2026-06-18,2
crv1bw70,2026-06-19,2
crv1bw70,2026-06-20,1
crv1bw70,2026-06-21,6
crv1bw70,2026-06-22,1
csuK72MQ,2025-04-06,1
csuK72MQ,2025-04-15,1
csvzueiZ,2026-03-09,1
ct6lMKxT,2026-04-16,2
ct6lMKxT,2026-04-17,1
ct6lMKxT,2026-04-18,1
ct6lMKxT,2026-04-25,1
ct6lMKxT,2026-04-27,1
ct6lMKxT,2026-04-28,1
ct6lMKxT,2026-04-30,1
ct6lMKxT,2026-05-05,2
ct6lMKxT,2026-05-08,1
ct6lMKxT,2026-05-11,2
ct6lMKxT,2026-05-12,1
ct6lMKxT,2026-05-13,1
ct6lMKxT,2026-05-14,1
ct6lMKxT,2026-05-15,2
ct9UVUyf,2025-03-28,2
cxU1mm51,2026-06-24,1
cy8DN07q,2026-05-09,2
cy8DN07q,2026-05-14,1
cy9U5wkO,2025-09-24,1
cyxlQqfS,2026-07-22,1
cyxlQqfS,2026-07-24,2
cyxlQqfS,2026-07-30,1
cyxlQqfS,2026-08-10,2
cyxlQqfS,2026-08-14,1
czdKhnYw,2026-04-16,2
czdKhnYw,2026-04-17,1
czdKhnYw,2026-04-18,3
czdKhnYw,2026-04-20,4
czdKhnYw,2026-04-21,1
czdKhnYw,2026-04-22,1
czdKhnYw,2026-04-23,2
czdKhnYw,2026-04-25,1
czdKhnYw,2026-04-27,2
czdKhnYw,2026-04-29,3
czdKhnYw,2026-04-30,1
czdKhnYw,2026-05-01,3
czdKhnYw,2026-05-05,4
czdKhnYw,2026-05-06,1
czdKhnYw,2026-05-07,1
czdKhnYw,2026-05-08,2
czdKhnYw,2026-05-09,1
czdKhnYw,2026-05-11,2
czdKhnYw,2026-05-12,2
czdKhnYw,2026-05-13,1
czdKhnYw,2026-05-14,3
czwtkXPt,2026-08-25,1
czwtkXPt,2026-08-29,1
czwtkXPt,2026-09-02,1
czwtkXPt,2026-09-19,1
d00Iy9ya,2026-03-24,1
d00Iy9ya,2026-03-29,1
d0En2Dbj,2025-11-03,1
d0En2Dbj,2025-11-05,1
d0En2Dbj,2025-11-09,1
d0En2Dbj,2025-11-11,1
d0En2Dbj,2025-11-16,1
d0wIdCGQ,2025-09-16,1
d0wIdCGQ,2025-09-19,1
d0wIdCGQ,2025-09-20,1
d0wIdCGQ,2025-09-26,1
d0wIdCGQ,2025-09-27,1
d0wIdCGQ,2025-09-29,2
d1RjIAtW,2026-04-26,1
d1RjIAtW,2026-04-30,1
d1RjIAtW,2026-05-02,2
d1RjIAtW,2026-05-10,1
d1ZQ6IPH,2026-09-04,1
d1ZQ6IPH,2026-09-05,1
d1ZQ6IPH,2026-09-07,1
d1ZQ6IPH,2026-09-08,1
d1ZQ6IPH,2026-09-10,1
d1ZQ6IPH,2026-09-15,1
d1ZQ6IPH,2026-09-19,1
d1ZQ6IPH,2026-09-20,2
d1ituT1J,2025-05-30,2
d1ituT1J,2025-06-08,1
d1ituT1J,2025-06-09,1
d1ituT1J,2025-06-11,2
d1yFLjf6,2025-02-22,1
d1yFLjf6,2025-02-28,1
d1yFLjf6,2025-03-01,1
d2G9sfCo,2026-04-07,1
d3mo9nj5,2026-06-09,1
d3rFA5vu,2026-06-21,2
d3rFA5vu,2026-06-22,2
d45k65xI,2025-06-20,1
d45k65xI,2025-06-23,1
d45y7qeK,2026-09-19,1
d4q2abDy,2025-08-26,1
d4q2abDy,2025-08-28,1
d4q2abDy,2025-08-31,1
d4tAljTj,2025-09-13,1
d5FEflb8,2026-01-06,2
d5FEflb8,2026-01-09,1
d5FEflb8,2026-01-12,2
d5FEflb8,2026-01-13,1
d5FEflb8,2026-01-15,1
d5FEflb8,2026-01-18,1
d5FEflb8,2026-01-20,2
d5FEflb8,2026-01-22,1
d5FEflb8,2026-01-24,1
d5FEflb8,2026-01-26,3
d5FEflb8,2026-01-28,1
d5FEflb8,2026-01-29,1
d5FEflb8,2026-01-31,1
d5FEflb8,2026-02-02,1
d6KZbJ0N,2026-07-27,1
d6KZbJ0N,2026-08-09,1
d6KZbJ0N,2026-08-14,1
d6OCpoHk,2025-06-23,1
d6Okrq0W,2026-02-08,1
d6Okrq0W,2026-02-15,1
d6Okrq0W,2026-02-20,1
d6Okrq0W,2026-02-21,1
d6tcTa4A,2025-05-30,1
d6tcTa4A,2025-06-01,1
d6tcTa4A,2025-06-07,1
d6tcTa4A,2025-06-11,2
d6tcTa4A,2025-06-12,1
d7HRbCyE,2025-01-06,2
d7HRbCyE,2025-01-07,1
d7HRbCyE,2025-02-01,1
d8QbRtTA,2026-08-23,4
d8QbRtTA,2026-09-04,1
d8QbRtTA,2026-09-07,1
d8QbRtTA,2026-09-08,1
d8QbRtTA,2026-09-10,1
d8QbRtTA,2026-09-11,1
d8QbRtTA,2026-09-12,1
d8QbRtTA,2026-09-13,1
d8QbRtTA,2026-09-17,3
d8QbRtTA,2026-09-18,6
d8QbRtTA,2026-09-19,3
d8QbRtTA,2026-09-20,5
d8QbRtTA,2026-09-21,2
d8UOgLAs,2025-06-12,1
d8UOgLAs,2025-06-13,2
d8UOgLAs,2025-06-14,1
d8UOgLAs,2025-06-15,2
d8UOgLAs,2025-06-16,2
d8UOgLAs,2025-06-17,2
d8UOgLAs,2025-06-18,2
d8UOgLAs,2025-06-19,1
d8UOgLAs,2025-06-20,2
d8UOgLAs,2025-06-21,2
d8UOgLAs,2025-06-22,2
d8UOgLAs,2025-06-23,1
d8UOgLAs,2025-06-24,1
d8UOgLAs,2025-06-25,3
d8UOgLAs,2025-06-26,2
d8mzyDSR,2025-03-13,1
d9znTKQV,2025-09-10,2
dBsc7WZt,2026-02-07,2
dBsc7WZt,2026-02-09,1
dC5LGmec,2026-02-27,4
dC5LGmec,2026-03-01,1
dC5LGmec,2026-03-02,2
dC5LGmec,2026-03-04,1
dC5LGmec,2026-03-05,1
dC5LGmec,2026-03-06,2
dC5LGmec,2026-03-09,1
dC5LGmec,2026-03-10,1
dC5LGmec,2026-03-11,1
dC5LGmec,2026-03-12,1
dC5LGmec,2026-03-13,1
dC5LGmec,2026-03-14,1
dC5LGmec,2026-03-15,1
dC5LGmec,2026-03-16,1
dC5LGmec,2026-03-18,2
dC5LGmec,2026-03-20,1
dCZ2Dys4,2025-12-08,1
dCZ2Dys4,2025-12-26,2
dD019iBR,2025-05-02,1
dD019iBR,2025-05-04,1
dD019iBR,2025-05-05,1
dD019iBR,2025-05-07,1
dD019iBR,2025-05-11,1
dD019iBR,2025-05-13,1
dD1DFO60,2025-04-15,1
dD1DFO60,2025-04-18,1
dD1DFO60,2025-04-22,1
dD1DFO60,2025-04-26,1
dE8k0vzM,2026-04-01,1
dE8k0vzM,2026-04-07,1
dENGzgnE,2025-05-07,8
dENGzgnE,2025-05-08,1
dENGzgnE,2025-05-11,1
dF3IQKDd,2025-11-01,1
dGTKiaNJ,2025-08-29,1
dGTKiaNJ,2025-08-31,1
dGW2hnVt,2026-07-20,1
dGW2hnVt,2026-07-24,1
dGW2hnVt,2026-08-01,1
dGW2hnVt,2026-08-02,1
dGW2hnVt,2026-08-03,1
dGW2hnVt,2026-08-11,2
dGW2hnVt,2026-08-13,2
dGkez3IU,2026-09-06,1
dGkez3IU,2026-09-07,3
dGkez3IU,2026-09-10,1
dGkez3IU,2026-09-11,1
dGkez3IU,2026-09-14,1
dGkez3IU,2026-09-17,1
dGkez3IU,2026-09-20,1
dGwDOccX,2025-02-14,1
dH2Kg0Y3,2025-11-05,1
dH2Kg0Y3,2025-11-15,1
dH7s6PzS,2025-11-18,1
dH7s6PzS,2025-11-23,2
dH7s6PzS,2025-11-28,2
dHSEOkLq,2025-07-20,1
dI0HF40f,2025-10-14,1
dI4uSQF8,2026-03-22,1
dIBn3fcV,2026-08-02,1
dIrZCbzi,2026-03-09,1
dIxobRso,2026-03-25,2
dIxobRso,2026-03-29,1
dIxobRso,2026-04-11,1
dJ07v31V,2026-05-25,1
dJ07v31V,2026-06-19,1
dJ07v31V,2026-06-22,1
dJ44Ksod,2025-12-03,1
dJ44Ksod,2025-12-04,1
dJ44Ksod,2025-12-05,1
dJ44Ksod,2025-12-10,1
dJ6m75yG,2026-02-21,1
dKCVYvp0,2025-03-30,2
dKCVYvp0,2025-04-02,2
dKCVYvp0,2025-04-03,2
dKCVYvp0,2025-04-04,3
dKIQfc43,2025-03-22,1
dLJFH6MY,2025-06-14,1
dLJFH6MY,2025-06-17,1
dLJFH6MY,2025-06-19,1
dLJFH6MY,2025-06-23,1
dLO3s08B,2025-05-21,1
dLvx6NoG,2025-02-17,1
dLvx6NoG,2025-02-19,1
dMJZPclv,2025-11-05,1
dMJZPclv,2025-11-07,1
dMuObpVZ,2026-08-11,1
dN5CZAvw,2025-05-31,2
dN5CZAvw,2025-06-03,2
dN5CZAvw,2025-06-04,1
dN5CZAvw,2025-06-08,2
dN5CZAvw,2025-06-09,2
dN5CZAvw,2025-06-10,3
dNNTPV3H,2025-05-04,1
dQNXugYi,2025-09-06,1
dQNXugYi,2025-09-07,2
dQNXugYi,2025-09-09,3
dQNXugYi,2025-09-10,1
dQNXugYi,2025-09-11,1
dQNXugYi,2025-09-12,1
dQNXugYi,2025-09-13,3
dQNXugYi,2025-09-14,1
dQZVXDGI,2026-05-18,1
dQZVXDGI,2026-06-22,2
dR89eqVI,2025-12-30,1
dR89eqVI,2025-12-31,1
dR89eqVI,2026-01-05,1
dR89eqVI,2026-01-17,1
dR89eqVI,2026-01-20,1
dR89eqVI,2026-01-21,1
dR89eqVI,2026-01-22,1
dR89eqVI,2026-02-01,1
dRnNOgjB,2026-07-23,1
dRnNOgjB,2026-07-25,1
dRnNOgjB,2026-07-30,1
dRnNOgjB,2026-07-31,1
dRnNOgjB,2026-08-03,1
dRnNOgjB,2026-08-10,1
dRnNOgjB,2026-08-14,2
dS42C1NA,2025-02-22,1
dS58uR0z,2025-08-26,1
dS58uR0z,2025-08-27,2
dSU3t8OQ,2025-12-08,1
dSU3t8OQ,2025-12-10,1
dSU3t8OQ,2025-12-12,1
dSU3t8OQ,2025-12-16,1
dSU3t8OQ,2025-12-22,2
dSU3t8OQ,2025-12-24,1
dSU3t8OQ,2025-12-26,1
dSU3t8OQ,2025-12-27,3
dSiGEY1D,2025-10-31,1
dSiTsXMR,2025-11-01,1
dTeMas4y,2025-10-23,1
dV3EZ9U8,2026-03-31,3
dV3EZ9U8,2026-04-01,2
dV3EZ9U8,2026-04-04,2
dV3EZ9U8,2026-04-05,2
dV3EZ9U8,2026-04-07,1
dV3EZ9U8,2026-04-08,2
dV3EZ9U8,2026-04-09,1
dV3EZ9U8,2026-04-11,3
dV3EZ9U8,2026-04-13,1
dV3EZ9U8,2026-04-14,1
dV3EZ9U8,2026-04-15,3
dVLOOmBF,2025-11-30,1
dW8k26e7,2026-06-23,2
dW8k26e7,2026-06-29,1
dW8k26e7,2026-07-02,2
dW8k26e7,2026-07-03,1
dW8k26e7,2026-07-06,1
dW8k26e7,2026-07-12,1
dW8k26e7,2026-07-14,1
dW9MnShw,2025-01-12,1
dW9MnShw,2025-01-13,1
dW9MnShw,2025-01-18,1
dW9MnShw,2025-01-24,1
dW9MnShw,2025-01-31,1
dWd68SIz,2026-02-28,2
dWd68SIz,2026-03-02,1
dWd68SIz,2026-03-03,3
dWd68SIz,2026-03-05,2
dWd68SIz,2026-03-06,1
dWd68SIz,2026-03-08,5
dWd68SIz,2026-03-09,1
dWd68SIz,2026-03-11,3
dWd68SIz,2026-03-12,2
dWd68SIz,2026-03-17,2
dWd68SIz,2026-03-18,3
dWd68SIz,2026-03-19,3
dWleqWzF,2026-03-23,2
dWleqWzF,2026-03-24,1
dWleqWzF,2026-03-25,2
dWleqWzF,2026-03-27,3
dWleqWzF,2026-03-29,2
dWleqWzF,2026-03-31,2
dWleqWzF,2026-04-01,3
dWleqWzF,2026-04-03,1
dWleqWzF,2026-04-05,2
dWleqWzF,2026-04-07,1
dWleqWzF,2026-04-09,4
dWleqWzF,2026-04-11,1
dWleqWzF,2026-04-13,2
dWleqWzF,2026-04-14,2
dWleqWzF,2026-04-15,1
dX6ZuC4j,2025-01-15,1
dX6ZuC4j,2025-01-19,1
dX6ZuC4j,2025-01-22,1
dX6ZuC4j,2025-01-26,2
dX6ZuC4j,2025-01-28,1
dXwG2EWj,2026-08-08,1
dYLAeL3X,2026-02-20,1
dYQLE4ZL,2025-12-23,1
dYQLE4ZL,2025-12-24,1
dZ0ZAqHO,2025-03-11,1
dZ0ZAqHO,2025-03-16,1
dZZrSRPa,2026-05-25,2
dZwtmzYG,2025-03-19,1
daAXvdgN,2025-03-27,1
daSc6kTe,2026-07-17,1
daSc6kTe,2026-07-18,3
daSc6kTe,2026-07-19,2
daSc6kTe,2026-07-20,1
daSc6kTe,2026-07-21,4
daSc6kTe,2026-07-23,2
daSc6kTe,2026-07-24,2
daSc6kTe,2026-07-25,2
daSc6kTe,2026-07-26,5
daSc6kTe,2026-07-27,3
daSc6kTe,2026-07-28,2
daSc6kTe,2026-07-29,4
daSc6kTe,2026-07-31,5
daSc6kTe,2026-08-01,2
daSc6kTe,2026-08-04,1
daSc6kTe,2026-08-05,6
daSc6kTe,2026-08-06,1
daSc6kTe,2026-08-07,1
daSc6kTe,2026-08-08,8
daSc6kTe,2026-08-10,1
daSc6kTe,2026-08-12,4
daSc6kTe,2026-08-13,3
daSc6kTe,2026-08-14,1
daSc6kTe,2026-08-15,3
daSc6kTe,2026-08-17,2
daXAVz2Y,2025-10-15,2
daXAVz2Y,2025-10-25,1
daXAVz2Y,2025-10-31,1
dacdWjTf,2026-06-23,1
dacdWjTf,2026-06-28,1
dacdWjTf,2026-07-03,1
dacdWjTf,2026-07-12,3
dacdWjTf,2026-07-13,1
daiFXuYS,2026-08-12,1
db668j4C,2025-04-08,1
db668j4C,2025-04-10,1
db668j4C,2025-04-11,4
dbvfHC76,2025-12-11,1
dcN9tuua,2025-06-04,1
dcN9tuua,2025-06-07,1
dcN9tuua,2025-06-11,1
dcN9tuua,2025-06-16,1
dd9zANoY,2025-05-25,1
ddNckQyN,2025-06-12,1
ddZtUpMh,2025-08-27,1
ddZtUpMh,2025-08-28,1
ddZtUpMh,2025-09-01,1
ddZtUpMh,2025-09-03,2
ddwXyCz2,2025-04-09,1
de3GRfHr,2026-03-13,1
de9muuTY,2026-08-18,1
de9muuTY,2026-08-19,1
de9muuTY,2026-08-20,1
de9muuTY,2026-08-21,1
de9muuTY,2026-08-22,2
de9muuTY,2026-08-23,1
de9muuTY,2026-08-25,1
de9muuTY,2026-08-28,1
de9muuTY,2026-08-29,2
de9muuTY,2026-08-30,2
de9muuTY,2026-09-01,1
de9muuTY,2026-09-04,1
de9muuTY,2026-09-05,1
de9muuTY,2026-09-06,1
de9muuTY,2026-09-07,1
de9muuTY,2026-09-08,2
de9muuTY,2026-09-12,1
de9muuTY,2026-09-13,1
de9muuTY,2026-09-14,1
de9muuTY,2026-09-15,1
de9muuTY,2026-09-16,1
de9muuTY,2026-09-17,1
de9muuTY,2026-09-18,3
de9muuTY,2026-09-19,1
de9muuTY,2026-09-21,2
deYBrge0,2025-07-12,1
dfBxoGX4,2025-06-01,1
dgALVIUS,2026-08-07,1
dgPe6zer,2025-06-15,1
dgPe6zer,2025-06-17,1
dgPe6zer,2025-06-24,1
dhCaYbLl,2026-01-17,1
diNeilR2,2025-07-18,1
dinnMysS,2025-02-27,1
djLqLY56,2025-09-13,3
djcXLISA,2025-09-26,1
dlG7t16c,2026-08-18,1
dlG7t16c,2026-08-20,2
dlG7t16c,2026-08-23,4
dlG7t16c,2026-08-24,2
dlG7t16c,2026-08-26,1
dlG7t16c,2026-08-29,1
dlG7t16c,2026-08-30,5
dlG7t16c,2026-08-31,1
dlG7t16c,2026-09-02,2
dlG7t16c,2026-09-03,2
dlG7t16c,2026-09-04,2
dlG7t16c,2026-09-05,3
dlG7t16c,2026-09-07,1
dlG7t16c,2026-09-08,4
dlG7t16c,2026-09-09,1
dlG7t16c,2026-09-12,1
dlG7t16c,2026-09-13,2
dlG7t16c,2026-09-14,1
dlG7t16c,2026-09-15,4
dlG7t16c,2026-09-16,3
dlG7t16c,2026-09-17,2
dlG7t16c,2026-09-18,4
dlG7t16c,2026-09-19,3
dlG7t16c,2026-09-20,2
dleAFSGB,2025-04-30,1
dleAFSGB,2025-05-13,1
dlebUpT9,2025-09-02,1
dlv1se0V,2025-03-23,1
dlzZi8Zq,2026-04-17,1
dmJAc8Ul,2026-08-21,2
dmJAc8Ul,2026-09-16,1
dmJAc8Ul,2026-09-17,1
dmJAc8Ul,2026-09-19,4
dnGXiXwy,2025-03-22,2
dnGXiXwy,2025-03-24,1
dnZWPDTv,2025-05-27,1
dnavokqn,2026-08-19,1
dnavokqn,2026-08-28,1
dnavokqn,2026-09-06,1
dnavokqn,2026-09-10,1
dnavokqn,2026-09-11,1
dnavokqn,2026-09-13,2
dnavokqn,2026-09-15,1
dnavokqn,2026-09-19,3
dnavokqn,2026-09-20,1
dnqNbBK5,2026-09-05,1
dnqNbBK5,2026-09-18,1
dnqNbBK5,2026-09-19,1
dnqNbBK5,2026-09-20,3
dqLEAv1w,2025-09-07,2
dqLEAv1w,2025-09-09,1
dqMa45uQ,2026-08-23,2
dqMa45uQ,2026-08-28,1
dqMa45uQ,2026-08-29,2
dqMa45uQ,2026-08-30,1
dqMa45uQ,2026-08-31,3
dqMa45uQ,2026-09-02,2
dqMa45uQ,2026-09-03,3
dqMa45uQ,2026-09-05,7
dqMa45uQ,2026-09-06,6
dqMa45uQ,2026-09-07,2
dqMa45uQ,2026-09-08,1
dqMa45uQ,2026-09-09,4
dqMa45uQ,2026-09-10,25
dqMa45uQ,2026-09-11,3
dqMa45uQ,2026-09-12,8
dqMa45uQ,2026-09-13,4
dqMa45uQ,2026-09-14,3
dqMa45uQ,2026-09-15,1
dqMa45uQ,2026-09-16,1
dqMa45uQ,2026-09-17,4
dqMa45uQ,2026-09-18,3
dqMa45uQ,2026-09-19,15
dqMa45uQ,2026-09-20,23
dqMa45uQ,2026-09-21,9
dqvQnJuU,2025-10-12,1
dr1UDUQg,2026-08-02,1
drUoo0u7,2026-02-07,1
drUoo0u7,2026-02-08,2
drUoo0u7,2026-02-13,1
drUoo0u7,2026-02-19,1
drUoo0u7,2026-02-23,1
drfn7wk4,2025-11-29,1
drfn7wk4,2025-12-12,1
duPwAhlb,2026-09-21,16
dv0drwKF,2026-07-20,3
dv0drwKF,2026-08-02,1
dv0drwKF,2026-08-03,1
dv0drwKF,2026-08-05,3
dv0drwKF,2026-08-07,1
dvMo3qYX,2026-08-18,1
dvMo3qYX,2026-08-29,4
dvMo3qYX,2026-08-30,2
dvMo3qYX,2026-09-01,2
dvMo3qYX,2026-09-02,1
dvMo3qYX,2026-09-03,1
dvMo3qYX,2026-09-05,1
dvMo3qYX,2026-09-08,1
dvMo3qYX,2026-09-10,2
dvMo3qYX,2026-09-15,2
dvMo3qYX,2026-09-18,2
dvMo3qYX,2026-09-19,3
dvMo3qYX,2026-09-20,1
dvR0jEgQ,2026-06-25,1
dvR0jEgQ,2026-07-08,1
dvR0jEgQ,2026-07-14,1
dxdeN6OD,2025-02-24,1
dxdeN6OD,2025-02-28,1
dyGF08QF,2026-07-17,1
dyGF08QF,2026-07-20,1
dyGF08QF,2026-07-21,1
dzUpGltf,2025-11-05,1
e00PQ9FJ,2026-04-16,1
e00PQ9FJ,2026-05-12,1
e07lpUpl,2025-09-25,2
e07lpUpl,2025-09-26,1
e0OIs7BI,2025-09-25,1
e0OIs7BI,2025-09-27,2
e0vVU0Sk,2025-03-01,1
e11AVXbb,2026-05-05,1
e11AVXbb,2026-05-06,1
e11AVXbb,2026-05-11,1
e11AVXbb,2026-05-14,1
e1CzER2U,2026-03-23,1
e1CzER2U,2026-03-24,2
e1CzER2U,2026-03-25,1
e1CzER2U,2026-03-29,4
e1CzER2U,2026-04-01,3
e1CzER2U,2026-04-03,1
e1CzER2U,2026-04-04,1
e1CzER2U,2026-04-05,2
e1CzER2U,2026-04-06,1
e1CzER2U,2026-04-08,1
e1CzER2U,2026-04-09,1
e1CzER2U,2026-04-10,3
e1CzER2U,2026-04-11,1
e1CzER2U,2026-04-14,1
e1qTz50h,2026-02-05,2
e2bUDK0h,2025-05-28,1
e2bUDK0h,2025-06-04,2
e2bUDK0h,2025-06-05,1
e2hwm1de,2025-12-10,1
e3Wvw4il,2024-12-26,1
e4CxRpMX,2025-08-26,1
e4CxRpMX,2025-08-27,2
e4CxRpMX,2025-09-04,2
e4XKHrJh,2025-01-13,1
e4XKHrJh,2025-01-18,1
e4XKHrJh,2025-02-02,1
e5P0OyLu,2025-08-07,1
e5P0OyLu,2025-08-10,1
e5P0OyLu,2025-08-11,6
e5P0OyLu,2025-08-12,1
e5P0OyLu,2025-08-13,1
e5P0OyLu,2025-08-16,2
e5P0OyLu,2025-08-18,1
e5P0OyLu,2025-08-20,1
e5P0OyLu,2025-08-22,2
e5P0OyLu,2025-08-23,1
e5P0OyLu,2025-08-24,1
e5TsmwBU,2026-05-15,1
e5TsmwBU,2026-05-27,1
e5TsmwBU,2026-06-01,1
e5TsmwBU,2026-06-11,1
e5TsmwBU,2026-06-21,1
e5kjPJ5G,2026-03-25,1
e5mGfRBT,2026-01-01,2
e5mGfRBT,2026-01-09,1
e5mGfRBT,2026-01-10,1
e5vB3wh5,2026-04-18,1
e5vB3wh5,2026-04-19,2
e5vB3wh5,2026-04-25,1
e5vB3wh5,2026-04-26,1
e5vB3wh5,2026-04-28,1
e5vB3wh5,2026-04-30,1
e5vB3wh5,2026-05-01,1
e5vB3wh5,2026-05-02,2
e5vB3wh5,2026-05-03,1
e5vB3wh5,2026-05-10,1
e6HhTmrA,2025-05-22,1
e6TMl5PA,2025-03-05,1
e6WAbJFC,2026-08-26,1
e6WAbJFC,2026-09-20,1
e6xrv0XO,2026-03-07,1
e6xrv0XO,2026-03-19,1
e7HN0NfM,2026-08-13,1
e7QtYlbR,2025-03-07,1
e7WUG3X2,2025-01-01,1
e7WUG3X2,2025-01-20,1
e7WUG3X2,2025-01-21,2
e7WUG3X2,2025-01-23,1
e7WUG3X2,2025-01-26,1
e8NudUFm,2024-12-31,1
e8NudUFm,2025-01-29,1
e9Hq28RJ,2025-01-03,1
e9Hq28RJ,2025-01-11,1
e9Hq28RJ,2025-02-03,46
e9Hq28RJ,2025-02-05,9
e9Pg8QpF,2025-05-07,1
e9p0wajn,2025-04-06,2
e9p0wajn,2025-04-11,1
e9tqTYZG,2026-08-30,1
e9tqTYZG,2026-09-21,1
eA9uRavc,2024-12-26,9
eA9uRavc,2024-12-27,5
eA9uRavc,2024-12-29,1
eACYA7kt,2026-04-13,2
eAm3CByE,2026-07-25,2
eAm3CByE,2026-07-26,2
eAm3CByE,2026-07-27,1
eAm3CByE,2026-07-29,1
eAm3CByE,2026-08-01,1
eAm3CByE,2026-08-14,1
eAm3CByE,2026-08-17,1
eAs4CtGF,2025-12-28,1
eAs4CtGF,2026-01-01,1
eAs4CtGF,2026-01-06,1
eB16aXmK,2025-11-30,2
eB16aXmK,2025-12-05,1
eB16aXmK,2025-12-09,1
eB16aXmK,2025-12-16,1
eB16aXmK,2025-12-20,1
eB16aXmK,2025-12-24,1
eB16aXmK,2025-12-25,1
eB5hSpPM,2025-12-08,2
eB5hSpPM,2025-12-24,1
eBWH4DlG,2025-12-16,2
eBWH4DlG,2025-12-25,1
eBWH4DlG,2025-12-26,1
eBWH4DlG,2025-12-27,2
eBY32Frs,2026-02-27,2
eBY32Frs,2026-03-11,1
eC2DIRr8,2025-08-26,1
eC2DIRr8,2025-08-29,1
eC2DIRr8,2025-08-31,2
eC2DIRr8,2025-09-01,1
eC2DIRr8,2025-09-05,1
eC8czKqJ,2026-06-23,1
eCANpHm0,2025-11-29,1
eCANpHm0,2025-11-30,2
eCANpHm0,2025-12-04,1
eCANpHm0,2025-12-08,1
eCANpHm0,2025-12-12,1
eCANpHm0,2025-12-14,2
eCANpHm0,2025-12-15,1
eCANpHm0,2025-12-20,2
eCANpHm0,2025-12-24,2
eDElD1S9,2025-08-31,1
eDUi7zzX,2025-12-06,3
eDgPPYHT,2025-02-18,1
eE7gckvz,2026-05-15,2
eE7gckvz,2026-05-16,1
eE7gckvz,2026-05-18,1
eE7gckvz,2026-05-27,1
eE7gckvz,2026-06-02,3
eFwsJty3,2025-07-14,1
eFysrF6S,2025-10-17,1
eFysrF6S,2025-10-31,5
eGa3DGMk,2025-10-08,1
eGa3DGMk,2025-10-09,1
eIBzJL9X,2025-03-03,1
eIZr7tdW,2025-11-05,1
eIZr7tdW,2025-11-08,1
eIZr7tdW,2025-11-09,1
eIZr7tdW,2025-11-15,3
eIZr7tdW,2025-11-17,1
eJ7ysVZx,2024-12-31,2
eJ7ysVZx,2025-01-01,1
eJ7ysVZx,2025-01-02,2
eJ7ysVZx,2025-01-03,1
eJ7ysVZx,2025-01-04,3
eJ7ysVZx,2025-01-05,3
eJ7ysVZx,2025-01-06,1
eJ7ysVZx,2025-01-09,3
eJ7ysVZx,2025-01-12,2
eJ7ysVZx,2025-01-20,2
eJ7ysVZx,2025-01-21,2
eJ7ysVZx,2025-01-22,1
eJ7ysVZx,2025-01-24,1
eJ7ysVZx,2025-01-25,2
eJ7ysVZx,2025-01-26,2
eJ7ysVZx,2025-01-28,1
eJ7ysVZx,2025-01-29,1
eJ7ysVZx,2025-01-31,1
eJ7ysVZx,2025-02-01,1
eJ7ysVZx,2025-02-03,1
eJMPpxLc,2025-03-11,1
eJYu3yHM,2025-04-02,1
eK39Bznx,2025-01-23,1
eKHyENZ9,2025-02-14,1
eKr5VBjh,2025-12-04,1
eKr5VBjh,2025-12-10,1
eKr5VBjh,2025-12-18,1
eL5yZ4mE,2024-12-29,5
eL96dPky,2025-12-01,1
eL96dPky,2025-12-08,1
eL96dPky,2025-12-11,1
eL96dPky,2025-12-13,1
eMGk4pCD,2025-03-02,1
eMkMwLoV,2025-09-09,1
eNyimBQv,2025-02-12,1
eNyimBQv,2025-02-13,1
eON02GBV,2025-08-27,1
eORd1C2X,2026-09-16,1
eORd1C2X,2026-09-20,1
eOtxdE10,2026-02-17,1
eOtxdE10,2026-02-23,1
eP3J4idE,2024-12-26,1
ePnQVVca,2026-03-19,2
eQ6HMoZq,2026-04-21,1
eQbkiB3X,2025-06-30,1
eQbkiB3X,2025-07-02,1
eQbkiB3X,2025-07-04,1
eQbkiB3X,2025-07-09,1
eQbkiB3X,2025-07-13,4
eRKbo5w2,2026-05-16,1
eRKbo5w2,2026-05-24,8
eRKbo5w2,2026-05-25,1
eRKbo5w2,2026-05-26,1
eRKbo5w2,2026-05-27,2
eRKbo5w2,2026-05-28,1
eRKbo5w2,2026-05-29,3
eRKbo5w2,2026-05-30,2
eRKbo5w2,2026-05-31,1
eRKbo5w2,2026-06-01,2
eRKbo5w2,2026-06-02,1
eRKbo5w2,2026-06-04,3
eRKbo5w2,2026-06-05,2
eRKbo5w2,2026-06-06,1
eRKbo5w2,2026-06-08,1
eRKbo5w2,2026-06-10,3
eRKbo5w2,2026-06-11,2
eRKbo5w2,2026-06-13,1
eRKbo5w2,2026-06-14,1
eRKbo5w2,2026-06-15,1
eRKbo5w2,2026-06-17,1
eRKbo5w2,2026-06-18,1
eRKbo5w2,2026-06-19,3
eRKbo5w2,2026-06-20,1
eRKbo5w2,2026-06-21,2
eRKbo5w2,2026-06-22,1
eRoo4lA2,2025-12-31,1
eRoo4lA2,2026-01-01,3
eRoo4lA2,2026-01-02,1
eRoo4lA2,2026-01-03,1
eRoo4lA2,2026-01-09,3
eRoo4lA2,2026-01-10,1
eRoo4lA2,2026-01-11,2
eRoo4lA2,2026-01-16,1
eRoo4lA2,2026-01-18,3
eRoo4lA2,2026-01-19,1
eRoo4lA2,2026-01-23,2
eRoo4lA2,2026-01-27,1
eRoo4lA2,2026-01-28,2
eRoo4lA2,2026-01-30,1
eRoo4lA2,2026-02-01,1
eRoo4lA2,2026-02-02,1
eS3akGBs,2024-12-31,1
eS3akGBs,2025-01-03,1
eS3akGBs,2025-01-05,1
eS3akGBs,2025-01-09,2
eS3akGBs,2025-01-23,1
eS3akGBs,2025-01-28,2
eS3akGBs,2025-01-29,1
eS3akGBs,2025-01-30,1
eS3akGBs,2025-02-04,1
eS3akGBs,2025-02-05,1
eS7EO4o6,2025-07-07,2
eS7EO4o6,2025-07-09,1
eS7EO4o6,2025-07-11,1
eSGdgUYQ,2026-06-27,2
eSKJqDW8,2026-02-15,1
eT9JRJFT,2025-04-06,1
eT9JRJFT,2025-04-07,2
eT9JRJFT,2025-04-08,1
eT9JRJFT,2025-04-09,1
eT9JRJFT,2025-04-11,2
eTXsHLDW,2025-06-16,1
eTscpof5,2025-04-25,1
eUI17UDR,2026-05-15,2
eUI17UDR,2026-05-16,3
eUI17UDR,2026-05-18,2
eUI17UDR,2026-05-19,1
eUI17UDR,2026-05-25,1
eUI17UDR,2026-05-27,1
eUI17UDR,2026-05-28,1
eUI17UDR,2026-05-29,2
eUI17UDR,2026-05-30,2
eUI17UDR,2026-06-01,1
eUI17UDR,2026-06-06,1
eUI17UDR,2026-06-21,1
eUXeCKB3,2025-09-06,1
eUXeCKB3,2025-09-07,1
eUXeCKB3,2025-09-12,2
eUXeCKB3,2025-09-13,1
eW3OxvCp,2025-08-31,1
eW3OxvCp,2025-09-01,1
eWCeBRLj,2025-10-05,1
eWCeBRLj,2025-10-06,3
eWCeBRLj,2025-10-09,1
eWFGWnQ6,2025-11-26,1
eWFGWnQ6,2025-11-27,2
eWFGWnQ6,2025-11-28,2
eX5egGZa,2025-12-09,1
eX5egGZa,2025-12-14,2
eX7PjdO3,2026-09-20,1
eXXyU11y,2025-03-16,1
eXcnQUmu,2025-10-15,1
eY58Mbob,2026-07-21,1
eY58Mbob,2026-07-26,1
eY58Mbob,2026-08-04,1
eY58Mbob,2026-08-06,1
eY58Mbob,2026-08-07,1
eY58Mbob,2026-08-14,1
eYikcXfX,2026-08-13,1
eZ2NmnHf,2025-03-07,1
eZwpMEWr,2025-08-30,1
ebIkOF5a,2026-03-14,1
ebRQGxlD,2025-11-20,1
ebRQGxlD,2025-11-25,1
ebzLW94u,2026-08-19,1
ebzLW94u,2026-08-24,1
ebzLW94u,2026-09-01,3
ebzLW94u,2026-09-12,3
ebzLW94u,2026-09-16,2
ebzLW94u,2026-09-17,2
ecVJ5lkE,2026-05-30,5
ee8bapia,2026-09-01,2
ee8bapia,2026-09-13,1
eelvm5BD,2025-09-14,1
eevBIvir,2025-02-26,1
eevBIvir,2025-02-27,2
ef8mvLDK,2026-07-20,1
ef8mvLDK,2026-07-26,1
ef8mvLDK,2026-07-31,1
ef8mvLDK,2026-08-04,1
ef8mvLDK,2026-08-10,2
ef8mvLDK,2026-08-13,2
ef8mvLDK,2026-08-18,1
egNjMkyE,2026-03-23,1
egNjMkyE,2026-03-25,1
ehyMW7AB,2025-02-07,1
eiC6gUm6,2026-03-24,1
eiC6gUm6,2026-04-02,1
eiC6gUm6,2026-04-05,1
eiC6gUm6,2026-04-06,1
eiC6gUm6,2026-04-11,1
eiQNejIx,2026-09-11,1
eiQNejIx,2026-09-13,1
eiQNejIx,2026-09-16,1
eiQNejIx,2026-09-18,2
eiQNejIx,2026-09-19,3
eiQNejIx,2026-09-20,3
eicgrnHG,2025-03-29,2
eicgrnHG,2025-04-03,4
eicgrnHG,2025-04-05,1
eieTiK5M,2025-08-16,1
ej1stihM,2025-11-15,1
ek1I8Tmb,2025-02-10,2
ekCtFtam,2025-11-15,6
ekCtFtam,2025-11-16,1
ekCtFtam,2025-11-17,1
emTncATc,2025-09-08,1
enW6J7LL,2025-11-29,1
enW6J7LL,2025-11-30,1
enW6J7LL,2025-12-01,1
enW6J7LL,2025-12-05,1
enW6J7LL,2025-12-07,1
enW6J7LL,2025-12-14,1
enW6J7LL,2025-12-21,1
enW6J7LL,2025-12-27,2
enhijmJy,2026-04-17,1
enhijmJy,2026-04-18,6
enhijmJy,2026-04-19,1
enhijmJy,2026-04-20,1
enhijmJy,2026-04-21,2
enhijmJy,2026-04-22,1
enhijmJy,2026-04-23,2
enhijmJy,2026-04-24,1
enhijmJy,2026-04-25,1
enhijmJy,2026-04-26,6
enhijmJy,2026-04-27,1
enhijmJy,2026-04-28,3
enhijmJy,2026-04-29,1
enhijmJy,2026-04-30,2
enhijmJy,2026-05-02,1
enhijmJy,2026-05-03,1
enhijmJy,2026-05-04,1
enhijmJy,2026-05-05,2
enhijmJy,2026-05-06,2
enhijmJy,2026-05-07,1
enhijmJy,2026-05-08,1
enhijmJy,2026-05-09,1
enhijmJy,2026-05-10,1
enhijmJy,2026-05-11,1
enhijmJy,2026-05-12,3
enhijmJy,2026-05-13,6
enhijmJy,2026-05-14,1
enhijmJy,2026-05-15,1
eoMxvMTr,2025-03-10,2
eoMxvMTr,2025-03-14,1
eoMxvMTr,2025-03-15,1
eoMxvMTr,2025-03-18,3
eoMxvMTr,2025-03-19,1
epoOeyfI,2025-02-08,1
eprjj8eY,2025-12-27,1
erbECePM,2025-08-28,2
erbECePM,2025-09-01,1
erpCXEXn,2025-02-16,1
erpCXEXn,2025-02-18,1
erpV6tdq,2025-08-08,1
erpV6tdq,2025-08-10,1
erstnt7r,2025-07-02,1
ervrZY7Y,2026-02-15,1
ervrZY7Y,2026-02-16,1
ervrZY7Y,2026-02-26,1
esEzaMJK,2025-12-20,1
etUxbhfQ,2025-10-19,1
euiQ0O1o,2025-03-31,1
euiQ0O1o,2025-04-02,1
eukabrGK,2026-09-09,1
eukabrGK,2026-09-15,1
eukabrGK,2026-09-18,1
eukabrGK,2026-09-20,2
eukabrGK,2026-09-21,2
evDY9Bk5,2025-11-10,1
evDY9Bk5,2025-11-14,3
evDY9Bk5,2025-11-15,1
evFFAPe7,2026-09-13,1
ew9FOsdq,2025-05-13,3
ew9FOsdq,2025-05-14,1
ewCb8Q2l,2025-02-18,2
ewI2WLNC,2026-04-16,1
ewI2WLNC,2026-05-02,1
ewI2WLNC,2026-05-06,1
ewI2WLNC,2026-05-12,1
ewTsEDwg,2026-03-13,1
ewt8LNyN,2025-11-30,2
ewt8LNyN,2025-12-01,2
ewt8LNyN,2025-12-02,1
ewt8LNyN,2025-12-03,4
ewt8LNyN,2025-12-04,1
ewt8LNyN,2025-12-05,1
ewt8LNyN,2025-12-06,3
ewt8LNyN,2025-12-07,1
ewt8LNyN,2025-12-08,1
ewt8LNyN,2025-12-09,2
ewt8LNyN,2025-12-10,3
ewt8LNyN,2025-12-11,3
ewt8LNyN,2025-12-12,1
ewt8LNyN,2025-12-13,2
ewt8LNyN,2025-12-14,1
ewt8LNyN,2025-12-15,2
ewt8LNyN,2025-12-17,1
ewt8LNyN,2025-12-18,2
ewt8LNyN,2025-12-19,4
ewt8LNyN,2025-12-20,1
ewt8LNyN,2025-12-21,1
ewt8LNyN,2025-12-22,1
ewt8LNyN,2025-12-23,4
ewt8LNyN,2025-12-24,19
ewt8LNyN,2025-12-25,1
ewt8LNyN,2025-12-26,2
ewt8LNyN,2025-12-27,2
ewt8LNyN,2025-12-28,1
exJu5kHV,2025-02-09,2
exJu5kHV,2025-02-13,1
exWxrSFu,2026-06-24,1
exjCQHGZ,2026-07-26,1
exjCQHGZ,2026-07-30,1
exjCQHGZ,2026-07-31,1
exjCQHGZ,2026-08-02,1
exjCQHGZ,2026-08-04,1
exzwLVej,2025-08-08,1
exzwLVej,2025-08-12,1
exzwLVej,2025-08-19,1
exzwLVej,2025-08-23,2
exzwLVej,2025-08-24,1
eycpWM8a,2026-09-13,1
eycpWM8a,2026-09-14,2
eycpWM8a,2026-09-15,1
eycpWM8a,2026-09-19,1
eycpWM8a,2026-09-20,1
eycpWM8a,2026-09-21,1
f0FZtyOA,2026-03-20,1
f0aZKykg,2026-07-26,2
f0aZKykg,2026-08-06,1
f1ESDDDB,2025-05-02,1
f1ESDDDB,2025-05-05,1
f1ESDDDB,2025-05-09,1
f1ESDDDB,2025-05-11,1
f1ESDDDB,2025-05-13,1
f1MePnvs,2025-06-03,1
f1MePnvs,2025-06-05,1
f1MePnvs,2025-06-06,1
f1MePnvs,2025-06-09,3
f1MePnvs,2025-06-11,1
f1rZD5wp,2025-11-19,1
f1vp7HXl,2025-11-18,1
f1vp7HXl,2025-11-19,1
f1vp7HXl,2025-11-21,1
f1vp7HXl,2025-11-22,1
f1vp7HXl,2025-11-23,1
f24iSm7D,2025-03-20,1
f24iSm7D,2025-03-25,4
f2bJKwxh,2025-12-26,1
f2rxTjfu,2026-06-29,1
f35n4zB9,2025-06-29,1
f3BIJz8D,2025-07-25,1
f4CUVSaa,2025-03-20,8
f4CUVSaa,2025-03-22,13
f4CUVSaa,2025-03-23,1
f4CUVSaa,2025-03-24,2
f4s87X18,2025-09-02,1
f5FT6jhb,2024-12-29,4
f5FT6jhb,2025-01-28,1
f5FT6jhb,2025-02-03,2
f6qZH6Za,2026-01-20,1
f6t9U8bz,2025-11-11,1
f7N1Qz1S,2025-08-31,1
f7XKzMRP,2026-02-27,1
f7XKzMRP,2026-02-28,2
f7XKzMRP,2026-03-01,2
f7XKzMRP,2026-03-02,9
f7XKzMRP,2026-03-03,2
f7XKzMRP,2026-03-04,1
f7XKzMRP,2026-03-05,2
f7XKzMRP,2026-03-06,1
f7XKzMRP,2026-03-07,1
f7XKzMRP,2026-03-08,2
f7XKzMRP,2026-03-09,1
f7XKzMRP,2026-03-10,5
f7XKzMRP,2026-03-11,3
f7XKzMRP,2026-03-12,3
f7XKzMRP,2026-03-13,5
f7XKzMRP,2026-03-14,3
f7XKzMRP,2026-03-15,3
f7XKzMRP,2026-03-16,3
f7XKzMRP,2026-03-17,1
f7XKzMRP,2026-03-18,1
f7XKzMRP,2026-03-19,1
f7XKzMRP,2026-03-20,3
f7XKzMRP,2026-03-21,4
f7XKzMRP,2026-03-22,1
f7XKzMRP,2026-03-23,2
f88maENa,2026-03-07,1
f9cEO2o3,2025-03-12,1
fA8oEA6A,2025-02-08,1
fAW6ROQz,2025-06-04,1
fArotC5V,2026-09-08,1
fArotC5V,2026-09-12,1
fArotC5V,2026-09-19,3
fBJonKai,2026-09-15,1
fBeAfWVL,2025-05-14,1
fBuByqM5,2025-09-08,1
fBuByqM5,2025-09-09,1
fBuByqM5,2025-09-10,1
fBxNLcR4,2026-07-20,1
fBxNLcR4,2026-07-23,1
fBxNLcR4,2026-07-28,1
fBxNLcR4,2026-08-01,1
fBxNLcR4,2026-08-06,1
fBxNLcR4,2026-08-16,1
fCRLWrmJ,2025-12-19,1
fCibfOq5,2025-04-15,3
fCibfOq5,2025-04-17,2
fCibfOq5,2025-04-18,3
fCibfOq5,2025-04-19,2
fCibfOq5,2025-04-20,3
fCibfOq5,2025-04-21,1
fCibfOq5,2025-04-22,1
fCibfOq5,2025-04-25,1
fCibfOq5,2025-04-26,2
fCibfOq5,2025-04-27,5
fCibfOq5,2025-04-28,1
fCibfOq5,2025-04-29,3
fCshAZoU,2026-06-24,2
fCshAZoU,2026-06-25,1
fDSOVAtM,2025-07-07,1
fEFCfsSe,2026-07-17,1
fEFCfsSe,2026-07-20,1
fEFCfsSe,2026-07-21,1
fEFCfsSe,2026-07-25,1
fEcGYPdX,2025-11-02,1
fEq8rKpu,2026-03-28,1
fFZjF1TC,2026-07-18,1
fFZjF1TC,2026-07-19,1
fFZjF1TC,2026-07-20,1
fFZjF1TC,2026-08-08,1
fFZjF1TC,2026-08-10,1
fGFtR9BC,2025-02-15,3
fGFtR9BC,2025-02-19,1
fGPmFRxC,2025-08-26,3
fGPmFRxC,2025-08-28,3
fGPmFRxC,2025-09-01,1
fGPmFRxC,2025-09-03,1
fGPmFRxC,2025-09-04,3
fH317R0e,2024-12-28,1
fH317R0e,2025-01-21,1
fH317R0e,2025-01-28,2
fH317R0e,2025-02-01,1
fHR9cGj8,2026-06-02,1
fHR9cGj8,2026-06-04,1
fHR9cGj8,2026-06-09,1
fHR9cGj8,2026-06-14,1
fHR9cGj8,2026-06-22,1
fHRjAkkE,2025-07-30,3
fHRjAkkE,2025-07-31,2
fHRjAkkE,2025-08-05,5
fHRjAkkE,2025-08-06,2
fHZbv804,2026-08-26,1
fHZbv804,2026-08-30,1
fHZbv804,2026-09-03,1
fHZbv804,2026-09-04,3
fHZbv804,2026-09-12,1
fHZbv804,2026-09-17,4
fHZbv804,2026-09-18,2
fHZbv804,2026-09-19,11
fHZbv804,2026-09-20,6
fHZbv804,2026-09-21,7
fIRe26Ps,2025-04-29,1
fIhdn2a9,2025-02-17,1
fIhdn2a9,2025-02-18,1
fIimCvOp,2025-03-01,1
fIimCvOp,2025-03-07,1
fIimCvOp,2025-03-08,1
fJoaVzHV,2025-09-28,1
fK1v6FkU,2025-08-27,5
fLd8GWhC,2026-07-18,1
fLd8GWhC,2026-07-21,1
fLspZThs,2026-08-18,1
fLspZThs,2026-08-23,1
fLspZThs,2026-09-16,1
fMbIKyZF,2025-07-12,2
fNMIW0QU,2025-04-06,1
fNUaIZsn,2026-08-20,1
fNUaIZsn,2026-08-22,1
fNUaIZsn,2026-08-24,2
fNUaIZsn,2026-08-27,3
fNUaIZsn,2026-08-28,2
fNUaIZsn,2026-08-31,2
fNUaIZsn,2026-09-01,1
fNUaIZsn,2026-09-02,5
fNUaIZsn,2026-09-03,2
fNUaIZsn,2026-09-04,3
fNUaIZsn,2026-09-06,4
fNUaIZsn,2026-09-07,2
fNUaIZsn,2026-09-08,3
fNUaIZsn,2026-09-11,2
fNUaIZsn,2026-09-12,6
fNUaIZsn,2026-09-13,3
fNUaIZsn,2026-09-14,4
fNUaIZsn,2026-09-15,2
fNUaIZsn,2026-09-16,2
fNUaIZsn,2026-09-17,4
fNUaIZsn,2026-09-18,5
fNUaIZsn,2026-09-19,9
fNUaIZsn,2026-09-20,9
fNUaIZsn,2026-09-21,9
fNrrFAWY,2026-03-23,1
fNrrFAWY,2026-03-24,1
fNrrFAWY,2026-03-27,1
fNrrFAWY,2026-03-29,2
fNrrFAWY,2026-03-30,10
fNrrFAWY,2026-03-31,2
fNrrFAWY,2026-04-02,1
fNrrFAWY,2026-04-04,4
fNrrFAWY,2026-04-09,2
fNrrFAWY,2026-04-10,2
fOAuy15i,2025-05-19,1
fOAuy15i,2025-05-24,1
fOAuy15i,2025-05-26,1
fOOLHIFe,2026-05-15,1
fOOLHIFe,2026-05-16,2
fOOLHIFe,2026-05-17,2
fOOLHIFe,2026-05-18,2
fOOLHIFe,2026-05-19,1
fOOLHIFe,2026-05-20,1
fOOLHIFe,2026-05-21,2
fOOLHIFe,2026-05-22,2
fOOLHIFe,2026-05-24,2
fOOLHIFe,2026-05-26,1
fOOLHIFe,2026-05-28,1
fOOLHIFe,2026-05-30,1
fOOLHIFe,2026-05-31,1
fOOLHIFe,2026-06-02,2
fOOLHIFe,2026-06-07,2
fOOLHIFe,2026-06-09,1
fOOLHIFe,2026-06-14,4
fOOLHIFe,2026-06-16,1
fOOLHIFe,2026-06-20,4
fOOLHIFe,2026-06-21,2
fOocvxgG,2026-08-20,1
fOocvxgG,2026-09-01,1
fOocvxgG,2026-09-07,1
fOocvxgG,2026-09-10,1
fOocvxgG,2026-09-12,1
fOocvxgG,2026-09-19,1
fOocvxgG,2026-09-21,1
fPJiy9ik,2026-01-05,1
fPJiy9ik,2026-01-12,1
fPfNEULd,2025-05-19,1
fPtEH975,2026-07-17,2
fPtEH975,2026-07-30,1
fPtEH975,2026-08-07,1
fPtEH975,2026-08-09,1
fPtEH975,2026-08-10,1
fPtEH975,2026-08-13,1
fQMGw79E,2025-02-06,1
fQMGw79E,2025-02-07,1
fR8L7WtO,2025-03-03,1
fRU2amsp,2026-08-13,1
fRmBT9in,2025-08-07,1
fRmBT9in,2025-08-08,1
fRmBT9in,2025-08-11,1
fRmBT9in,2025-08-17,6
fRmBT9in,2025-08-18,2
fRmBT9in,2025-08-21,1
fRmBT9in,2025-08-23,1
fRmBT9in,2025-08-24,1
fS8QkD9X,2025-02-04,21
fSPIKtBk,2026-02-06,3
fSPIKtBk,2026-02-10,1
fSPIKtBk,2026-02-12,1
fSPIKtBk,2026-02-19,1
fSPIKtBk,2026-02-22,1
fT0gteRl,2025-06-01,1
fT0gteRl,2025-06-06,1
fTJBzSAR,2026-06-23,4
fTJBzSAR,2026-06-25,1
fTJBzSAR,2026-06-26,2
fTJBzSAR,2026-06-27,1
fTJBzSAR,2026-06-29,1
fTJBzSAR,2026-07-03,1
fTJBzSAR,2026-07-05,1
fTJBzSAR,2026-07-06,2
fTJBzSAR,2026-07-07,1
fTJBzSAR,2026-07-08,2
fTJBzSAR,2026-07-09,3
fTJBzSAR,2026-07-10,3
fTJBzSAR,2026-07-11,1
fTJBzSAR,2026-07-13,1
fTJBzSAR,2026-07-14,1
fTJBzSAR,2026-07-15,1
fTjv82qd,2025-10-04,1
fU7deuhV,2024-12-27,1
fVBpqW2b,2025-07-17,1
fVBpqW2b,2025-07-21,1
fVBpqW2b,2025-07-25,1
fVHIbKrd,2025-06-02,1
fWRAXhbO,2025-10-01,3
fWRAXhbO,2025-10-11,1
fWZ6qP6T,2026-08-18,5
fWZ6qP6T,2026-08-19,5
fWZ6qP6T,2026-08-20,1
fWZ6qP6T,2026-08-21,1
fWZ6qP6T,2026-08-23,7
fWZ6qP6T,2026-08-24,1
fWZ6qP6T,2026-08-25,4
fWZ6qP6T,2026-08-26,5
fWZ6qP6T,2026-08-27,1
fWZ6qP6T,2026-08-28,5
fWZ6qP6T,2026-08-29,6
fWZ6qP6T,2026-08-30,4
fWZ6qP6T,2026-08-31,2
fWZ6qP6T,2026-09-01,3
fWZ6qP6T,2026-09-02,3
fWZ6qP6T,2026-09-03,3
fWZ6qP6T,2026-09-04,4
fWZ6qP6T,2026-09-05,5
fWZ6qP6T,2026-09-06,4
fWZ6qP6T,2026-09-07,5
fWZ6qP6T,2026-09-08,3
fWZ6qP6T,2026-09-09,7
fWZ6qP6T,2026-09-10,2
fWZ6qP6T,2026-09-11,5
fWZ6qP6T,2026-09-12,7
fWZ6qP6T,2026-09-13,10
fWZ6qP6T,2026-09-14,8
fWZ6qP6T,2026-09-15,14
fWZ6qP6T,2026-09-16,9
fWZ6qP6T,2026-09-17,9
fWZ6qP6T,2026-09-18,7
fWZ6qP6T,2026-09-19,20
fWZ6qP6T,2026-09-20,1
fWnhB1nD,2025-10-21,1
fX4k3Jgx,2025-04-04,1
fXBSUlBB,2026-02-03,1
fXBSUlBB,2026-02-04,2
fXBSUlBB,2026-02-05,1
fXBSUlBB,2026-02-06,2
fXBSUlBB,2026-02-08,2
fXBSUlBB,2026-02-09,1
fXBSUlBB,2026-02-10,1
fXBSUlBB,2026-02-11,3
fXBSUlBB,2026-02-12,1
fXBSUlBB,2026-02-13,1
fXBSUlBB,2026-02-14,2
fXBSUlBB,2026-02-15,1
fXBSUlBB,2026-02-16,2
fXBSUlBB,2026-02-17,3
fXBSUlBB,2026-02-18,1
fXBSUlBB,2026-02-20,1
fXBSUlBB,2026-02-21,2
fXBSUlBB,2026-02-22,1
fXBSUlBB,2026-02-23,1
fXBSUlBB,2026-02-24,1
fXBSUlBB,2026-02-26,1
fXOi2c20,2026-06-23,1
fXOi2c20,2026-07-05,1
fXgyHyTT,2025-05-28,1
fXgyHyTT,2025-05-29,1
fXgyHyTT,2025-05-30,1
fXgyHyTT,2025-05-31,1
fXgyHyTT,2025-06-01,1
fXgyHyTT,2025-06-02,2
fXgyHyTT,2025-06-03,1
fXgyHyTT,2025-06-04,3
fXgyHyTT,2025-06-05,1
fXgyHyTT,2025-06-06,4
fXgyHyTT,2025-06-07,2
fXgyHyTT,2025-06-08,2
fXgyHyTT,2025-06-09,2
fXgyHyTT,2025-06-10,1
fXgyHyTT,2025-06-11,1
fXgyHyTT,2025-06-12,1
fXr7o6Zf,2026-04-29,1
fYlwKiOv,2026-04-04,1
fZ3u5j4M,2026-03-31,1
fZ3u5j4M,2026-04-09,1
fZQGNoPC,2026-06-23,1
fZQGNoPC,2026-07-06,1
fZgSBEEq,2026-04-25,1
fadtdVpT,2026-03-19,1
fbFJ7AQq,2025-10-05,1
fbiV1ObX,2025-03-29,1
fbiV1ObX,2025-04-01,2
fc22dr0k,2025-11-30,1
fc22dr0k,2025-12-08,2
fc22dr0k,2025-12-09,1
fc22dr0k,2025-12-21,5
fc22dr0k,2025-12-26,1
fckhGN1r,2026-02-08,1
fckhGN1r,2026-02-19,1
fdS0nAem,2026-06-25,1
fdS0nAem,2026-06-26,1
fdS0nAem,2026-07-01,3
fdS0nAem,2026-07-06,2
fdS0nAem,2026-07-10,1
fdS0nAem,2026-07-12,1
fdS0nAem,2026-07-16,1
fexlAfwn,2026-05-17,1
fexlAfwn,2026-05-24,1
fexlAfwn,2026-05-29,1
fexlAfwn,2026-06-03,1
fexlAfwn,2026-06-05,1
fexlAfwn,2026-06-06,2
fexlAfwn,2026-06-16,1
fexlAfwn,2026-06-17,1
fexlAfwn,2026-06-18,1
fexlAfwn,2026-06-19,1
fexlAfwn,2026-06-20,2
fgzQsacQ,2026-05-06,1
fhbetwiS,2025-11-23,2
fijHiiBS,2025-06-12,1
fjP73WjN,2025-09-13,1
fk1qh4UY,2025-02-21,1
fk1qh4UY,2025-02-22,3
fk1qh4UY,2025-02-23,1
fk1qh4UY,2025-02-24,5
fk1qh4UY,2025-02-28,1
fkzFrZ6m,2026-09-21,4
fl18ppnU,2025-07-15,1
fl18ppnU,2025-07-18,4
fl18ppnU,2025-07-25,4
fl18ppnU,2025-07-27,1
flxVvIOM,2026-08-06,1
fmHUs2To,2026-07-16,1
fmHUs2To,2026-07-17,1
fmHUs2To,2026-07-18,1
fmHUs2To,2026-07-19,1
fmHUs2To,2026-07-20,1
fmHUs2To,2026-07-21,1
fmHUs2To,2026-07-22,4
fmHUs2To,2026-07-23,1
fmHUs2To,2026-07-24,2
fmHUs2To,2026-07-25,3
fmHUs2To,2026-07-26,1
fmHUs2To,2026-07-27,2
fmHUs2To,2026-07-28,1
fmHUs2To,2026-07-29,2
fmHUs2To,2026-07-30,1
fmHUs2To,2026-07-31,1
fmHUs2To,2026-08-01,2
fmHUs2To,2026-08-02,3
fmHUs2To,2026-08-03,2
fmHUs2To,2026-08-04,1
fmHUs2To,2026-08-05,3
fmHUs2To,2026-08-06,2
fmHUs2To,2026-08-07,1
fmHUs2To,2026-08-08,3
fmHUs2To,2026-08-09,5
fmHUs2To,2026-08-10,1
fmHUs2To,2026-08-11,4
fmHUs2To,2026-08-12,2
fmHUs2To,2026-08-13,2
fmHUs2To,2026-08-14,2
fmHUs2To,2026-08-15,1
fmHUs2To,2026-08-16,1
fmHUs2To,2026-08-17,1
fmWk0Kfw,2025-11-04,5
fmWk0Kfw,2025-11-05,6
fmWk0Kfw,2025-11-06,6
fmWk0Kfw,2025-11-07,4
fmWk0Kfw,2025-11-08,3
fmWk0Kfw,2025-11-09,5
fmWk0Kfw,2025-11-10,4
fmWk0Kfw,2025-11-11,3
fmWk0Kfw,2025-11-12,3
fmWk0Kfw,2025-11-13,3
fmWk0Kfw,2025-11-14,2
fmWk0Kfw,2025-11-15,4
fmWk0Kfw,2025-11-16,4
fmWk0Kfw,2025-11-17,2
fmbKe7hz,2025-05-27,1
fmzteJsw,2026-05-20,1
fmzteJsw,2026-06-10,1
fnH6CNkD,2026-03-18,3
fonTff5G,2025-03-18,1
foncoaLD,2025-06-19,1
foncoaLD,2025-06-20,1
fqGQL4Bc,2026-07-16,1
fqGQL4Bc,2026-07-18,1
fqGQL4Bc,2026-07-20,2
fqGQL4Bc,2026-07-25,1
fqGQL4Bc,2026-07-26,1
fqGQL4Bc,2026-07-31,2
fqGQL4Bc,2026-08-01,2
fqGQL4Bc,2026-08-02,1
fqGQL4Bc,2026-08-03,2
fqGQL4Bc,2026-08-05,2
fqGQL4Bc,2026-08-07,1
fqGQL4Bc,2026-08-08,1
fqGQL4Bc,2026-08-11,5
fqGQL4Bc,2026-08-12,1
fqGQL4Bc,2026-08-14,2
fqGQL4Bc,2026-08-16,1
fqlNsu6q,2025-10-17,1
fqlNsu6q,2025-10-29,4
fqrvvCeY,2025-06-27,1
fqrvvCeY,2025-07-05,1
fqrvvCeY,2025-07-09,1
frVdRBl2,2025-10-18,1
frVdRBl2,2025-10-28,1
frXcPofv,2026-07-30,1
frXcPofv,2026-08-08,1
frXcPofv,2026-08-10,1
frXcPofv,2026-08-13,1
frXcPofv,2026-08-15,1
frZtb29T,2025-04-11,2
fsBWcIQO,2025-08-16,1
fsBWcIQO,2025-08-19,1
fsBWcIQO,2025-08-25,1
ftNAHT1c,2026-07-18,1
ftNAHT1c,2026-07-23,1
ftNAHT1c,2026-08-16,1
ftNAHT1c,2026-08-17,1
ftzRh0A3,2025-03-13,1
ftzRh0A3,2025-03-18,1
fus6Duoi,2025-06-27,2
fus6Duoi,2025-06-28,1
fus6Duoi,2025-06-30,1
fus6Duoi,2025-07-03,1
fus6Duoi,2025-07-04,1
fus6Duoi,2025-07-05,1
fus6Duoi,2025-07-07,1
fus6Duoi,2025-07-10,1
fus6Duoi,2025-07-11,1
fus6Duoi,2025-07-12,2
fus6Duoi,2025-07-13,1
fus6Duoi,2025-07-14,1
fv0pb9aW,2025-10-02,1
fvrLvntJ,2026-07-17,1
fvrLvntJ,2026-07-18,2
fvrLvntJ,2026-07-19,1
fvrLvntJ,2026-07-20,1
fvrLvntJ,2026-07-21,1
fvrLvntJ,2026-07-23,3
fvrLvntJ,2026-07-24,1
fvrLvntJ,2026-07-25,4
fvrLvntJ,2026-07-26,9
fvrLvntJ,2026-07-30,1
fvrLvntJ,2026-07-31,1
fvrLvntJ,2026-08-01,3
fvrLvntJ,2026-08-02,1
fvrLvntJ,2026-08-07,1
fvrLvntJ,2026-08-08,4
fvrLvntJ,2026-08-09,2
fvrLvntJ,2026-08-10,1
fvrLvntJ,2026-08-12,2
fvrLvntJ,2026-08-13,1
fvrLvntJ,2026-08-14,3
fvrLvntJ,2026-08-15,1
fvrLvntJ,2026-08-16,2
fx8cqCK9,2025-08-19,1
fxADZ0Ew,2026-07-12,1
fxN0LR3G,2025-10-06,1
fxbGn75J,2026-05-16,1
fxyzbxlu,2025-03-10,7
fxyzbxlu,2025-03-15,4
fxyzbxlu,2025-03-18,3
fyCO69ey,2025-02-21,1
fyCO69ey,2025-02-22,1
fyCO69ey,2025-02-25,1
fyj2IMbD,2026-05-23,1
fyj2IMbD,2026-05-24,1
fyj2IMbD,2026-05-25,2
fyj2IMbD,2026-05-30,1
fyj2IMbD,2026-06-01,1
fyj2IMbD,2026-06-08,1
fyj2IMbD,2026-06-15,1
fyj2IMbD,2026-06-17,1
fzlfNeD6,2026-02-11,1
g0Dza0bj,2025-05-12,1
g0HA9kNM,2026-03-20,1
g0Ijws8O,2026-07-16,1
g0U90XIq,2026-08-20,1
g0U90XIq,2026-09-05,1
g0U90XIq,2026-09-18,2
g0U90XIq,2026-09-19,1
g0U90XIq,2026-09-21,1
g10nHthQ,2025-11-05,1
g1BcUqY0,2024-12-26,7
g1BcUqY0,2024-12-29,1
g1BcUqY0,2024-12-31,4
g1FhDUXm,2025-10-11,1
g1O9XQEM,2025-05-20,1
g1O9XQEM,2025-05-23,1
g1QZCtPv,2025-03-11,1
g1QZCtPv,2025-03-14,1
g1QZCtPv,2025-03-17,1
g1QZCtPv,2025-03-18,2
g2EaUfNb,2025-11-07,1
g2EaUfNb,2025-11-14,4
g2EaUfNb,2025-11-15,3
g2EaUfNb,2025-11-16,2
g2EaUfNb,2025-11-17,1
g2JCxxg3,2026-03-06,1
g2JCxxg3,2026-03-18,1
g2JCxxg3,2026-03-22,1
g3DzZrR9,2024-12-31,1
g3rndXsm,2025-10-11,1
g4DX7rUM,2026-09-19,5
g4DX7rUM,2026-09-20,7
g4DX7rUM,2026-09-21,1
g4DaWC14,2025-11-12,1
g4DaWC14,2025-11-14,1
g4DaWC14,2025-11-17,1
g4R0B1ML,2026-07-24,1
g4Z54WvY,2025-05-04,1
g4Z54WvY,2025-05-05,1
g5H6eEiC,2026-09-19,2
g5H6eEiC,2026-09-20,1
g5Tl98Zq,2026-03-23,2
g5Tl98Zq,2026-03-24,1
g5Tl98Zq,2026-03-28,1
g5Tl98Zq,2026-03-29,1
g5sSb0iO,2025-03-02,1
g5sSb0iO,2025-03-05,1
g5sSb0iO,2025-03-07,1
g6WVdW5h,2025-03-23,1
g6WVdW5h,2025-03-26,1
g7bRVDKp,2025-10-29,1
g7mr3F4d,2025-11-28,1
g7y0X1CL,2025-02-05,5
g7y0X1CL,2025-02-06,3
g7y0X1CL,2025-02-07,5
g87SGiLm,2026-05-13,1
g8OvXjqn,2025-03-10,1
g8OvXjqn,2025-03-14,1
g8OvXjqn,2025-03-15,1
g8OvXjqn,2025-03-16,1
g8QiqKVz,2025-01-18,2
g8seVzDZ,2025-12-28,1
g9VcQXLM,2025-07-21,2
g9ZY2nrp,2024-12-31,3
g9bCEaH4,2025-05-28,1
gBIWRLnG,2025-03-02,1
gBIWRLnG,2025-03-03,2
gC9fKMra,2025-07-31,2
gC9fKMra,2025-08-06,1
gCGX0MLy,2026-02-07,1
gCh4belU,2025-05-19,1
gDqTG1fU,2025-02-23,1
gE3QVSyt,2026-02-19,1
gE3QVSyt,2026-02-24,1
gE3QVSyt,2026-02-25,2
gEDQZMHM,2025-10-04,1
gEMjQRiG,2025-03-21,1
gEyV7r1q,2026-09-21,1
gFP8AheU,2026-04-06,2
gFXtf0Uy,2025-08-30,1
gFYjCkw1,2026-08-18,1
gFYjCkw1,2026-08-19,4
gFYjCkw1,2026-08-20,1
gFYjCkw1,2026-08-21,4
gFYjCkw1,2026-08-22,1
gFYjCkw1,2026-08-24,1
gFYjCkw1,2026-08-25,1
gFYjCkw1,2026-08-26,1
gFYjCkw1,2026-08-28,1
gFYjCkw1,2026-08-30,1
gFYjCkw1,2026-08-31,1
gFYjCkw1,2026-09-01,1
gFYjCkw1,2026-09-03,2
gFYjCkw1,2026-09-04,4
gFYjCkw1,2026-09-05,1
gFYjCkw1,2026-09-07,1
gFYjCkw1,2026-09-09,2
gFYjCkw1,2026-09-11,1
gFYjCkw1,2026-09-13,3
gFYjCkw1,2026-09-15,3
gFYjCkw1,2026-09-16,1
gFYjCkw1,2026-09-17,6
gFYjCkw1,2026-09-18,3
gFYjCkw1,2026-09-19,3
gFYjCkw1,2026-09-20,3
gFYjCkw1,2026-09-21,5
gGWtusGT,2026-05-23,1
gGWtusGT,2026-06-18,1
gGdiq5jI,2025-11-25,1
gH1KyQIp,2026-05-16,1
gH1KyQIp,2026-05-19,2
gH2yBuw9,2024-12-29,1
gH3SM7EN,2026-04-17,2
gH3SM7EN,2026-04-21,1
gH3SM7EN,2026-04-30,1
gH3SM7EN,2026-05-09,1
gH3SM7EN,2026-05-10,1
gIWMU6xU,2025-07-01,1
gIWMU6xU,2025-07-08,1
gIWMU6xU,2025-07-11,2
gIWMU6xU,2025-07-12,1
gIWMU6xU,2025-07-13,3
gIgdnRZg,2025-06-22,1
gJAl1Teu,2026-07-16,2
gJAl1Teu,2026-07-17,4
gJAl1Teu,2026-07-18,2
gJAl1Teu,2026-07-19,2
gJAl1Teu,2026-07-20,1
gJAl1Teu,2026-07-21,2
gJAl1Teu,2026-07-22,2
gJAl1Teu,2026-07-23,2
gJAl1Teu,2026-07-24,3
gJAl1Teu,2026-07-25,1
gJAl1Teu,2026-07-26,1
gJAl1Teu,2026-07-28,2
gJAl1Teu,2026-07-29,1
gJAl1Teu,2026-07-30,3
gJAl1Teu,2026-07-31,1
gJAl1Teu,2026-08-01,3
gJAl1Teu,2026-08-02,3
gJAl1Teu,2026-08-03,4
gJAl1Teu,2026-08-05,2
gJAl1Teu,2026-08-06,1
gJAl1Teu,2026-08-07,5
gJAl1Teu,2026-08-08,5
gJAl1Teu,2026-08-10,2
gJAl1Teu,2026-08-13,3
gJAl1Teu,2026-08-14,3
gJAl1Teu,2026-08-15,4
gJAl1Teu,2026-08-16,5
gJCoegWq,2026-08-18,1
gJCoegWq,2026-08-20,1
gJCoegWq,2026-08-21,1
gJCoegWq,2026-08-22,1
gJCoegWq,2026-09-04,1
gJCoegWq,2026-09-12,5
gJCoegWq,2026-09-13,2
gJCoegWq,2026-09-14,2
gJCoegWq,2026-09-15,2
gJCoegWq,2026-09-17,1
gJCoegWq,2026-09-18,1
gJCoegWq,2026-09-19,3
gJCoegWq,2026-09-20,2
gJCoegWq,2026-09-21,1
gJS9piSI,2025-05-23,1
gJoXViIO,2026-03-07,1
gJoXViIO,2026-03-09,1
gK15PfMi,2026-08-18,3
gK15PfMi,2026-08-19,5
gK15PfMi,2026-08-20,4
gK15PfMi,2026-08-21,6
gK15PfMi,2026-08-22,12
gK15PfMi,2026-08-23,7
gK15PfMi,2026-08-24,4
gK15PfMi,2026-08-25,1
gK15PfMi,2026-08-26,5
gK15PfMi,2026-08-27,12
gK15PfMi,2026-08-28,7
gK15PfMi,2026-08-29,13
gK15PfMi,2026-08-30,9
gK15PfMi,2026-08-31,6
gK15PfMi,2026-09-01,3
gK15PfMi,2026-09-02,2
gK15PfMi,2026-09-03,13
gK15PfMi,2026-09-04,5
gK15PfMi,2026-09-05,7
gK15PfMi,2026-09-06,8
gK15PfMi,2026-09-07,6
gK15PfMi,2026-09-08,8
gK15PfMi,2026-09-09,4
gK15PfMi,2026-09-10,10
gK15PfMi,2026-09-11,3
gK15PfMi,2026-09-12,9
gK15PfMi,2026-09-13,8
gK15PfMi,2026-09-14,5
gK15PfMi,2026-09-15,7
gK15PfMi,2026-09-16,9
gK15PfMi,2026-09-17,10
gK15PfMi,2026-09-18,12
gK15PfMi,2026-09-19,10
gK15PfMi,2026-09-20,16
gK15PfMi,2026-09-21,18
gKQlpd4C,2026-02-27,1
gKvmwIOf,2025-04-11,1
gLHd6Alf,2026-05-25,1
gLHd6Alf,2026-05-27,2
gLHd6Alf,2026-06-01,1
gLHd6Alf,2026-06-20,1
gLija2vT,2025-10-25,1
gLija2vT,2025-11-01,1
gLosHNbE,2025-07-08,1
gLrX7iSD,2026-06-23,1
gLrX7iSD,2026-07-11,1
gLrX7iSD,2026-07-12,2
gM0UrjKO,2024-12-27,1
gMLxEzPN,2026-06-23,1
gMLxEzPN,2026-06-29,2
gMLxEzPN,2026-07-03,1
gMLxEzPN,2026-07-14,2
gNIgZZBp,2025-03-02,1
gNL7dVLk,2026-03-25,1
gP15hmuD,2026-03-25,1
gP15hmuD,2026-03-27,1
gP2RJyEX,2024-12-26,2
gP2RJyEX,2024-12-28,1
gP5KWvV8,2025-01-10,1
gP5KWvV8,2025-01-14,1
gP5KWvV8,2025-01-18,1
gPMjxrub,2026-05-02,1
gPbbYv8R,2025-07-30,1
gPdpfXy4,2026-03-13,1
gPdpfXy4,2026-03-20,1
gQ8dmmYx,2025-03-15,1
gQ8dmmYx,2025-03-18,1
gQzejqCA,2025-10-20,1
gQzejqCA,2025-10-29,1
gR9Ju4bv,2024-12-27,1
gRp8brgQ,2025-11-24,1
gRxxcqcF,2026-04-27,1
gSGnxJeO,2026-03-08,1
gSGnxJeO,2026-03-22,1
gSLD3LRa,2026-07-21,1
gSQrXwdj,2025-12-09,1
gSQrXwdj,2025-12-11,1
gTgssKfg,2025-03-25,2
gTgssKfg,2025-03-26,1
gU8itxKE,2025-11-28,1
gU9poqHq,2026-01-15,1
gU9poqHq,2026-01-19,1
gU9poqHq,2026-01-29,1
gU9poqHq,2026-02-01,1
gUsNg0n2,2025-10-04,1
gW6TkQaH,2025-04-18,1
gWHWNbHH,2025-11-18,1
gWHWNbHH,2025-11-26,1
gWHWNbHH,2025-11-27,1
gX1nJjwH,2026-02-14,1
gX31NMgy,2026-03-14,1
gXYyAw9J,2025-03-21,1
gYG9ckXV,2025-04-21,1
gYG9ckXV,2025-04-22,1
gYG9ckXV,2025-04-26,1
gYdxXoFj,2025-02-17,1
gYdxXoFj,2025-02-18,12
gYdxXoFj,2025-02-19,3
gYdxXoFj,2025-02-20,9
gYdxXoFj,2025-02-21,1
gYkQYzct,2025-07-16,1
gYlnNe4p,2025-06-04,1
gZ3WyQJb,2024-12-26,3
gZ3WyQJb,2024-12-27,3
gZ3WyQJb,2024-12-28,1
gZ3WyQJb,2024-12-29,2
gZ3WyQJb,2024-12-30,1
gZCvAYLJ,2026-07-18,1
gZCvAYLJ,2026-07-19,1
gZCvAYLJ,2026-07-21,1
gZCvAYLJ,2026-07-26,1
gZCvAYLJ,2026-07-27,1
gZCvAYLJ,2026-07-28,1
gZCvAYLJ,2026-07-31,2
gZCvAYLJ,2026-08-01,1
gZCvAYLJ,2026-08-02,1
gZCvAYLJ,2026-08-04,1
gZCvAYLJ,2026-08-06,3
gZCvAYLJ,2026-08-07,1
gZCvAYLJ,2026-08-09,1
gZCvAYLJ,2026-08-10,1
gZi1B4nF,2026-07-01,1
gaCVCR3u,2025-11-02,1
gaCVCR3u,2025-11-05,1
gaG9SUdw,2025-03-01,1
gaG9SUdw,2025-03-08,1
gafvdHSl,2025-06-01,1
gamQ6JjC,2026-07-16,1
gamQ6JjC,2026-07-17,2
gamQ6JjC,2026-07-19,1
gamQ6JjC,2026-07-21,1
gamQ6JjC,2026-07-22,1
gamQ6JjC,2026-07-23,1
gamQ6JjC,2026-07-27,1
gamQ6JjC,2026-07-29,1
gamQ6JjC,2026-08-02,1
gamQ6JjC,2026-08-05,1
gamQ6JjC,2026-08-09,1
gamQ6JjC,2026-08-10,1
gamQ6JjC,2026-08-12,1
gamQ6JjC,2026-08-13,1
gamQ6JjC,2026-08-14,1
gb0H1xwA,2026-02-11,2
gbJCw5Tl,2025-12-09,1
gbXLWHLv,2025-09-21,1
gbXLWHLv,2025-09-22,1
gbXLWHLv,2025-09-27,3
gcDAJ1ZQ,2026-05-22,1
gcDAJ1ZQ,2026-06-05,1
gcDAJ1ZQ,2026-06-10,1
gcQuUt7l,2025-11-18,1
gcQuUt7l,2025-11-21,1
gcQuUt7l,2025-11-22,1
gcQuUt7l,2025-11-24,2
gcQuUt7l,2025-11-28,1
gcfIYfot,2025-10-24,2
gcfIYfot,2025-10-25,1
gcfIYfot,2025-10-26,2
gcfIYfot,2025-10-29,1
gd6rZcjt,2025-04-06,1
gd6rZcjt,2025-04-10,1
gdBlK2VM,2026-09-14,1
gdBlK2VM,2026-09-18,1
gdBlK2VM,2026-09-20,1
gdDMXDIu,2026-08-25,1
gdDMXDIu,2026-09-19,1
ge2S4zQZ,2026-03-23,4
ge2S4zQZ,2026-03-24,2
ge2S4zQZ,2026-03-25,2
ge2S4zQZ,2026-03-26,3
ge2S4zQZ,2026-03-28,1
ge2S4zQZ,2026-03-30,1
ge2S4zQZ,2026-03-31,1
ge2S4zQZ,2026-04-03,1
ge2S4zQZ,2026-04-11,1
ge2S4zQZ,2026-04-12,1
ge2S4zQZ,2026-04-14,1
geNezCUU,2026-08-22,1
geNezCUU,2026-09-17,1
geUA6ZLo,2025-08-26,1
gehCz1MX,2026-06-24,1
gehCz1MX,2026-06-26,1
gehCz1MX,2026-07-02,2
gehCz1MX,2026-07-08,1
gehCz1MX,2026-07-10,1
geiyFUg0,2025-11-29,1
geiyFUg0,2025-12-11,2
geiyFUg0,2025-12-25,1
geiyFUg0,2025-12-26,1
geiyFUg0,2025-12-27,1
geiyFUg0,2025-12-28,1
geksMOvO,2025-12-08,2
geksMOvO,2025-12-09,1
geksMOvO,2025-12-14,1
gfOnUtfh,2026-03-23,1
gfwQbLTN,2025-03-20,1
ggXBujeh,2026-04-22,1
gi4xoIW9,2025-10-04,1
giN7U8Fk,2025-12-31,1
giN7U8Fk,2026-01-01,1
giN7U8Fk,2026-01-03,1
giN7U8Fk,2026-01-06,2
giN7U8Fk,2026-01-11,1
giN7U8Fk,2026-01-17,1
giN7U8Fk,2026-01-20,1
giN7U8Fk,2026-02-02,2
glEnzoBQ,2025-02-09,1
gm0zN6WM,2025-08-21,1
gmXyZMin,2026-07-17,1
gmXyZMin,2026-07-23,2
gmXyZMin,2026-07-25,3
gmXyZMin,2026-07-26,1
gmXyZMin,2026-07-30,1
gmXyZMin,2026-08-01,1
gmXyZMin,2026-08-08,1
gmXyZMin,2026-08-12,1
gmXyZMin,2026-08-15,2
gmcAHFLA,2025-11-05,1
gmcAHFLA,2025-11-16,1
gmr7OEJU,2025-12-24,1
gmtONCHE,2026-04-12,6
gmtONCHE,2026-04-13,2
gmtONCHE,2026-04-14,1
gn6U661I,2026-03-24,1
gn6U661I,2026-03-29,1
gnIHHnkl,2025-12-31,1
gnIHHnkl,2026-01-23,2
gnIJ0a5Y,2025-08-01,1
goEDsxFH,2025-10-17,1
goEDsxFH,2025-10-28,2
goidraeB,2026-03-01,1
goidraeB,2026-03-10,1
goidraeB,2026-03-17,1
gok2xnY1,2025-04-09,1
gok2xnY1,2025-04-11,1
gqPvwGdl,2026-05-15,1
gqPvwGdl,2026-05-16,2
gqPvwGdl,2026-05-19,2
gqPvwGdl,2026-05-20,1
gqPvwGdl,2026-05-21,2
gqPvwGdl,2026-05-24,1
gqPvwGdl,2026-05-25,2
gqPvwGdl,2026-05-26,1
gqPvwGdl,2026-05-28,1
gqPvwGdl,2026-05-29,1
gqPvwGdl,2026-05-30,1
gqPvwGdl,2026-06-01,2
gqPvwGdl,2026-06-02,1
gqPvwGdl,2026-06-03,1
gqPvwGdl,2026-06-04,1
gqPvwGdl,2026-06-06,1
gqPvwGdl,2026-06-07,3
gqPvwGdl,2026-06-08,1
gqPvwGdl,2026-06-10,1
gqPvwGdl,2026-06-11,3
gqPvwGdl,2026-06-12,1
gqPvwGdl,2026-06-14,2
gqPvwGdl,2026-06-16,2
gqPvwGdl,2026-06-17,1
gqPvwGdl,2026-06-18,1
gqPvwGdl,2026-06-19,1
gqPvwGdl,2026-06-20,1
grQQ1wzE,2026-09-20,1
grZfzGRw,2025-02-11,1
grZfzGRw,2025-02-12,1
gtmO5CRT,2026-08-02,1
gvZ1Rllv,2025-11-29,1
gvZ1Rllv,2025-12-01,1
gvZ1Rllv,2025-12-02,3
gvZ1Rllv,2025-12-03,1
gvZ1Rllv,2025-12-04,3
gvZ1Rllv,2025-12-05,1
gvZ1Rllv,2025-12-06,2
gvZ1Rllv,2025-12-07,2
gvZ1Rllv,2025-12-08,2
gvZ1Rllv,2025-12-09,1
gvZ1Rllv,2025-12-11,2
gvZ1Rllv,2025-12-12,3
gvZ1Rllv,2025-12-15,2
gvZ1Rllv,2025-12-16,1
gvZ1Rllv,2025-12-17,1
gvZ1Rllv,2025-12-19,1
gvZ1Rllv,2025-12-21,1
gvZ1Rllv,2025-12-22,3
gvZ1Rllv,2025-12-24,2
gvZ1Rllv,2025-12-25,1
gve9iOdB,2025-10-19,5
gve9iOdB,2025-10-27,5
gwBrzuv2,2025-11-19,1
gwBrzuv2,2025-11-22,1
gwBrzuv2,2025-11-24,1
gwbBj36r,2025-04-07,1
gx1LTcKS,2026-06-23,2
gx1LTcKS,2026-06-24,1
gx1LTcKS,2026-06-27,2
gx1LTcKS,2026-06-28,2
gx1LTcKS,2026-06-29,2
gx1LTcKS,2026-06-30,1
gx1LTcKS,2026-07-02,1
gx1LTcKS,2026-07-04,1
gx1LTcKS,2026-07-08,2
gx1LTcKS,2026-07-11,1
gx1LTcKS,2026-07-12,4
gx1LTcKS,2026-07-13,2
gx40uiCw,2025-07-03,1
gy50Brfv,2025-10-04,1
gy50Brfv,2025-10-06,3
gy5SuZTb,2025-07-25,1
gy6TPUq3,2026-04-28,1
gy6TPUq3,2026-04-30,1
gzRMiYhv,2025-11-25,1
gzua9dtK,2026-02-11,1
gzv9wvKk,2025-08-21,1
gzv9wvKk,2025-08-23,1
h0UHMEmT,2025-07-24,1
h0wsC7Ty,2026-03-24,1
h0wsC7Ty,2026-03-28,1
h1BjVdpS,2026-02-28,1
h1BjVdpS,2026-03-06,1
h1BjVdpS,2026-03-09,1
h1d8phKD,2026-05-31,1
h2Dbsp7B,2026-07-02,1
h2Dbsp7B,2026-07-07,2
h2m5oiHV,2025-11-29,1
h2m5oiHV,2025-12-04,1
h2m5oiHV,2025-12-08,1
h2m5oiHV,2025-12-09,1
h2m5oiHV,2025-12-14,1
h2m5oiHV,2025-12-18,1
h2m5oiHV,2025-12-19,1
h2m5oiHV,2025-12-23,1
h2m5oiHV,2025-12-27,1
h35Csjh9,2026-02-28,1
h35Csjh9,2026-03-11,1
h35Csjh9,2026-03-18,2
h3CaQQyo,2025-09-16,3
h3CaQQyo,2025-09-21,1
h3CaQQyo,2025-09-22,2
h3U3Olep,2026-05-20,1
h3U3Olep,2026-06-08,1
h4JwpLbS,2025-01-27,1
h4JwpLbS,2025-01-31,1
h4NiuSCO,2026-02-24,1
h4WVjDoz,2026-03-06,1
h4WVjDoz,2026-03-15,1
h4uDIjir,2026-05-22,2
h4uDIjir,2026-05-27,2
h4uDIjir,2026-06-04,1
h4uDIjir,2026-06-11,1
h4uDIjir,2026-06-20,1
h5LD8IPj,2026-07-20,1
h5LD8IPj,2026-07-23,1
h5LD8IPj,2026-08-05,1
h5LD8IPj,2026-08-09,1
h5WuUqyl,2026-08-18,1
h5WuUqyl,2026-08-19,1
h5WuUqyl,2026-08-20,1
h5WuUqyl,2026-08-22,2
h5WuUqyl,2026-08-23,1
h5WuUqyl,2026-08-24,1
h5WuUqyl,2026-08-25,1
h5WuUqyl,2026-08-26,1
h5WuUqyl,2026-08-27,1
h5WuUqyl,2026-08-28,1
h5WuUqyl,2026-08-29,2
h5WuUqyl,2026-08-30,2
h5WuUqyl,2026-08-31,1
h5WuUqyl,2026-09-01,2
h5WuUqyl,2026-09-02,1
h5WuUqyl,2026-09-03,1
h5WuUqyl,2026-09-04,1
h5WuUqyl,2026-09-05,1
h5WuUqyl,2026-09-07,2
h5WuUqyl,2026-09-09,2
h5WuUqyl,2026-09-11,2
h5WuUqyl,2026-09-13,1
h5WuUqyl,2026-09-14,1
h5WuUqyl,2026-09-15,2
h5WuUqyl,2026-09-16,1
h5WuUqyl,2026-09-17,1
h5WuUqyl,2026-09-18,1
h5WuUqyl,2026-09-19,1
h5WuUqyl,2026-09-20,1
h7CfbzjT,2024-12-27,1
h7CfbzjT,2024-12-30,1
h7Z7aiBY,2025-11-22,5
h7Z7aiBY,2025-11-23,3
h7Z7aiBY,2025-11-24,3
h7Z7aiBY,2025-11-28,1
h83oD0Xp,2025-09-14,2
h83oD0Xp,2025-09-17,2
h83oD0Xp,2025-09-24,1
h83oD0Xp,2025-09-26,2
h83oD0Xp,2025-09-27,3
h83oD0Xp,2025-09-28,2
h83oD0Xp,2025-09-29,1
hBSnPUS8,2026-08-26,1
hBYXn50H,2025-06-23,1
hCCIIsRJ,2026-07-14,1
hCWJwG6r,2025-07-03,1
hCWJwG6r,2025-07-04,1
hDaE9qph,2025-03-07,1
hDiyOKmq,2025-07-02,1
hDiyOKmq,2025-07-10,1
hDiyOKmq,2025-07-12,2
hEYF0Mme,2025-08-17,1
hEYF0Mme,2025-08-23,1
hEYF0Mme,2025-08-25,1
hFpFjKgp,2025-12-27,1
hG6nfCVv,2025-05-30,1
hG6nfCVv,2025-06-08,1
hGbfJXJd,2025-03-30,1
hGjQmPxA,2026-04-19,1
hGjQmPxA,2026-05-01,1
hGjQmPxA,2026-05-02,1
hGjQmPxA,2026-05-03,1
hGjQmPxA,2026-05-04,1
hGjQmPxA,2026-05-13,2
hGmr7LxC,2026-02-28,1
hGmr7LxC,2026-03-03,1
hGmr7LxC,2026-03-04,2
hGmr7LxC,2026-03-05,1
hGmr7LxC,2026-03-06,2
hGmr7LxC,2026-03-08,1
hGmr7LxC,2026-03-11,2
hGmr7LxC,2026-03-18,1
hGmr7LxC,2026-03-20,1
hGmr7LxC,2026-03-21,2
hGmr7LxC,2026-03-22,1
hH22vkO6,2025-05-17,1
hH22vkO6,2025-05-19,1
hH22vkO6,2025-05-20,2
hH22vkO6,2025-05-25,1
hHEVHp2q,2026-09-20,1
hHEVHp2q,2026-09-21,1
hHrutS55,2025-11-17,2
hI4ZnmJD,2026-03-24,2
hIQJl6cL,2025-06-16,1
hIQJl6cL,2025-06-17,1
hIQJl6cL,2025-06-24,1
hIuP6dHW,2025-09-08,1
hJ8uB7Wn,2026-03-09,1
hJ8uB7Wn,2026-03-11,1
hJ8uB7Wn,2026-03-12,1
hJ8uB7Wn,2026-03-13,1
hJ8uB7Wn,2026-03-14,1
hJ8uB7Wn,2026-03-22,1
hJ8uB7Wn,2026-03-23,1
hJ8uB7Wn,2026-03-25,1
hJ8uB7Wn,2026-04-10,1
hJ8uB7Wn,2026-04-14,2
hJZXpfrk,2025-08-01,1
hJZXpfrk,2025-08-05,1
hJiu6fq9,2026-08-22,2
hJiu6fq9,2026-09-08,1
hJiu6fq9,2026-09-18,1
hJiu6fq9,2026-09-19,1
hJpjhQ7b,2026-03-31,1
hJpjhQ7b,2026-04-13,1
hJynrzHp,2026-02-27,1
hJynrzHp,2026-03-02,4
hJynrzHp,2026-03-04,1
hJynrzHp,2026-03-06,1
hJynrzHp,2026-03-09,1
hJynrzHp,2026-03-13,1
hJynrzHp,2026-03-14,1
hJynrzHp,2026-03-18,1
hJynrzHp,2026-03-20,2
hJynrzHp,2026-03-22,2
hKumpWmr,2026-04-16,1
hKumpWmr,2026-04-17,1
hKumpWmr,2026-04-18,1
hKumpWmr,2026-04-21,1
hKumpWmr,2026-04-24,1
hKumpWmr,2026-04-27,1
hKumpWmr,2026-04-29,1
hKumpWmr,2026-05-01,1
hKumpWmr,2026-05-05,7
hKumpWmr,2026-05-06,1
hKumpWmr,2026-05-08,2
hKumpWmr,2026-05-09,1
hKumpWmr,2026-05-12,1
hLDo1hCX,2026-02-10,1
hLDo1hCX,2026-02-11,1
hLYbBTnV,2026-07-21,1
hLYbBTnV,2026-07-27,1
hLYbBTnV,2026-08-02,1
hLYbBTnV,2026-08-08,1
hLYbBTnV,2026-08-16,1
hLkBMaZU,2026-03-09,1
hM2v5no7,2024-12-31,1
hMYcv9sQ,2025-07-27,1
hNKvoq5T,2026-07-17,17
hNKvoq5T,2026-07-18,13
hNKvoq5T,2026-07-19,8
hNKvoq5T,2026-07-20,8
hNKvoq5T,2026-07-21,6
hNKvoq5T,2026-07-22,5
hNKvoq5T,2026-07-23,8
hNKvoq5T,2026-07-24,7
hNKvoq5T,2026-07-25,9
hNKvoq5T,2026-07-26,8
hNKvoq5T,2026-07-27,3
hNKvoq5T,2026-07-28,3
hNKvoq5T,2026-07-29,3
hNKvoq5T,2026-07-30,8
hNKvoq5T,2026-07-31,3
hNKvoq5T,2026-08-01,11
hNKvoq5T,2026-08-02,7
hNKvoq5T,2026-08-03,5
hNKvoq5T,2026-08-04,6
hNKvoq5T,2026-08-05,4
hNKvoq5T,2026-08-06,7
hNKvoq5T,2026-08-07,7
hNKvoq5T,2026-08-08,20
hNKvoq5T,2026-08-09,5
hNKvoq5T,2026-08-10,9
hNKvoq5T,2026-08-11,7
hNKvoq5T,2026-08-12,8
hNKvoq5T,2026-08-13,11
hNKvoq5T,2026-08-14,10
hNKvoq5T,2026-08-15,16
hNKvoq5T,2026-08-16,10
hNKvoq5T,2026-08-17,3
hNXnVdgL,2025-10-18,2
hNXnVdgL,2025-10-25,1
hOK39OUE,2025-09-23,1
hOLD8p7G,2026-08-28,1
hOLD8p7G,2026-09-17,1
hOLD8p7G,2026-09-18,1
hOLD8p7G,2026-09-20,2
hPw62Tmq,2025-06-12,1
hPw62Tmq,2025-06-19,1
hPw62Tmq,2025-06-20,1
hQb7o3t9,2025-04-04,1
hRrc5k7v,2025-04-25,1
hRrc5k7v,2025-04-30,1
hS4eqIHR,2025-11-07,2
hS4eqIHR,2025-11-16,3
hS5MsTGu,2024-12-31,1
hS5MsTGu,2025-01-15,2
hS5MsTGu,2025-01-17,1
hS5MsTGu,2025-01-19,1
hS85qnz7,2025-01-01,1
hS85qnz7,2025-01-05,1
hSGNDnUv,2025-11-22,1
hSGNDnUv,2025-11-24,1
hSKOJ33T,2026-06-26,2
hSzHM5iN,2026-07-14,1
hT62PydC,2025-01-21,1
hT62PydC,2025-01-22,1
hT62PydC,2025-01-25,1
hT62PydC,2025-02-02,1
hTDPpwid,2025-05-01,1
hTDPpwid,2025-05-02,1
hTDPpwid,2025-05-08,1
hTE76fRu,2026-04-28,1
hTE76fRu,2026-05-06,2
hTE76fRu,2026-05-08,2
hTVRE23i,2025-09-24,3
hU5pYinE,2025-01-02,1
hU5pYinE,2025-01-10,1
hU5pYinE,2025-01-27,1
hUKA9WJn,2025-12-08,1
hUKA9WJn,2025-12-10,1
hUKA9WJn,2025-12-17,1
hUKA9WJn,2025-12-18,1
hUKA9WJn,2025-12-26,2
hUbbZWcV,2026-08-28,8
hUbbZWcV,2026-08-31,5
hUbbZWcV,2026-09-01,6
hUbbZWcV,2026-09-02,9
hUbbZWcV,2026-09-03,6
hUbbZWcV,2026-09-06,1
hUbbZWcV,2026-09-08,7
hUbbZWcV,2026-09-09,5
hUbbZWcV,2026-09-10,2
hUbbZWcV,2026-09-11,11
hUbbZWcV,2026-09-14,7
hUbbZWcV,2026-09-15,7
hUbbZWcV,2026-09-16,1
hUbbZWcV,2026-09-17,7
hUbbZWcV,2026-09-18,1
hUbbZWcV,2026-09-19,1
hUbbZWcV,2026-09-20,7
hUbbZWcV,2026-09-21,4
hVRI6Mm1,2026-03-24,2
hVRI6Mm1,2026-03-25,2
hVRI6Mm1,2026-03-27,1
hVRI6Mm1,2026-03-31,1
hVRI6Mm1,2026-04-01,4
hVRI6Mm1,2026-04-14,1
hVaEiyWK,2025-08-26,2
hVaEiyWK,2025-08-30,1
hVtSXYM2,2025-02-23,1
hVtSXYM2,2025-02-25,1
hVtSXYM2,2025-02-27,1
hWQdoMOM,2025-02-23,1
hWQdoMOM,2025-02-24,2
hWQdoMOM,2025-02-28,1
hWvEjPs9,2025-12-06,1
hWwuVhUu,2025-08-03,1
hXd38toc,2025-10-12,1
hY2N2Con,2025-05-25,1
hYMVmHX6,2026-05-09,1
hYNSEAbs,2025-11-11,1
hYamUOsh,2025-07-25,1
hYhcGpBD,2026-03-25,1
hYhcGpBD,2026-03-28,1
hYhcGpBD,2026-04-12,1
hZFdzgoD,2025-07-25,2
hZWF1MzB,2026-03-23,1
hZWF1MzB,2026-03-27,1
hZWF1MzB,2026-03-29,1
hZWF1MzB,2026-03-30,1
hZWF1MzB,2026-04-01,1
hZWF1MzB,2026-04-09,3
hZpjCmSQ,2025-06-10,2
ha3ykcpk,2025-02-14,2
ha3ykcpk,2025-02-15,1
ha3ykcpk,2025-02-16,1
ha3ykcpk,2025-02-17,4
ha3ykcpk,2025-02-18,1
ha3ykcpk,2025-02-19,2
ha3ykcpk,2025-02-20,4
haILIMga,2025-08-26,1
haILIMga,2025-08-27,1
haILIMga,2025-08-29,2
haILIMga,2025-08-30,1
haILIMga,2025-08-31,1
haILIMga,2025-09-01,1
haILIMga,2025-09-02,2
haILIMga,2025-09-04,1
haKXAOFP,2026-08-19,1
haKXAOFP,2026-08-20,3
haKXAOFP,2026-08-21,2
haKXAOFP,2026-08-22,1
haKXAOFP,2026-08-24,1
haKXAOFP,2026-08-25,2
haKXAOFP,2026-08-26,2
haKXAOFP,2026-08-27,1
haKXAOFP,2026-08-28,1
haKXAOFP,2026-08-29,2
haKXAOFP,2026-08-30,1
haKXAOFP,2026-08-31,4
haKXAOFP,2026-09-02,1
haKXAOFP,2026-09-03,3
haKXAOFP,2026-09-05,2
haKXAOFP,2026-09-06,12
haKXAOFP,2026-09-07,2
haKXAOFP,2026-09-08,3
haKXAOFP,2026-09-09,4
haKXAOFP,2026-09-10,2
haKXAOFP,2026-09-11,2
haKXAOFP,2026-09-12,2
haKXAOFP,2026-09-15,2
haKXAOFP,2026-09-16,4
haKXAOFP,2026-09-17,4
haKXAOFP,2026-09-18,3
haKXAOFP,2026-09-19,4
haKXAOFP,2026-09-20,5
haKXAOFP,2026-09-21,7
haSgh1Q8,2025-06-29,1
haSgh1Q8,2025-07-01,1
haSgh1Q8,2025-07-04,1
haSgh1Q8,2025-07-11,1
haU66qY6,2025-03-28,1
halue3NX,2025-04-22,1
halue3NX,2025-04-25,1
hbJIdpzT,2025-02-22,2
hbJIdpzT,2025-02-23,1
hbJIdpzT,2025-02-24,1
hbJIdpzT,2025-02-25,1
hbeT3KTP,2025-12-07,1
hbeT3KTP,2025-12-18,1
hcZhvdAm,2025-02-08,1
hcqd1a1F,2026-05-13,2
hcvtxFqR,2025-09-14,1
hdWAAycW,2025-07-30,1
hdfL5CJ0,2025-02-12,1
hdnLzOop,2025-11-25,1
heJdEHR5,2025-09-16,1
hejhSI1C,2026-07-16,1
hejhSI1C,2026-07-19,2
hejhSI1C,2026-08-01,1
hejhSI1C,2026-08-13,1
hf3oqP1H,2025-05-25,1
hf3oqP1H,2025-05-26,1
hfHVNxDr,2026-02-06,1
hfHVNxDr,2026-02-15,1
hfHVNxDr,2026-02-18,1
hfHVNxDr,2026-02-22,1
hfJ8rLiP,2026-07-24,1
hfbjsFu0,2025-08-24,1
hgCMNAlp,2026-06-23,1
hgCMNAlp,2026-06-24,3
hgCMNAlp,2026-06-26,1
hgCMNAlp,2026-06-27,2
hgCMNAlp,2026-06-28,2
hgCMNAlp,2026-06-29,1
hgCMNAlp,2026-07-01,2
hgCMNAlp,2026-07-02,1
hgCMNAlp,2026-07-08,2
hgCMNAlp,2026-07-11,1
hgCMNAlp,2026-07-12,1
hgNNUH2l,2026-09-20,1
hhFheheU,2026-06-17,1
hhFheheU,2026-06-20,1
hhXSprJW,2025-08-29,1
hhy6a0vj,2026-08-29,1
hhy6a0vj,2026-09-03,1
hhy6a0vj,2026-09-04,1
hhy6a0vj,2026-09-13,1
hhy6a0vj,2026-09-19,1
hi2lMDoZ,2025-05-29,1
hjCP62Tt,2025-11-25,1
hjD6Bodg,2026-06-24,1
hjD6Bodg,2026-06-27,1
hjD6Bodg,2026-07-01,2
hjD6Bodg,2026-07-02,1
hjD6Bodg,2026-07-04,1
hjD6Bodg,2026-07-07,2
hjD6Bodg,2026-07-14,1
hjD6Bodg,2026-07-15,1
hjF3Fh2a,2026-03-25,1
hjF3Fh2a,2026-04-04,1
hjF3Fh2a,2026-04-10,2
hjLgiz2F,2026-08-03,1
hjLgiz2F,2026-08-08,1
hjLgiz2F,2026-08-14,3
hjNgjHRh,2026-03-12,1
hkEGWItV,2026-04-16,1
hkEGWItV,2026-04-19,1
hkEGWItV,2026-04-26,16
hkEGWItV,2026-04-27,4
hkEGWItV,2026-04-28,1
hkEGWItV,2026-04-29,13
hkEGWItV,2026-04-30,19
hkEGWItV,2026-05-06,34
hkEGWItV,2026-05-07,38
hkEGWItV,2026-05-14,20
hkuSZ37H,2026-03-23,6
hkuSZ37H,2026-03-24,3
hkuSZ37H,2026-03-25,6
hkuSZ37H,2026-03-26,1
hkuSZ37H,2026-03-27,6
hkuSZ37H,2026-03-28,1
hkuSZ37H,2026-03-29,14
hkuSZ37H,2026-03-30,11
hkuSZ37H,2026-03-31,3
hkuSZ37H,2026-04-01,7
hkuSZ37H,2026-04-02,7
hkuSZ37H,2026-04-03,4
hkuSZ37H,2026-04-04,14
hkuSZ37H,2026-04-05,12
hkuSZ37H,2026-04-06,2
hkuSZ37H,2026-04-07,3
hkuSZ37H,2026-04-08,2
hkuSZ37H,2026-04-09,4
hkuSZ37H,2026-04-10,2
hkuSZ37H,2026-04-11,5
hkuSZ37H,2026-04-12,6
hkuSZ37H,2026-04-13,8
hkuSZ37H,2026-04-14,4
hkuSZ37H,2026-04-15,10
hl7emTOh,2025-06-25,1
hlfs87yl,2026-02-06,1
hlfs87yl,2026-02-13,1
hlheZHks,2025-09-25,1
hmI9274A,2026-06-24,4
hmI9274A,2026-06-25,1
hmI9274A,2026-06-26,4
hmI9274A,2026-06-27,3
hmI9274A,2026-06-28,1
hmI9274A,2026-06-29,3
hmI9274A,2026-06-30,2
hmI9274A,2026-07-01,2
hmI9274A,2026-07-02,1
hmI9274A,2026-07-03,1
hmI9274A,2026-07-05,1
hmI9274A,2026-07-06,3
hmI9274A,2026-07-07,3
hmI9274A,2026-07-09,1
hmI9274A,2026-07-10,6
hmI9274A,2026-07-11,1
hmI9274A,2026-07-12,2
hmI9274A,2026-07-13,3
hmI9274A,2026-07-14,1
hmQpixLW,2026-07-17,1
hmQpixLW,2026-07-21,1
hmQpixLW,2026-07-23,1
hmfGxOkE,2025-10-12,1
hn4tnhKG,2025-12-19,1
hn4tnhKG,2025-12-26,1
hnclPfbV,2026-02-23,1
hnvNP4cY,2026-04-11,3
hoMDq5h4,2026-05-09,1
hp27crsK,2026-05-11,1
hpLojeUp,2025-09-19,1
hpc6Ljey,2026-05-20,1
hpc6Ljey,2026-05-27,1
hpc6Ljey,2026-05-28,1
hpc6Ljey,2026-06-08,1
hpc6Ljey,2026-06-21,1
hpygyIsr,2026-06-11,1
hqO66yZO,2026-05-23,1
hqO66yZO,2026-05-27,1
hqO66yZO,2026-05-31,2
hqO66yZO,2026-06-17,1
hr2JjfKh,2026-04-11,4
hr2JjfKh,2026-04-12,1
hr2JjfKh,2026-04-13,1
hrJsjwIb,2025-02-08,1
hrRNB5S7,2025-10-26,1
hrRNB5S7,2025-10-28,1
hrRNB5S7,2025-11-01,1
hrVJG2XN,2025-10-08,1
ht8a50qV,2025-03-28,1
htAKwSnO,2026-09-05,2
htAKwSnO,2026-09-06,4
htAKwSnO,2026-09-07,2
htU21YoX,2025-02-27,1
htYPo5aG,2026-01-15,1
htYPo5aG,2026-01-17,1
htigKrRs,2025-05-03,40
htigKrRs,2025-05-04,25
htigKrRs,2025-05-05,28
htigKrRs,2025-05-09,27
huPHEVTb,2025-06-09,1
huZbo2k9,2025-03-20,1
huZbo2k9,2025-03-22,1
huZbo2k9,2025-03-24,1
huxSc7lN,2025-03-19,1
huxs0Whi,2025-05-27,1
hw088msW,2026-08-07,1
hw088msW,2026-08-08,1
hw088msW,2026-08-10,1
hw088msW,2026-08-11,1
hw088msW,2026-08-12,4
hw088msW,2026-08-13,1
hw088msW,2026-08-14,1
hw088msW,2026-08-15,1
hw088msW,2026-08-16,1
hw088msW,2026-08-17,1
hwPXoXEW,2025-03-28,1
hxFZr1Ks,2025-12-08,1
hxFZr1Ks,2025-12-09,1
hxFZr1Ks,2025-12-10,2
hxFZr1Ks,2025-12-11,2
hxFZr1Ks,2025-12-13,1
hxFZr1Ks,2025-12-16,1
hxFZr1Ks,2025-12-19,4
hxFZr1Ks,2025-12-21,1
hxFZr1Ks,2025-12-24,2
hxFZr1Ks,2025-12-26,2
hxPSpNXQ,2025-05-30,1
hxPSpNXQ,2025-06-03,1
hxPSpNXQ,2025-06-19,1
hxPSpNXQ,2025-06-24,1
hyPMJuZ2,2025-12-05,1
hzkogRDg,2025-12-21,1
hzkogRDg,2025-12-27,2
i0MennF2,2026-02-08,1
i0MennF2,2026-02-09,1
i0MennF2,2026-02-15,1
i0MennF2,2026-02-19,2
i0MennF2,2026-02-25,1
i0xBec08,2025-03-19,1
i1Nbpe3T,2025-02-16,1
i1dwk5Ah,2025-10-03,2
i1dwk5Ah,2025-10-04,1
i1dwk5Ah,2025-10-07,1
i1dwk5Ah,2025-10-10,2
i24nMmOO,2025-08-07,4
i24nMmOO,2025-08-08,2
i24nMmOO,2025-08-09,3
i24nMmOO,2025-08-10,4
i24nMmOO,2025-08-11,4
i24nMmOO,2025-08-12,4
i24nMmOO,2025-08-13,4
i24nMmOO,2025-08-14,4
i24nMmOO,2025-08-15,4
i24nMmOO,2025-08-16,4
i24nMmOO,2025-08-17,4
i24nMmOO,2025-08-18,4
i24nMmOO,2025-08-19,2
i24nMmOO,2025-08-20,4
i24nMmOO,2025-08-21,4
i24nMmOO,2025-08-22,3
i24nMmOO,2025-08-23,4
i24nMmOO,2025-08-24,2
i24nMmOO,2025-08-25,4
i2D4Zra6,2024-12-26,1
i2bfDSHb,2025-10-11,1
i2jGG8xA,2026-06-22,1
i30hjrMj,2026-08-20,1
i30hjrMj,2026-08-23,1
i30hjrMj,2026-08-26,1
i30hjrMj,2026-09-02,1
i30hjrMj,2026-09-03,1
i30hjrMj,2026-09-04,1
i30hjrMj,2026-09-05,5
i30hjrMj,2026-09-06,1
i30hjrMj,2026-09-11,1
i30hjrMj,2026-09-12,1
i30hjrMj,2026-09-13,1
i30hjrMj,2026-09-14,3
i30hjrMj,2026-09-15,1
i30hjrMj,2026-09-17,1
i30hjrMj,2026-09-18,4
i30hjrMj,2026-09-19,1
i30hjrMj,2026-09-21,1
i31D1KoP,2025-05-18,4
i31D1KoP,2025-05-21,1
i31D1KoP,2025-05-24,1
i31D1KoP,2025-05-25,2
i31D1KoP,2025-05-26,1
i3Y5Ixr7,2024-12-31,1
i3Y5Ixr7,2025-01-04,1
i3Y5Ixr7,2025-01-07,1
i3Y5Ixr7,2025-01-09,1
i3Y5Ixr7,2025-01-12,1
i3Y5Ixr7,2025-01-26,1
i3m8Lih4,2025-03-21,1
i4ui3DU9,2025-05-01,1
i4ui3DU9,2025-05-02,2
i4ui3DU9,2025-05-04,1
i4ui3DU9,2025-05-07,1
i4ui3DU9,2025-05-09,2
i4ui3DU9,2025-05-12,1
i5oPDfBf,2025-11-13,1
i6GkXU57,2025-01-02,1
i6GkXU57,2025-01-03,1
i6GkXU57,2025-01-17,1
i6GkXU57,2025-01-30,1
i6GkXU57,2025-02-02,1
i6Iqi0G3,2025-06-13,1
i6LW09Vz,2024-12-28,1
i6cSVLpJ,2026-01-12,1
i6cSVLpJ,2026-01-14,1
i6cSVLpJ,2026-01-18,1
i6cSVLpJ,2026-01-27,1
i6cSVLpJ,2026-02-02,1
i6jzAibg,2025-10-01,2
i6jzAibg,2025-10-02,4
i6jzAibg,2025-10-03,2
i6jzAibg,2025-10-04,2
i6jzAibg,2025-10-05,2
i6jzAibg,2025-10-06,2
i6jzAibg,2025-10-07,4
i6jzAibg,2025-10-08,2
i6jzAibg,2025-10-09,2
i6jzAibg,2025-10-10,2
i6jzAibg,2025-10-11,2
i6jzAibg,2025-10-12,4
i6jzAibg,2025-10-13,2
i6jzAibg,2025-10-14,2
i6jzAibg,2025-10-15,2
i7JGNjVf,2026-06-23,1
i7JGNjVf,2026-06-24,1
i7JGNjVf,2026-06-25,2
i7JGNjVf,2026-06-26,1
i7JGNjVf,2026-06-27,2
i7JGNjVf,2026-06-28,1
i7JGNjVf,2026-07-01,2
i7JGNjVf,2026-07-03,1
i7JGNjVf,2026-07-04,1
i7JGNjVf,2026-07-05,1
i7JGNjVf,2026-07-11,1
i7JGNjVf,2026-07-12,1
i7JGNjVf,2026-07-14,1
i7blDo8F,2025-09-06,1
i7k45iTI,2026-06-30,2
i7k45iTI,2026-07-01,1
i7k45iTI,2026-07-05,1
i7m5VNNl,2025-09-15,1
i7m5VNNl,2025-09-17,1
i7m5VNNl,2025-09-18,1
i7m5VNNl,2025-09-26,4
i7rAzBnz,2026-08-22,1
i7rAzBnz,2026-08-23,1
i7rAzBnz,2026-08-29,2
i7rAzBnz,2026-08-30,1
i7rAzBnz,2026-09-01,3
i7rAzBnz,2026-09-02,1
i7rAzBnz,2026-09-03,2
i7rAzBnz,2026-09-04,6
i7rAzBnz,2026-09-05,3
i7rAzBnz,2026-09-06,10
i7rAzBnz,2026-09-07,3
i7rAzBnz,2026-09-08,4
i7rAzBnz,2026-09-09,7
i7rAzBnz,2026-09-10,4
i7rAzBnz,2026-09-11,6
i7rAzBnz,2026-09-12,4
i7rAzBnz,2026-09-13,13
i7rAzBnz,2026-09-14,2
i7rAzBnz,2026-09-15,5
i7rAzBnz,2026-09-16,6
i7rAzBnz,2026-09-17,4
i7rAzBnz,2026-09-18,5
i7rAzBnz,2026-09-19,5
i7rAzBnz,2026-09-20,9
i83jpi9b,2025-11-20,1
i83jpi9b,2025-11-21,1
i83jpi9b,2025-11-22,1
i8Mr6mUv,2025-01-01,1
i8Mr6mUv,2025-01-03,1
i8Mr6mUv,2025-01-08,1
i8Mr6mUv,2025-01-12,1
i8Mr6mUv,2025-02-03,1
i9K9CCV0,2026-02-09,1
i9K9CCV0,2026-02-15,1
i9K9CCV0,2026-02-17,1
i9LARlV3,2025-04-09,1
i9NuGGR4,2025-10-22,1
i9YxqPg7,2026-04-16,4
i9YxqPg7,2026-04-19,1
i9YxqPg7,2026-04-20,1
i9YxqPg7,2026-04-21,2
i9YxqPg7,2026-04-23,1
i9YxqPg7,2026-04-24,2
i9YxqPg7,2026-04-26,1
i9YxqPg7,2026-04-28,1
i9YxqPg7,2026-04-30,1
i9YxqPg7,2026-05-01,1
i9YxqPg7,2026-05-02,2
i9YxqPg7,2026-05-03,1
i9YxqPg7,2026-05-05,1
i9YxqPg7,2026-05-06,1
i9YxqPg7,2026-05-12,1
i9nYpIBI,2026-03-04,1
i9nYpIBI,2026-03-20,1
iAOaKzcR,2026-02-18,1
iAbNBCcX,2025-11-03,2
iAbNBCcX,2025-11-13,1
iAbNBCcX,2025-11-16,1
iAxPCVCh,2025-11-09,1
iAxPCVCh,2025-11-13,1
iAxPCVCh,2025-11-16,1
iAzNiY3m,2025-11-06,1
iAzNiY3m,2025-11-10,1
iB4fLmeJ,2024-12-31,2
iB4fLmeJ,2025-01-01,1
iB4fLmeJ,2025-01-03,1
iB4fLmeJ,2025-01-08,1
iB4fLmeJ,2025-01-09,1
iB4fLmeJ,2025-01-15,2
iB4fLmeJ,2025-01-16,1
iB4fLmeJ,2025-01-21,2
iB4fLmeJ,2025-01-28,1
iB4fLmeJ,2025-01-29,1
iB4fLmeJ,2025-02-05,1
iBXoYH7c,2026-03-23,1
iBXoYH7c,2026-03-25,2
iBXoYH7c,2026-03-27,2
iBXoYH7c,2026-04-02,1
iBXoYH7c,2026-04-06,1
iBXoYH7c,2026-04-08,1
iBXoYH7c,2026-04-09,1
iBXoYH7c,2026-04-10,1
iBXoYH7c,2026-04-11,1
iBXoYH7c,2026-04-14,1
iBXoYH7c,2026-04-15,1
iBqAAEN7,2025-02-26,1
iBqAAEN7,2025-02-28,1
iCBXaHAz,2026-08-21,1
iCBXaHAz,2026-08-26,2
iCBXaHAz,2026-08-27,1
iCBXaHAz,2026-08-30,1
iCBXaHAz,2026-08-31,1
iCBXaHAz,2026-09-01,1
iCBXaHAz,2026-09-03,3
iCBXaHAz,2026-09-08,3
iCBXaHAz,2026-09-09,1
iCBXaHAz,2026-09-10,2
iCBXaHAz,2026-09-11,1
iCBXaHAz,2026-09-12,2
iCBXaHAz,2026-09-13,1
iCBXaHAz,2026-09-14,2
iCBXaHAz,2026-09-17,2
iCBXaHAz,2026-09-18,2
iCBXaHAz,2026-09-19,1
iCTFtaMG,2025-06-25,1
iCs1L4cn,2025-10-04,1
iCvAeRof,2025-10-20,1
iDXBFud5,2026-03-30,1
iDXBFud5,2026-03-31,1
iEUvnShu,2025-11-30,1
iEUvnShu,2025-12-19,1
iEbE5QG2,2025-08-01,1
iEh6R6F9,2026-04-13,1
iEjmsAxS,2026-07-16,1
iEjmsAxS,2026-07-17,1
iEjmsAxS,2026-07-21,1
iEjmsAxS,2026-07-24,1
iEjmsAxS,2026-08-07,1
iEjmsAxS,2026-08-08,1
iEjmsAxS,2026-08-13,3
iEjmsAxS,2026-08-14,1
iEjmsAxS,2026-08-15,1
iFmUp6d3,2025-06-25,1
iG1H8cnS,2026-07-26,1
iH7ssECF,2026-06-07,2
iI9jE9yi,2026-07-12,1
iIiWuU0e,2025-05-01,3
iIiWuU0e,2025-05-03,4
iIiWuU0e,2025-05-05,1
iKxCwTvD,2025-05-03,1
iKxCwTvD,2025-05-08,2
iKxCwTvD,2025-05-09,1
iKxCwTvD,2025-05-10,5
iKxCwTvD,2025-05-11,2
iKxCwTvD,2025-05-14,1
iLDzgTTr,2025-12-10,1
iLTNig41,2025-05-02,1
iLXwkmbu,2025-11-21,1
iMrWmC7g,2026-03-06,1
iN6u2tX9,2025-01-14,3
iN6u2tX9,2025-01-15,1
iN6u2tX9,2025-01-16,1
iN6u2tX9,2025-01-17,2
iN6u2tX9,2025-01-24,2
iN6u2tX9,2025-02-03,1
iN6u2tX9,2025-02-04,2
iN6u2tX9,2025-02-05,2
iNOlOWzG,2025-03-27,2
iNmeoCS7,2026-03-14,1
iOLGCCJo,2025-12-29,1
iOLGCCJo,2026-01-02,1
iQ5tgkPZ,2025-12-14,2
iQ5tgkPZ,2025-12-21,2
iQ8VLTJ7,2024-12-27,1
iQrlO2yc,2026-09-19,2
iQrlO2yc,2026-09-20,1
iQw04ZAi,2026-09-16,3
iQw04ZAi,2026-09-18,1
iQw04ZAi,2026-09-20,7
iQw04ZAi,2026-09-21,11
iR1PvMpX,2025-08-01,2
iRf9DlnV,2025-10-09,1
iT2dIwEd,2026-01-24,1
iUlerz04,2025-10-03,1
iUlerz04,2025-10-07,1
iUlerz04,2025-10-10,2
iUlerz04,2025-10-12,1
iUlerz04,2025-10-13,1
iUlerz04,2025-10-15,1
iUvrczxM,2025-06-16,1
iUvrczxM,2025-06-23,1
iUvrczxM,2025-06-26,1
iV4DtRvw,2025-01-04,1
iV4DtRvw,2025-01-18,1
iW9EATEW,2026-02-10,1
iWAwbw4Y,2026-03-09,1
iWCvDByl,2025-04-25,2
iWCvDByl,2025-04-26,1
iWCvDByl,2025-04-28,1
iWCvDByl,2025-04-29,1
iWPOvjlM,2026-01-29,1
iWSjCSi9,2025-06-28,2
iWSjCSi9,2025-06-29,1
iWSjCSi9,2025-06-30,1
iWSjCSi9,2025-07-05,2
iWSjCSi9,2025-07-11,1
iWSjCSi9,2025-07-12,1
iWSjCSi9,2025-07-13,1
iWuWHSYX,2026-01-03,1
iWuWHSYX,2026-01-13,1
iWuWHSYX,2026-01-14,1
iWuWHSYX,2026-01-16,1
iYpSMUfF,2026-05-21,1
iYuJpnSa,2025-07-16,1
iYuJpnSa,2025-07-25,2
iYyWqAM9,2026-09-20,1
iZ53E46B,2025-12-11,1
iZ53E46B,2025-12-13,1
iZ53E46B,2025-12-26,1
iZm5nxfA,2025-07-27,2
iZxRNi7Y,2025-09-15,1
iZxRNi7Y,2025-09-19,1
iZxRNi7Y,2025-09-21,1
iZxRNi7Y,2025-09-25,1
iZxRNi7Y,2025-09-26,1
iZxRNi7Y,2025-09-27,1
iapu3rif,2026-04-03,1
iasFsJ1o,2026-09-13,1
iasFsJ1o,2026-09-17,2
iasFsJ1o,2026-09-20,1
ic9ahqiK,2025-03-05,2
icMnEH4w,2025-02-25,1
icbZoISD,2025-07-19,1
icbZoISD,2025-07-24,1
icmY687U,2025-07-18,1
icmY687U,2025-07-25,2
idKvcgB8,2026-02-03,1
idKvcgB8,2026-02-07,1
idKvcgB8,2026-02-11,1
idKvcgB8,2026-02-16,2
idKvcgB8,2026-02-23,1
ieJUY3Eq,2025-09-15,1
ieJUY3Eq,2025-09-25,1
iepPnH2g,2026-04-19,1
ifAzRNQo,2026-03-26,1
ih9b7atc,2026-06-28,1
ih9b7atc,2026-06-30,2
ih9uBdqV,2025-06-12,1
ih9uBdqV,2025-06-15,1
ih9uBdqV,2025-06-16,1
ih9uBdqV,2025-06-23,2
ihkYPTIm,2025-12-12,1
ihkYPTIm,2025-12-27,1
ihmCafZM,2026-08-18,1
ihmCafZM,2026-08-21,1
ihmCafZM,2026-08-24,1
ihmCafZM,2026-09-05,1
ihmCafZM,2026-09-09,1
ihmCafZM,2026-09-15,1
ihmCafZM,2026-09-17,2
ihmCafZM,2026-09-18,1
ihmCafZM,2026-09-20,1
ihmCafZM,2026-09-21,1
iiPdvjB9,2025-08-31,1
iiPdvjB9,2025-09-04,2
iiQz2DjB,2025-11-18,1
iimZblmE,2026-03-22,1
ijBeRw5F,2026-01-08,1
ijBeRw5F,2026-01-19,1
ijOJyfEI,2026-08-14,1
ijiqGcrd,2026-08-22,1
ijiqGcrd,2026-08-23,1
ijiqGcrd,2026-08-24,1
ijiqGcrd,2026-08-30,1
ijiqGcrd,2026-09-08,2
ijiqGcrd,2026-09-11,1
ijiqGcrd,2026-09-13,1
ijiqGcrd,2026-09-15,2
ijiqGcrd,2026-09-16,4
ijiqGcrd,2026-09-17,1
ijiqGcrd,2026-09-20,2
ijiqGcrd,2026-09-21,1
ilTqHOVw,2025-11-13,1
ilewRffS,2025-05-01,1
ilewRffS,2025-05-03,2
imPXVNIv,2025-05-19,1
imPXVNIv,2025-05-26,1
imPXVNIv,2025-05-27,5
imlrYsFZ,2026-03-03,1
inKnessx,2025-10-18,1
inx6rg7x,2025-11-28,1
inzOsGtD,2025-11-30,1
inzOsGtD,2025-12-07,1
inzOsGtD,2025-12-22,1
iq42U3TK,2026-05-18,2
iq42U3TK,2026-05-24,1
iq42U3TK,2026-05-29,1
iq42U3TK,2026-05-30,1
iq42U3TK,2026-06-02,1
iq42U3TK,2026-06-04,3
iq42U3TK,2026-06-16,2
iq42U3TK,2026-06-23,1
iqBSY5KM,2026-06-23,1
iqBSY5KM,2026-06-26,2
iqBSY5KM,2026-06-27,1
iqBSY5KM,2026-06-28,4
iqBSY5KM,2026-06-29,3
iqBSY5KM,2026-06-30,3
iqBSY5KM,2026-07-01,1
iqBSY5KM,2026-07-03,1
iqBSY5KM,2026-07-04,3
iqBSY5KM,2026-07-05,4
iqBSY5KM,2026-07-06,3
iqBSY5KM,2026-07-07,3
iqBSY5KM,2026-07-09,2
iqBSY5KM,2026-07-10,3
iqBSY5KM,2026-07-11,2
iqBSY5KM,2026-07-12,4
iqBSY5KM,2026-07-13,4
iqBSY5KM,2026-07-14,5
iqBSY5KM,2026-07-15,2
iqxsggka,2025-02-24,1
iqxsggka,2025-02-25,1
ir3oBUOq,2025-11-13,1
irioIYvA,2025-12-01,1
irioIYvA,2025-12-05,1
irioIYvA,2025-12-10,1
irioIYvA,2025-12-12,1
irioIYvA,2025-12-13,1
irioIYvA,2025-12-14,1
irioIYvA,2025-12-15,3
irioIYvA,2025-12-19,1
irioIYvA,2025-12-21,1
irioIYvA,2025-12-24,3
irioIYvA,2025-12-26,1
isUGJFsJ,2025-07-18,1
isUGJFsJ,2025-07-22,1
itD2k9dg,2025-02-18,3
iu4LyUfW,2026-05-16,1
iu4LyUfW,2026-05-19,1
iu4LyUfW,2026-05-24,1
iu4LyUfW,2026-05-30,1
iu4LyUfW,2026-06-04,1
iu4LyUfW,2026-06-07,1
iu4LyUfW,2026-06-10,1
iu4LyUfW,2026-06-16,1
iufcQo8q,2025-08-28,1
iufcQo8q,2025-08-31,1
iufcQo8q,2025-09-01,1
iufcQo8q,2025-09-04,3
iufcQo8q,2025-09-05,1
iufcQo8q,2025-09-06,1
iuvUY2Dq,2025-10-17,1
iuvUY2Dq,2025-10-25,1
ivNu6c4b,2026-01-03,1
ivNu6c4b,2026-01-11,1
ivNu6c4b,2026-01-15,1
ivNu6c4b,2026-01-16,1
ivNu6c4b,2026-01-22,1
ivelYJNm,2026-06-07,1
iwZJdLLc,2025-06-03,1
iwmkhWZJ,2025-11-24,1
ixisgwux,2025-10-03,1
izAidrzl,2026-06-23,1
izAidrzl,2026-06-25,1
izAidrzl,2026-07-01,1
izBu0FvM,2025-03-22,1
izBu0FvM,2025-03-25,1
izBu0FvM,2025-03-26,1
izFSANOm,2025-05-25,1
izLDZL16,2025-11-03,1
izLDZL16,2025-11-04,1
izLDZL16,2025-11-05,1
izLDZL16,2025-11-07,1
izLDZL16,2025-11-08,4
izLDZL16,2025-11-09,4
izLDZL16,2025-11-10,1
izLDZL16,2025-11-12,1
izLDZL16,2025-11-14,1
izLDZL16,2025-11-17,1
j05qoO48,2026-06-04,1
j05qoO48,2026-06-22,2
j0FEsVA5,2025-03-16,1
j0fcmn9i,2025-03-10,1
j0fcmn9i,2025-03-11,1
j0fcmn9i,2025-03-18,1
j0yQCC89,2025-11-07,1
j17LqJ5Y,2025-04-12,2
j17LqJ5Y,2025-04-13,1
j1UH91dK,2025-06-27,2
j1UH91dK,2025-06-28,1
j1UH91dK,2025-06-29,1
j1UH91dK,2025-06-30,2
j1UH91dK,2025-07-01,2
j1UH91dK,2025-07-02,1
j1UH91dK,2025-07-03,1
j1UH91dK,2025-07-04,3
j1UH91dK,2025-07-05,1
j1UH91dK,2025-07-06,1
j1UH91dK,2025-07-07,2
j1UH91dK,2025-07-08,1
j1UH91dK,2025-07-09,3
j1UH91dK,2025-07-10,2
j1UH91dK,2025-07-11,1
j1UH91dK,2025-07-12,2
j1UH91dK,2025-07-13,2
j1eVa0ip,2025-12-21,1
j1uW3GSE,2025-05-28,2
j1uW3GSE,2025-06-03,1
j22WxWL0,2025-11-03,1
j22WxWL0,2025-11-15,1
j2JtiOQ8,2025-05-08,1
j2SDa9fU,2025-08-09,1
j2SDa9fU,2025-08-17,1
j2wCF147,2025-05-31,1
j2wCF147,2025-06-03,1
j2wCF147,2025-06-04,1
j2wCF147,2025-06-10,2
j38nuuHm,2026-06-11,1
j38nuuHm,2026-06-20,1
j3GqYQHR,2024-12-31,1
j3GqYQHR,2025-01-01,1
j3GqYQHR,2025-01-05,1
j3GqYQHR,2025-01-12,1
j3GqYQHR,2025-01-13,3
j3GqYQHR,2025-01-18,2
j3GqYQHR,2025-01-28,1
j3GqYQHR,2025-02-05,2
j3MxyBA7,2026-01-29,1
j4YGUrqW,2025-05-14,1
j5JOCkrA,2026-06-09,3
j5JOCkrA,2026-06-10,1
j5JOCkrA,2026-06-11,1
j5JOCkrA,2026-06-12,1
j5JOCkrA,2026-06-16,1
j5JOCkrA,2026-06-18,1
j5JOCkrA,2026-06-19,1
j5XUiMIy,2025-07-21,2
j5XUiMIy,2025-07-27,1
j5XUiMIy,2025-07-28,1
j5XUiMIy,2025-07-29,1
j5abjJDy,2025-08-26,1
j5abjJDy,2025-09-04,1
j5abjJDy,2025-09-05,1
j5lV7afH,2025-06-13,1
j5lV7afH,2025-06-20,1
j5lV7afH,2025-06-24,1
j6GRp3Zq,2024-12-31,2
j6GRp3Zq,2025-01-11,1
j6GRp3Zq,2025-01-13,1
j6GRp3Zq,2025-01-14,1
j6GRp3Zq,2025-01-21,2
j6GRp3Zq,2025-01-27,1
j6GRp3Zq,2025-01-28,2
j6GRp3Zq,2025-01-30,1
j6GRp3Zq,2025-02-03,1
j6GRp3Zq,2025-02-04,3
j76YV2s7,2026-05-29,1
j76YV2s7,2026-05-31,1
j76YV2s7,2026-06-15,1
j76YV2s7,2026-06-23,1
j7GA3VDY,2025-02-10,1
j7QJ2Pc6,2026-03-23,2
j7QJ2Pc6,2026-03-25,1
j7QJ2Pc6,2026-03-28,1
j7QJ2Pc6,2026-03-30,3
j7QJ2Pc6,2026-04-01,1
j7QJ2Pc6,2026-04-06,1
j7QJ2Pc6,2026-04-08,1
j7QJ2Pc6,2026-04-09,9
j7QJ2Pc6,2026-04-10,3
j7QJ2Pc6,2026-04-11,1
j7QJ2Pc6,2026-04-12,3
j8BcAaFk,2025-03-17,1
j95EtM1Y,2025-10-19,1
j95EtM1Y,2025-10-29,1
j95EtM1Y,2025-10-31,1
j9EqhPbc,2025-11-27,2
j9EqhPbc,2025-11-28,1
j9O8RfT5,2025-06-15,1
j9OBbRo4,2026-04-17,1
j9OBbRo4,2026-04-18,2
j9OBbRo4,2026-04-19,3
j9OBbRo4,2026-04-20,2
j9OBbRo4,2026-04-21,4
j9OBbRo4,2026-04-22,1
j9OBbRo4,2026-04-23,4
j9OBbRo4,2026-04-25,1
j9OBbRo4,2026-04-28,3
j9OBbRo4,2026-04-30,3
j9OBbRo4,2026-05-01,1
j9OBbRo4,2026-05-02,1
j9OBbRo4,2026-05-03,1
j9OBbRo4,2026-05-06,2
j9OBbRo4,2026-05-07,3
j9OBbRo4,2026-05-10,2
j9OBbRo4,2026-05-11,1
j9OBbRo4,2026-05-12,2
j9OBbRo4,2026-05-13,2
j9OBbRo4,2026-05-14,4
j9eqy2yB,2025-09-13,1
j9jC5kTb,2025-08-13,1
j9jC5kTb,2025-08-15,1
j9jP95oa,2026-06-26,1
jA1Du8cT,2025-10-03,1
jA4d1RmC,2025-09-17,1
jA4rXv9n,2025-09-03,1
jA4rXv9n,2025-09-04,1
jATOHV5L,2026-05-18,1
jATOHV5L,2026-05-23,1
jATOHV5L,2026-05-29,1
jATOHV5L,2026-06-01,1
jATOHV5L,2026-06-04,1
jATOHV5L,2026-06-07,1
jATOHV5L,2026-06-11,1
jATOHV5L,2026-06-16,1
jATOHV5L,2026-06-20,1
jATOHV5L,2026-06-21,1
jATOHV5L,2026-06-22,1
jBMrHY2V,2025-04-22,1
jBNLOaCs,2026-06-23,2
jBNLOaCs,2026-06-25,1
jBNLOaCs,2026-06-26,2
jBNLOaCs,2026-06-28,2
jBNLOaCs,2026-06-29,1
jBNLOaCs,2026-07-02,2
jBNLOaCs,2026-07-03,1
jBNLOaCs,2026-07-06,1
jBNLOaCs,2026-07-07,1
jBNLOaCs,2026-07-13,2
jBNLOaCs,2026-07-14,1
jCu6hxKq,2026-01-05,1
jCu6hxKq,2026-01-18,2
jDPbepc1,2026-08-25,1
jDPbepc1,2026-08-28,1
jDPbepc1,2026-08-30,1
jDPbepc1,2026-09-12,1
jDPbepc1,2026-09-15,2
jDPbepc1,2026-09-18,2
jDPbepc1,2026-09-20,2
jDPbepc1,2026-09-21,3
jDk36Th5,2025-09-02,1
jDk36Th5,2025-09-03,1
jDk36Th5,2025-09-05,1
jDlz327i,2025-09-29,1
jDrXbl0N,2026-07-24,1
jDrXbl0N,2026-07-26,1
jDrXbl0N,2026-08-07,1
jDrXbl0N,2026-08-16,1
jEDEKEaS,2026-06-23,1
jEDEKEaS,2026-06-24,4
jEDEKEaS,2026-06-26,1
jEDEKEaS,2026-06-28,3
jEDEKEaS,2026-06-29,1
jEDEKEaS,2026-07-01,1
jEDEKEaS,2026-07-03,1
jEDEKEaS,2026-07-05,1
jEDEKEaS,2026-07-06,1
jEDEKEaS,2026-07-11,2
jEDEKEaS,2026-07-13,1
jEDEKEaS,2026-07-14,1
jEHVYr9p,2026-07-16,4
jEHVYr9p,2026-07-17,4
jEHVYr9p,2026-07-18,3
jEHVYr9p,2026-07-20,3
jEHVYr9p,2026-07-21,4
jEHVYr9p,2026-07-23,2
jEHVYr9p,2026-07-24,2
jEHVYr9p,2026-07-25,1
jEHVYr9p,2026-07-28,2
jEHVYr9p,2026-07-31,7
jEHVYr9p,2026-08-01,1
jEHVYr9p,2026-08-03,3
jEHVYr9p,2026-08-04,3
jEHVYr9p,2026-08-07,3
jEHVYr9p,2026-08-08,4
jEHVYr9p,2026-08-09,3
jEHVYr9p,2026-08-10,5
jEHVYr9p,2026-08-11,7
jEHVYr9p,2026-08-12,2
jEPSQ0fI,2026-07-11,1
jEPSQ0fI,2026-07-12,1
jEPSQ0fI,2026-07-13,1
jEtLJoiG,2026-03-10,1
jFCy9NoQ,2025-09-18,1
jFCy9NoQ,2025-09-23,1
jFCy9NoQ,2025-09-24,1
jFCy9NoQ,2025-09-30,1
jFOn9Yna,2025-04-20,1
jFXZbkH0,2026-06-24,1
jFXZbkH0,2026-07-04,1
jGdjnlCS,2026-07-12,1
jGdjnlCS,2026-07-13,1
jGk72AJ9,2025-10-04,1
jGk72AJ9,2025-10-05,1
jGk72AJ9,2025-10-08,1
jGk72AJ9,2025-10-11,1
jGpj56Ry,2025-10-28,1
jHs21CI5,2025-03-22,1
jHs21CI5,2025-03-23,1
jI5798lV,2026-05-05,2
jI5798lV,2026-05-06,1
jI5798lV,2026-05-08,1
jI7ZZE9j,2025-07-01,1
jI7ZZE9j,2025-07-11,1
jIAZTfgi,2025-02-18,1
jJ9II69G,2025-03-07,1
jJEed23L,2025-12-18,1
jK9ndj6Q,2026-06-16,1
jK9ndj6Q,2026-06-20,1
jKHzenLv,2025-06-03,2
jKHzenLv,2025-06-11,1
jKHzenLv,2025-06-12,1
jKHzenLv,2025-06-15,1
jKHzenLv,2025-06-16,1
jKHzenLv,2025-06-17,2
jKHzenLv,2025-06-23,1
jKSFT3O5,2025-11-26,1
jKSFT3O5,2025-11-28,1
jL2USsnE,2025-01-13,2
jL2USsnE,2025-01-26,11
jLYVy9xz,2025-04-10,1
jLYVy9xz,2025-04-11,1
jLf8ubAx,2026-03-27,2
jLf8ubAx,2026-04-01,1
jLf8ubAx,2026-04-07,2
jLf8ubAx,2026-04-10,3
jLgV4LMI,2025-12-31,1
jLgV4LMI,2026-01-02,1
jLgV4LMI,2026-01-23,1
jLgV4LMI,2026-01-30,1
jLr6bme7,2026-01-05,1
jLr6bme7,2026-01-15,1
jLrXeAca,2026-03-13,2
jLyYrfbE,2026-07-16,1
jLyYrfbE,2026-07-17,1
jLyYrfbE,2026-07-20,1
jLyYrfbE,2026-07-21,4
jLyYrfbE,2026-07-23,2
jLyYrfbE,2026-07-24,1
jLyYrfbE,2026-07-25,4
jLyYrfbE,2026-07-26,1
jLyYrfbE,2026-07-27,1
jLyYrfbE,2026-07-28,2
jLyYrfbE,2026-07-29,2
jLyYrfbE,2026-07-30,2
jLyYrfbE,2026-07-31,2
jLyYrfbE,2026-08-01,3
jLyYrfbE,2026-08-02,2
jLyYrfbE,2026-08-03,2
jLyYrfbE,2026-08-04,2
jLyYrfbE,2026-08-05,1
jLyYrfbE,2026-08-06,4
jLyYrfbE,2026-08-07,3
jLyYrfbE,2026-08-08,2
jLyYrfbE,2026-08-09,3
jLyYrfbE,2026-08-10,5
jLyYrfbE,2026-08-11,2
jLyYrfbE,2026-08-14,1
jLyYrfbE,2026-08-15,3
jLyYrfbE,2026-08-16,2
jLyYrfbE,2026-08-17,2
jMe7QRyy,2026-05-20,1
jMe7QRyy,2026-05-28,3
jMe7QRyy,2026-05-30,2
jMe7QRyy,2026-06-02,1
jMe7QRyy,2026-06-08,1
jMe7QRyy,2026-06-11,2
jOE8FPmx,2025-07-17,1
jOwEFfhd,2025-05-07,1
jQPi9GKi,2026-03-03,1
jQPi9GKi,2026-03-07,1
jQPi9GKi,2026-03-13,1
jQi1ofTw,2025-08-14,1
jQi1ofTw,2025-08-20,14
jQi1ofTw,2025-08-21,4
jQi1ofTw,2025-08-24,2
jRE8DAtP,2025-05-24,2
jRMAVKZp,2026-02-25,1
jRTxjTXU,2026-08-08,1
jRTxjTXU,2026-08-09,1
jRmi6Tho,2026-09-12,1
jRmi6Tho,2026-09-19,1
jRmi6Tho,2026-09-20,1
jSHIlEuD,2026-02-07,1
jSHIlEuD,2026-02-10,1
jSHIlEuD,2026-02-15,1
jSHIlEuD,2026-02-26,1
jST3afKD,2026-04-19,1
jTYkIrnT,2025-02-06,1
jTYtLpBw,2025-07-20,1
jTxMBRPH,2025-12-08,2
jTxMBRPH,2025-12-10,1
jV1ItSvi,2025-02-23,1
jV63U87u,2025-01-09,2
jV63U87u,2025-01-14,1
jV63U87u,2025-01-17,1
jV63U87u,2025-01-24,1
jVdHVa8P,2025-07-31,2
jVdHVa8P,2025-08-06,2
jVdHVa8P,2025-08-07,1
jW58UVTP,2025-05-09,1
jWcd6kqh,2025-12-01,1
jX4mYZNR,2025-02-02,1
jXGrSvX8,2025-12-08,1
jYXWoUx4,2025-05-17,3
jYXWoUx4,2025-05-19,2
jYXWoUx4,2025-05-24,1
jYZo4qyP,2025-11-22,1
jZd5fRwg,2025-06-18,1
jZrzCuYy,2025-08-08,1
jZta0JHI,2026-01-03,1
jZta0JHI,2026-01-19,1
jZta0JHI,2026-01-28,1
jZta0JHI,2026-02-02,1
ja17g6Vu,2025-09-14,1
ja17g6Vu,2025-09-15,1
ja17g6Vu,2025-09-18,1
ja17g6Vu,2025-09-20,1
ja17g6Vu,2025-09-27,1
jaLKtsQB,2025-09-06,1
jaLKtsQB,2025-09-07,2
jaLKtsQB,2025-09-11,1
jaLKtsQB,2025-09-12,1
jaLKtsQB,2025-09-13,1
jb1mpOpG,2026-01-28,1
jbzWneR9,2025-05-04,1
jbzWneR9,2025-05-05,1
jbzWneR9,2025-05-08,1
jbzWneR9,2025-05-11,1
jbzWneR9,2025-05-12,3
jbzWneR9,2025-05-14,1
jdLCnx7x,2025-12-15,1
jdmqxXKY,2026-02-27,1
jdmqxXKY,2026-03-12,1
jdsvg2ru,2025-08-31,1
jdyU09OB,2026-09-20,1
jeZxj87p,2025-11-18,3
jeZxj87p,2025-11-19,2
jeZxj87p,2025-11-24,2
jeZxj87p,2025-11-27,1
jeZxj87p,2025-11-28,1
jfUjGR5x,2026-08-07,1
jfUjGR5x,2026-08-08,2
jfUjGR5x,2026-08-10,1
jfUjGR5x,2026-08-11,2
jfUjGR5x,2026-08-12,2
jfUjGR5x,2026-08-13,1
jfUjGR5x,2026-08-15,2
jfUjGR5x,2026-08-16,2
jfUjGR5x,2026-08-17,1
jj7L5dTE,2025-08-09,1
jjigYzLJ,2025-03-29,1
jl5ymr7b,2025-07-16,1
jl5ymr7b,2025-07-19,1
jl5ymr7b,2025-07-26,1
jl5ymr7b,2025-07-27,2
jlFZ3y3o,2025-10-24,1
jlkxM5yi,2026-08-19,3
jlkxM5yi,2026-08-20,3
jlkxM5yi,2026-08-21,2
jlkxM5yi,2026-08-22,1
jlkxM5yi,2026-08-23,2
jlkxM5yi,2026-08-26,1
jlkxM5yi,2026-08-27,1
jlkxM5yi,2026-08-28,1
jlkxM5yi,2026-08-29,5
jlkxM5yi,2026-08-30,8
jlkxM5yi,2026-08-31,3
jlkxM5yi,2026-09-01,4
jlkxM5yi,2026-09-02,6
jlkxM5yi,2026-09-03,2
jlkxM5yi,2026-09-04,3
jlkxM5yi,2026-09-05,1
jlkxM5yi,2026-09-06,8
jlkxM5yi,2026-09-07,5
jlkxM5yi,2026-09-08,5
jlkxM5yi,2026-09-09,4
jlkxM5yi,2026-09-10,4
jlkxM5yi,2026-09-11,4
jlkxM5yi,2026-09-12,8
jlkxM5yi,2026-09-13,4
jlkxM5yi,2026-09-14,2
jlkxM5yi,2026-09-15,8
jlkxM5yi,2026-09-16,6
jlkxM5yi,2026-09-17,5
jlkxM5yi,2026-09-18,3
jlkxM5yi,2026-09-19,4
jlkxM5yi,2026-09-20,4
jlkxM5yi,2026-09-21,3
jm7bE3Am,2026-06-06,1
jmWrifJb,2025-03-21,1
jmkZ9DOK,2025-11-28,1
jmuLZUt8,2026-03-23,2
jmuLZUt8,2026-03-27,2
jmuLZUt8,2026-04-06,1
jmuLZUt8,2026-04-09,1
jmuLZUt8,2026-04-12,1
jnIgT3y8,2025-09-04,1
jnzDPrfr,2025-04-10,2
jovBbcPd,2026-04-19,2
jovBbcPd,2026-04-20,1
jovBbcPd,2026-04-24,1
jovBbcPd,2026-04-25,2
jovBbcPd,2026-05-01,1
jovBbcPd,2026-05-02,1
jovBbcPd,2026-05-06,1
jovBbcPd,2026-05-07,1
jovBbcPd,2026-05-09,1
js30tfz0,2026-08-18,1
js30tfz0,2026-08-19,2
js30tfz0,2026-08-22,1
js30tfz0,2026-08-23,1
js30tfz0,2026-09-11,1
js30tfz0,2026-09-13,7
js30tfz0,2026-09-17,4
js30tfz0,2026-09-19,1
jsHURmpO,2026-02-08,2
jsHURmpO,2026-02-15,1
jsHURmpO,2026-02-17,1
jtbw2HcW,2025-06-29,1
jtbw2HcW,2025-06-30,1
jtbw2HcW,2025-07-01,1
jtbw2HcW,2025-07-02,1
jtbw2HcW,2025-07-06,1
jtrk1hzX,2025-02-27,1
jtt5P2fE,2025-08-26,5
jtt5P2fE,2025-08-27,6
jtt5P2fE,2025-08-28,2
jtt5P2fE,2025-08-29,5
jtt5P2fE,2025-08-31,3
jtt5P2fE,2025-09-01,2
jtt5P2fE,2025-09-02,2
jtt5P2fE,2025-09-03,1
jtt5P2fE,2025-09-04,1
jtt5P2fE,2025-09-05,2
jtwempCu,2025-05-07,1
jtwempCu,2025-05-10,1
jv1dBXkx,2025-03-07,16
jvYUG53y,2025-09-08,1
jvYUG53y,2025-09-09,2
jvYUG53y,2025-09-10,3
jvYUG53y,2025-09-11,3
jvYUG53y,2025-09-13,1
jw5RTfge,2026-07-17,1
jw5RTfge,2026-07-19,1
jw5RTfge,2026-07-21,1
jw5RTfge,2026-07-24,2
jw5RTfge,2026-07-26,2
jw5RTfge,2026-07-29,1
jw5RTfge,2026-07-30,1
jw5RTfge,2026-07-31,1
jw5RTfge,2026-08-03,1
jw5RTfge,2026-08-05,1
jw5RTfge,2026-08-07,1
jwIa64xZ,2025-11-07,1
jwIa64xZ,2025-11-17,1
jwt9tTTq,2025-02-17,1
jwt9tTTq,2025-02-18,1
jwt9tTTq,2025-02-19,1
jwt9tTTq,2025-02-20,1
jxwbRfNP,2025-06-27,1
jxwbRfNP,2025-07-05,1
jyMxqQiB,2025-07-04,1
jz4c9IIW,2025-09-07,1
jz4c9IIW,2025-09-08,1
jz4c9IIW,2025-09-09,2
jz4c9IIW,2025-09-10,1
jz4c9IIW,2025-09-11,1
jz4c9IIW,2025-09-12,1
jz4c9IIW,2025-09-13,1
jz4c9IIW,2025-09-14,1
k0D4nlyD,2025-05-28,2
k0D4nlyD,2025-05-29,2
k0D4nlyD,2025-05-31,2
k0D4nlyD,2025-06-01,4
k0D4nlyD,2025-06-02,1
k0D4nlyD,2025-06-03,2
k0D4nlyD,2025-06-04,2
k0D4nlyD,2025-06-05,2
k0D4nlyD,2025-06-06,2
k0D4nlyD,2025-06-07,2
k0D4nlyD,2025-06-08,2
k0D4nlyD,2025-06-09,1
k0D4nlyD,2025-06-10,2
k0D4nlyD,2025-06-11,3
k0jFALSI,2026-07-16,1
k0jFALSI,2026-07-17,1
k0jFALSI,2026-07-18,1
k0jFALSI,2026-07-25,1
k0jFALSI,2026-07-26,1
k0jFALSI,2026-07-27,1
k0jFALSI,2026-08-06,2
k0jFALSI,2026-08-11,1
k18seCar,2026-06-06,2
k18seCar,2026-06-08,2
k18seCar,2026-06-10,1
k18seCar,2026-06-11,1
k18seCar,2026-06-12,1
k18seCar,2026-06-13,1
k18seCar,2026-06-14,2
k18seCar,2026-06-16,1
k18seCar,2026-06-17,1
k18seCar,2026-06-19,1
k18seCar,2026-06-20,2
k18seCar,2026-06-21,1
k1BzCajn,2026-07-16,1
k1BzCajn,2026-07-27,1
k1BzCajn,2026-08-06,1
k1BzCajn,2026-08-13,1
k1SCYWRJ,2025-11-21,1
k1SCYWRJ,2025-11-24,1
k1SCYWRJ,2025-11-25,1
k1SCYWRJ,2025-11-27,1
k1SCYWRJ,2025-11-28,1
k1qAbMJM,2025-04-07,1
k1qAbMJM,2025-04-10,1
k217K50D,2025-08-27,1
k22g69zd,2026-03-22,1
k2cVi4Ih,2026-03-02,1
k2cVi4Ih,2026-03-21,1
k2hqK294,2025-07-19,6
k2hqK294,2025-07-20,10
k2hqK294,2025-07-27,9
k3NKnGb9,2024-12-31,1
k3NKnGb9,2025-01-06,1
k3NKnGb9,2025-01-08,1
k3NKnGb9,2025-01-20,1
k3NKnGb9,2025-01-24,1
k3NKnGb9,2025-02-01,1
k3QtB0iJ,2026-09-13,2
k3QtB0iJ,2026-09-17,1
k3QtB0iJ,2026-09-19,5
k3QtB0iJ,2026-09-20,2
k3QtB0iJ,2026-09-21,2
k3g6UEbV,2025-11-05,2
k3g6UEbV,2025-11-15,2
k3hVcHVL,2025-09-09,4
k3hVcHVL,2025-09-10,1
k3hVcHVL,2025-09-11,1
k3vsuceS,2025-08-14,1
k3vsuceS,2025-08-25,1
k3xm06hj,2025-09-08,1
k3xm06hj,2025-09-11,1
k47ov9UL,2026-03-23,1
k47ov9UL,2026-03-26,3
k47ov9UL,2026-03-27,3
k47ov9UL,2026-03-28,3
k48NPphf,2025-10-05,1
k48NPphf,2025-10-09,1
k48NPphf,2025-10-14,1
k4TQfcPD,2025-01-01,1
k4XEwfBm,2024-12-26,8
k4XEwfBm,2024-12-27,2
k4XEwfBm,2024-12-28,4
k4XEwfBm,2024-12-29,2
k4XEwfBm,2024-12-31,2
k4XEwfBm,2025-01-01,1
k4XEwfBm,2025-01-02,3
k4XEwfBm,2025-01-07,2
k4XEwfBm,2025-01-12,1
k4XEwfBm,2025-01-14,1
k4XEwfBm,2025-01-15,2
k4XEwfBm,2025-01-16,3
k4XEwfBm,2025-01-23,1
k4XEwfBm,2025-01-24,3
k4XEwfBm,2025-02-02,1
k4XEwfBm,2025-02-03,6
k4XEwfBm,2025-02-04,4
k4XEwfBm,2025-02-05,1
k55Kh5YY,2026-09-16,1
k55Kh5YY,2026-09-17,1
k55Kh5YY,2026-09-21,1
k5FGXhSk,2025-12-31,1
k5FGXhSk,2026-01-11,1
k5FGXhSk,2026-01-22,1
k5FGXhSk,2026-01-23,1
k5FGXhSk,2026-01-25,1
k5VsiWba,2025-02-05,1
k5eXLx5C,2026-08-27,1
k5eXLx5C,2026-08-28,5
k5eXLx5C,2026-09-15,1
k5eXLx5C,2026-09-16,1
k5eXLx5C,2026-09-17,1
k5eXLx5C,2026-09-19,3
k5eXLx5C,2026-09-20,6
k5eXLx5C,2026-09-21,4
k5kGjbEK,2025-03-20,1
k5kGjbEK,2025-03-22,1
k6D1Xh7L,2025-02-19,1
k6D1Xh7L,2025-02-20,1
k6apjUUv,2026-08-22,1
k6apjUUv,2026-08-26,1
k6apjUUv,2026-09-03,1
k6apjUUv,2026-09-06,1
k6apjUUv,2026-09-18,1
k6apjUUv,2026-09-19,2
k6dmMuxk,2025-11-23,1
k6s6J48v,2025-07-29,1
k6v8YMVE,2026-09-12,1
k73wtnD1,2025-03-15,1
k7Zrvb2L,2025-10-07,1
k7Zrvb2L,2025-10-10,1
k7uU3Nwp,2026-03-28,1
k7uU3Nwp,2026-04-01,3
k7uU3Nwp,2026-04-04,3
k7uU3Nwp,2026-04-05,1
k7uU3Nwp,2026-04-06,1
k7uU3Nwp,2026-04-09,1
k7uU3Nwp,2026-04-10,2
k7uU3Nwp,2026-04-11,2
k7uU3Nwp,2026-04-12,2
k7uU3Nwp,2026-04-13,1
k7uU3Nwp,2026-04-15,1
k84ZE5LV,2026-03-17,1
k8NsFpYj,2025-01-01,1
k8NsFpYj,2025-01-02,3
k8NsFpYj,2025-01-05,1
k8NsFpYj,2025-01-12,1
k8NsFpYj,2025-01-15,1
k8NsFpYj,2025-01-17,2
k8NsFpYj,2025-02-03,1
k8NsFpYj,2025-02-04,1
k8NvcywV,2026-01-29,1
k8S9aMcU,2025-01-05,1
k8S9aMcU,2025-02-04,1
k8SU0Ty3,2026-07-06,1
k8XAliFf,2025-08-28,1
k93v49gP,2025-12-31,2
k99MYRFn,2025-11-08,1
k99MYRFn,2025-11-13,1
k9EDYV01,2025-07-30,1
k9EDYV01,2025-08-01,1
k9EDYV01,2025-08-02,2
kB7gEcKL,2025-05-01,2
kBLWxj1u,2026-02-08,1
kBktWOHA,2025-04-10,3
kC23ui78,2026-03-06,1
kC23ui78,2026-03-09,1
kC23ui78,2026-03-12,1
kC23ui78,2026-03-13,1
kC23ui78,2026-03-20,1
kC2kGm2p,2025-06-10,1
kExopT9Y,2025-02-15,1
kEyntxq6,2026-03-07,2
kFuMNToK,2026-08-07,1
kG6LZbAv,2025-02-19,2
kG8JN7bp,2025-09-07,1
kG8JN7bp,2025-09-11,1
kG8JN7bp,2025-09-13,2
kHFzXFpC,2026-07-18,1
kHFzXFpC,2026-07-24,3
kHFzXFpC,2026-08-15,1
kHGHPtJG,2025-07-12,1
kHGHPtJG,2025-07-13,1
kI3dgUZF,2026-02-07,4
kI3dgUZF,2026-02-24,4
kIDwXLqf,2026-08-20,1
kIDwXLqf,2026-09-05,3
kIDwXLqf,2026-09-07,1
kIDwXLqf,2026-09-09,1
kIDwXLqf,2026-09-10,1
kIDwXLqf,2026-09-14,1
kIDwXLqf,2026-09-19,2
kIDwXLqf,2026-09-20,3
kIDwXLqf,2026-09-21,3
kIEnESzB,2025-11-12,1
kIzutiuR,2025-02-14,1
kIzutiuR,2025-02-16,2
kJFAfrl7,2025-12-29,1
kJFAfrl7,2025-12-30,2
kJFAfrl7,2025-12-31,1
kJFAfrl7,2026-01-01,1
kJFAfrl7,2026-01-06,1
kJFAfrl7,2026-01-08,3
kJFAfrl7,2026-01-11,3
kJFAfrl7,2026-01-16,1
kJFAfrl7,2026-01-24,1
kJFAfrl7,2026-01-26,1
kJFwXwGg,2025-06-09,1
kJFwXwGg,2025-06-10,2
kJdAn0kx,2026-03-26,1
kJxJWP6Q,2025-02-11,1
kJxJWP6Q,2025-02-12,1
kK1uYqoo,2025-06-23,2
kK7QFUjD,2025-01-15,1
kL36PBiy,2025-09-17,1
kL4wmCpv,2026-09-17,1
kLROL6UW,2026-05-18,1
kLROL6UW,2026-06-01,1
kLWBUnmt,2026-03-26,1
kLdzTSjo,2025-02-11,2
kLdzTSjo,2025-02-12,2
kLdzTSjo,2025-02-13,1
kMAA1Kjv,2025-03-22,1
kMuf50JK,2025-05-29,1
kMuf50JK,2025-06-01,1
kMuf50JK,2025-06-03,1
kN2JtZG8,2025-05-17,1
kN4wySsf,2025-01-25,1
kO1C1ezN,2025-08-27,1
kO1Kvy7f,2025-07-03,2
kO4Ypi6f,2026-05-17,1
kO4Ypi6f,2026-05-18,1
kO4Ypi6f,2026-05-27,1
kO4Ypi6f,2026-06-06,1
kO4Ypi6f,2026-06-07,1
kO4Ypi6f,2026-06-09,1
kO98EK2V,2024-12-27,2
kO98EK2V,2024-12-28,1
kOZx7iM4,2025-07-12,1
kP1Ps70W,2026-05-16,1
kPRBRee4,2025-10-29,1
kQ7CN1ej,2025-04-11,1
kQ7CN1ej,2025-04-12,1
kQCBp49n,2025-12-04,2
kQCBp49n,2025-12-07,1
kQCBp49n,2025-12-09,2
kQCBp49n,2025-12-26,2
kQXwNZHG,2025-06-27,1
kQXwNZHG,2025-06-30,1
kQXwNZHG,2025-07-01,4
kQXwNZHG,2025-07-02,1
kQXwNZHG,2025-07-05,1
kQXwNZHG,2025-07-06,1
kQXwNZHG,2025-07-09,1
kQXwNZHG,2025-07-11,1
kQXwNZHG,2025-07-13,1
kQlnqafv,2025-10-23,1
kStYBmYZ,2025-05-30,1
kTHK6lPn,2025-11-23,1
kTTXyqOF,2025-03-20,1
kTTXyqOF,2025-03-23,1
kTTXyqOF,2025-03-26,1
kTa6MqUC,2026-09-05,3
kTa6MqUC,2026-09-17,2
kTa6MqUC,2026-09-20,2
kTnfkbha,2026-02-09,2
kTnfkbha,2026-02-10,2
kTnfkbha,2026-02-15,1
kTnfkbha,2026-02-17,2
kTnfkbha,2026-02-21,1
kTnfkbha,2026-02-22,1
kTnfkbha,2026-02-23,1
kTnfkbha,2026-02-25,1
kW6wNTRh,2026-04-16,1
kW6wNTRh,2026-04-19,1
kW6wNTRh,2026-04-22,1
kW6wNTRh,2026-04-29,1
kW6wNTRh,2026-05-09,1
kW6wNTRh,2026-05-11,2
kW6wNTRh,2026-05-13,1
kW6wNTRh,2026-05-14,1
kW8DmV2z,2025-01-03,1
kW8DmV2z,2025-01-24,1
kWJyPB0C,2026-09-17,1
kWJyPB0C,2026-09-20,1
kWLG6Iru,2026-08-05,1
kWLG6Iru,2026-08-12,1
kWLG6Iru,2026-08-16,1
kXfxg6d7,2025-11-03,1
kZ2zX0Tf,2025-07-16,2
kZ2zX0Tf,2025-07-26,1
kZ8IRQ9A,2026-04-27,1
kZlwUhiV,2026-04-04,1
kZlwUhiV,2026-04-05,1
kZlwUhiV,2026-04-06,1
kZlwUhiV,2026-04-10,1
kasHywKm,2026-04-17,1
kasHywKm,2026-05-13,1
kaug2rxA,2026-06-23,8
kaug2rxA,2026-06-24,10
kaug2rxA,2026-06-25,10
kaug2rxA,2026-06-26,13
kaug2rxA,2026-06-27,2
kaug2rxA,2026-06-28,4
kaug2rxA,2026-06-29,7
kaug2rxA,2026-06-30,1
kaug2rxA,2026-07-03,1
kaug2rxA,2026-07-04,8
kaug2rxA,2026-07-05,4
kaug2rxA,2026-07-07,4
kaug2rxA,2026-07-08,1
kaug2rxA,2026-07-09,6
kaug2rxA,2026-07-10,4
kaug2rxA,2026-07-11,3
kaug2rxA,2026-07-16,7
kbTJkCmI,2025-12-31,1
kbTJkCmI,2026-01-09,1
kbXK22Et,2025-04-29,2
kbss0Q6F,2026-05-22,1
kbss0Q6F,2026-05-28,2
kbss0Q6F,2026-06-10,1
kbtZ83wb,2026-08-18,5
kbtZ83wb,2026-08-19,2
kbtZ83wb,2026-08-20,1
kbtZ83wb,2026-08-23,1
kbtZ83wb,2026-08-24,1
kbtZ83wb,2026-08-25,1
kbtZ83wb,2026-08-27,2
kbtZ83wb,2026-08-28,1
kbtZ83wb,2026-08-30,2
kbtZ83wb,2026-08-31,2
kbtZ83wb,2026-09-04,2
kbtZ83wb,2026-09-05,3
kbtZ83wb,2026-09-07,3
kbtZ83wb,2026-09-08,1
kbtZ83wb,2026-09-11,3
kbtZ83wb,2026-09-12,6
kbtZ83wb,2026-09-13,2
kbtZ83wb,2026-09-14,1
kbtZ83wb,2026-09-15,5
kbtZ83wb,2026-09-16,2
kbtZ83wb,2026-09-17,11
kbtZ83wb,2026-09-18,4
kbtZ83wb,2026-09-19,3
kbtZ83wb,2026-09-20,9
kbtZ83wb,2026-09-21,2
kcF5psRV,2026-09-14,1
kcF5psRV,2026-09-17,1
kcF5psRV,2026-09-20,1
kcgJNcav,2026-07-17,1
kcgJNcav,2026-07-18,1
kcgJNcav,2026-07-19,1
kcgJNcav,2026-07-22,2
kcgJNcav,2026-07-25,1
kcgJNcav,2026-07-28,1
kcgJNcav,2026-07-31,1
kcgJNcav,2026-08-01,1
kcgJNcav,2026-08-02,1
kcgJNcav,2026-08-05,2
kcgJNcav,2026-08-11,1
kcgJNcav,2026-08-12,1
kcgJNcav,2026-08-13,1
kcgJNcav,2026-08-15,3
kcgJNcav,2026-08-16,2
kdwoVTaV,2025-10-21,1
keJzdXpx,2025-11-24,1
kfGbCHCn,2025-07-16,1
kfLAREwt,2026-09-18,1
kfLAREwt,2026-09-19,1
kfT8dd8v,2025-08-28,1
kgDIOPSB,2026-04-29,1
kh5Yx1q5,2025-07-14,1
kh5Yx1q5,2025-07-16,1
kh5Yx1q5,2025-07-24,1
ki8VBwWr,2025-04-25,1
kiMGnkun,2026-09-12,1
kiMGnkun,2026-09-13,1
kiMGnkun,2026-09-19,1
kiMGnkun,2026-09-20,1
kiMGnkun,2026-09-21,1
kigRYWVf,2025-11-06,4
kigRYWVf,2025-11-17,1
kjebiJpg,2026-08-16,1
kk7IaZd5,2025-02-09,1
kkNWkZKN,2026-03-18,1
kkNWkZKN,2026-03-19,1
kkNWkZKN,2026-03-20,1
kkj7y3Av,2025-10-24,1
kkj7y3Av,2025-10-26,1
klbb8SG6,2026-06-23,2
klbb8SG6,2026-06-26,1
klbb8SG6,2026-07-04,1
klbb8SG6,2026-07-11,2
klbb8SG6,2026-07-14,1
klk3UpiE,2025-07-27,1
klr2cRZB,2025-10-18,1
klr2cRZB,2025-10-23,1
klr2cRZB,2025-10-28,1
klr2cRZB,2025-10-31,1
km3pz2VM,2025-03-23,1
kmHHjiHs,2026-02-12,2
kmHHjiHs,2026-02-26,1
kmSKOZKX,2026-01-13,1
kmfTnIoV,2025-03-04,1
kmfTnIoV,2025-03-05,1
kn7WYizf,2026-02-27,2
kn7WYizf,2026-03-01,1
kn7WYizf,2026-03-08,2
kn7WYizf,2026-03-09,1
kn7WYizf,2026-03-13,1
kn7WYizf,2026-03-14,2
kn7WYizf,2026-03-15,1
kn7WYizf,2026-03-16,1
kn7WYizf,2026-03-19,1
knim5qr2,2025-04-17,1
knim5qr2,2025-04-27,2
kny2KE5p,2025-11-22,3
kny2KE5p,2025-11-23,1
kny2KE5p,2025-11-27,1
kny2KE5p,2025-11-28,2
kpd1gl5x,2026-02-11,1
kq591owa,2026-03-05,1
kq591owa,2026-03-09,1
kq591owa,2026-03-19,1
kqU7vv06,2025-09-06,1
kqU7vv06,2025-09-07,1
kqU7vv06,2025-09-08,1
kqU7vv06,2025-09-11,1
kqU7vv06,2025-09-12,1
kqU7vv06,2025-09-13,3
krje8NBm,2025-03-02,1
krje8NBm,2025-03-04,1
krseekZG,2025-07-11,1
ks0gWHFa,2025-09-09,1
ksCQd3Ko,2025-12-28,1
ksCQd3Ko,2025-12-31,1
ksCQd3Ko,2026-01-02,1
ksCQd3Ko,2026-01-03,2
ksCQd3Ko,2026-01-05,1
ksCQd3Ko,2026-01-06,1
ksCQd3Ko,2026-01-08,1
ksCQd3Ko,2026-01-09,3
ksCQd3Ko,2026-01-11,3
ksCQd3Ko,2026-01-13,1
ksCQd3Ko,2026-01-14,1
ksCQd3Ko,2026-01-15,2
ksCQd3Ko,2026-01-19,1
ksCQd3Ko,2026-01-20,4
ksCQd3Ko,2026-01-23,2
ksCQd3Ko,2026-01-25,1
ksCQd3Ko,2026-01-27,1
ksCQd3Ko,2026-02-01,1
ksE0eube,2025-03-25,1
kt0wkFoW,2025-02-14,3
kt0wkFoW,2025-02-15,1
kt0wkFoW,2025-02-18,3
kt0wkFoW,2025-02-19,1
kt0wkFoW,2025-02-20,1
kuaxt8QZ,2025-09-06,4
kuaxt8QZ,2025-09-07,4
kuaxt8QZ,2025-09-08,4
kuaxt8QZ,2025-09-09,4
kuaxt8QZ,2025-09-10,4
kuaxt8QZ,2025-09-11,3
kuaxt8QZ,2025-09-12,3
kuaxt8QZ,2025-09-13,3
kwdN0TJJ,2025-04-12,1
kwgwGIyL,2025-08-07,1
kwgwGIyL,2025-08-08,1
kwgwGIyL,2025-08-10,2
kwgwGIyL,2025-08-11,1
kwgwGIyL,2025-08-12,1
kwgwGIyL,2025-08-15,2
kwgwGIyL,2025-08-16,1
kwgwGIyL,2025-08-19,1
kwgwGIyL,2025-08-23,2
kwgwGIyL,2025-08-24,2
ky1lRIwj,2025-12-28,1
ky1lRIwj,2026-01-03,1
kznWBZLv,2026-06-23,2
kznWBZLv,2026-06-29,1
kzyy2Jxr,2025-08-07,1
kzyy2Jxr,2025-08-08,1
kzyy2Jxr,2025-08-10,2
kzyy2Jxr,2025-08-19,2
kzyy2Jxr,2025-08-20,1
l00nf6lW,2025-04-18,1
l0DdB6PK,2024-12-27,1
l0KgYmLZ,2026-08-27,1
l0UzueN5,2025-10-12,1
l1RU9ZzV,2025-07-20,1
l2EOGIOi,2026-04-16,1
l2EOGIOi,2026-04-18,1
l2EOGIOi,2026-04-19,1
l2EOGIOi,2026-05-02,1
l2EOGIOi,2026-05-05,1
l2EOGIOi,2026-05-06,1
l2EOGIOi,2026-05-11,1
l2EOGIOi,2026-05-13,1
l2ZNrtYk,2025-07-24,1
l3vWE9VP,2025-03-10,1
l407G9zK,2025-06-04,1
l4L6xReJ,2026-02-05,1
l4L6xReJ,2026-02-08,1
l4L6xReJ,2026-02-18,3
l4SdiLOU,2026-04-21,1
l4gd2JmW,2026-05-17,1
l5HbaAQ0,2025-07-03,1
l5UnHVgg,2025-08-08,1
l65C68WU,2025-09-06,1
l65C68WU,2025-09-08,2
l65C68WU,2025-09-09,1
l65C68WU,2025-09-11,2
l65C68WU,2025-09-12,1
l690VwRW,2026-08-11,1
l6vgKekH,2025-11-18,1
l6vgKekH,2025-11-20,1
l6vgKekH,2025-11-28,1
l7tgguWY,2025-08-25,1
l7zNgcjW,2025-09-10,3
l7zNgcjW,2025-09-11,1
l7zNgcjW,2025-09-12,1
l7zNgcjW,2025-09-13,1
l9Orud0O,2025-07-19,1
l9Orud0O,2025-07-20,1
l9Orud0O,2025-07-29,1
l9f34O8q,2025-11-22,1
lApYf1a9,2026-08-14,1
lBLa5rqp,2025-06-28,1
lBTNdPE0,2026-07-22,1
lBTNdPE0,2026-07-24,1
lBTNdPE0,2026-08-01,1
lBUxMJHh,2025-11-20,1
lBUxMJHh,2025-11-22,1
lBfKh9MX,2025-12-30,1
lC8rBeGj,2025-07-05,1
lCDEtsKN,2026-04-21,1
lCbrnExt,2026-08-10,1
lDHQKUAt,2026-03-31,1
lE7HVRNl,2026-09-06,1
lE7HVRNl,2026-09-11,2
lE7HVRNl,2026-09-19,1
lE7HVRNl,2026-09-20,1
lE7HVRNl,2026-09-21,2
lEp0Zkqz7,2024-12-26,22
lFAYIJsR,2026-08-19,1
lFAYIJsR,2026-08-22,1
lFAYIJsR,2026-08-24,1
lFAYIJsR,2026-08-25,1
lFAYIJsR,2026-08-27,1
lFAYIJsR,2026-08-28,2
lFAYIJsR,2026-08-30,1
lFAYIJsR,2026-08-31,2
lFAYIJsR,2026-09-04,2
lFAYIJsR,2026-09-07,2
lFAYIJsR,2026-09-08,1
lFAYIJsR,2026-09-12,1
lFAYIJsR,2026-09-13,3
lFAYIJsR,2026-09-16,1
lFAYIJsR,2026-09-17,1
lFAYIJsR,2026-09-19,2
lFAYIJsR,2026-09-21,2
lFDes7iq,2025-09-17,1
lFDes7iq,2025-09-19,1
lFFTwbES,2026-02-14,1
lGVmo6fQ,2025-06-13,1
lH7cJUSg,2025-05-27,1
lHD5LTSV,2026-06-08,1
lHD5LTSV,2026-06-16,1
lHD5LTSV,2026-06-22,1
lHRj0YoB,2025-11-19,2
lHRj0YoB,2025-11-23,1
lHRj0YoB,2025-11-26,1
lHur2SpD,2026-09-11,1
lHur2SpD,2026-09-14,1
lHur2SpD,2026-09-19,1
lI3hCbaO,2025-03-02,1
lI3hCbaO,2025-03-03,1
lIPwqus5,2026-08-03,1
lIn85klH,2025-09-21,1
lIq2QRG3,2026-06-08,1
lJ0a7vCq,2026-02-04,2
lJ0a7vCq,2026-02-05,1
lJ0a7vCq,2026-02-07,7
lJ0a7vCq,2026-02-08,2
lJ0a7vCq,2026-02-11,1
lJ0a7vCq,2026-02-15,2
lJ0a7vCq,2026-02-16,1
lJ0a7vCq,2026-02-19,1
lJ0a7vCq,2026-02-21,1
lJ0a7vCq,2026-02-26,1
lJbhEd8Y,2025-04-30,1
lJcuL6Yl,2026-03-13,2
lJcuL6Yl,2026-03-19,1
lJfQzrEA,2026-02-09,1
lJfQzrEA,2026-02-15,2
lJfQzrEA,2026-02-16,1
lKYqHe0J,2025-02-17,1
lKYqHe0J,2025-02-18,1
lKYqHe0J,2025-02-20,1
lKwLI3O3,2025-07-16,1
lLDDul0b,2026-03-14,1
lLDDul0b,2026-03-22,1
lLHGZP03,2026-08-07,1
lLnRGE50,2026-01-07,1
lLnRGE50,2026-02-01,1
lLsYp16G,2026-06-25,1
lLsYp16G,2026-06-29,2
lLsYp16G,2026-07-03,1
lLsYp16G,2026-07-06,1
lLsYp16G,2026-07-12,1
lLsYp16G,2026-07-13,1
lLyYcCTf,2025-09-14,1
lLyYcCTf,2025-09-24,1
lMUAZ7ww,2025-02-09,2
lNPGgeyD,2025-11-04,1
lNYoNCXS,2025-12-02,1
lNYoNCXS,2025-12-03,1
lNYoNCXS,2025-12-04,1
lNYoNCXS,2025-12-06,1
lNYoNCXS,2025-12-12,1
lNYoNCXS,2025-12-13,1
lNYoNCXS,2025-12-24,1
lNwhnOUD,2026-02-21,1
lOApA9gP,2025-05-02,1
lOApA9gP,2025-05-12,1
lPNY64Be,2025-10-13,1
lQd5pxh3,2026-06-07,2
lSJpVxhP,2026-07-21,1
lSJpVxhP,2026-07-24,3
lSJpVxhP,2026-08-02,1
lSOi2Vcp,2026-06-18,1
lTD0b5Co,2026-03-28,1
lTD0b5Co,2026-04-11,2
lTgLM2aV,2025-02-11,1
lU2T4Yao,2025-06-28,1
lU2T4Yao,2025-07-13,1
lUDAYepn,2026-06-23,1
lUDAYepn,2026-06-24,1
lUDAYepn,2026-06-25,1
lUDAYepn,2026-07-03,1
lUDAYepn,2026-07-08,1
lUDAYepn,2026-07-09,1
lUDAYepn,2026-07-14,1
lUDAYepn,2026-07-16,1
lUJfrYy0,2026-04-17,2
lUJfrYy0,2026-04-21,1
lUJfrYy0,2026-04-28,1
lUJfrYy0,2026-05-03,1
lUJfrYy0,2026-05-06,1
lUJfrYy0,2026-05-08,3
lUJfrYy0,2026-05-10,1
lUJfrYy0,2026-05-12,3
lUJfrYy0,2026-05-14,2
lULxUc9q,2026-08-18,1
lULxUc9q,2026-08-19,1
lULxUc9q,2026-08-20,1
lULxUc9q,2026-08-21,5
lULxUc9q,2026-08-22,4
lULxUc9q,2026-08-23,5
lULxUc9q,2026-08-24,1
lULxUc9q,2026-08-25,3
lULxUc9q,2026-08-26,4
lULxUc9q,2026-08-27,4
lULxUc9q,2026-08-28,4
lULxUc9q,2026-08-29,5
lULxUc9q,2026-08-30,1
lULxUc9q,2026-08-31,5
lULxUc9q,2026-09-01,1
lULxUc9q,2026-09-02,4
lULxUc9q,2026-09-03,3
lULxUc9q,2026-09-04,5
lULxUc9q,2026-09-05,2
lULxUc9q,2026-09-06,7
lULxUc9q,2026-09-07,2
lULxUc9q,2026-09-08,3
lULxUc9q,2026-09-09,2
lULxUc9q,2026-09-10,2
lULxUc9q,2026-09-11,3
lULxUc9q,2026-09-12,6
lULxUc9q,2026-09-13,3
lULxUc9q,2026-09-14,5
lULxUc9q,2026-09-15,5
lULxUc9q,2026-09-16,4
lULxUc9q,2026-09-17,6
lULxUc9q,2026-09-18,9
lULxUc9q,2026-09-19,4
lULxUc9q,2026-09-20,6
lULxUc9q,2026-09-21,7
lUQC4MW4,2026-04-04,1
lVcuyt56,2026-08-31,1
lVcuyt56,2026-09-11,1
lVcuyt56,2026-09-20,1
lXPw9oJD,2026-04-30,1
lXfQhtck,2025-09-10,1
lXnUdpY3,2026-08-18,1
lXnUdpY3,2026-08-20,2
lXnUdpY3,2026-08-24,1
lXnUdpY3,2026-08-25,4
lXnUdpY3,2026-08-27,1
lXnUdpY3,2026-08-29,1
lXnUdpY3,2026-09-02,2
lXnUdpY3,2026-09-03,1
lXnUdpY3,2026-09-05,1
lXnUdpY3,2026-09-06,5
lXnUdpY3,2026-09-12,4
lXnUdpY3,2026-09-13,3
lXnUdpY3,2026-09-14,2
lXnUdpY3,2026-09-15,5
lXnUdpY3,2026-09-16,2
lXnUdpY3,2026-09-17,2
lXnUdpY3,2026-09-18,5
lXnUdpY3,2026-09-19,2
lXnUdpY3,2026-09-20,2
lXnUdpY3,2026-09-21,4
lY5XAdSz,2026-06-19,1
lY8S8kF6,2026-05-16,3
lY8S8kF6,2026-05-19,2
lY8S8kF6,2026-05-24,1
lY8S8kF6,2026-05-28,1
laKdyAth,2026-07-24,1
laKdyAth,2026-08-14,1
laP0ySn3,2025-11-29,3
laP0ySn3,2025-11-30,2
laP0ySn3,2025-12-02,2
laP0ySn3,2025-12-06,2
laP0ySn3,2025-12-07,4
laP0ySn3,2025-12-12,2
laP0ySn3,2025-12-14,3
laP0ySn3,2025-12-15,2
laP0ySn3,2025-12-16,2
laP0ySn3,2025-12-22,2
laP0ySn3,2025-12-26,4
lad9DWhh,2025-10-15,1
latmDPsw,2026-08-14,1
lcfSkSR5,2026-01-23,1
lcvQJIJe,2025-11-20,1
lcvQJIJe,2025-11-26,1
ld3BKEMR,2026-02-10,1
ldp16SrS,2026-08-24,1
ldp16SrS,2026-09-02,1
lecCkRv0,2025-10-23,1
lecCkRv0,2025-10-29,2
lecCkRv0,2025-11-01,1
lgYxzekp,2025-03-15,1
lhu34VXX,2026-08-26,1
lhu34VXX,2026-08-28,1
lhu34VXX,2026-08-30,2
lhu34VXX,2026-09-06,2
lhu34VXX,2026-09-13,2
lhu34VXX,2026-09-15,1
lhu34VXX,2026-09-16,1
lhu34VXX,2026-09-17,1
lhu34VXX,2026-09-19,2
lhu34VXX,2026-09-20,1
lhuTU5eu,2025-12-25,1
ljMJbEYs,2025-05-16,1
ljMJbEYs,2025-05-17,1
ljMJbEYs,2025-05-18,1
ljMJbEYs,2025-05-19,1
ljMJbEYs,2025-05-20,1
ljMJbEYs,2025-05-22,1
ljMJbEYs,2025-05-23,1
ljMJbEYs,2025-05-24,1
ljMJbEYs,2025-05-26,3
ljwt756x,2026-05-15,1
lk9ZxNjqy,2024-12-26,1
lkAHuMye,2026-07-19,1
llC0YGLS,2025-10-24,1
llD0ZZIl,2026-06-23,2
llD0ZZIl,2026-06-24,4
llD0ZZIl,2026-06-25,2
llD0ZZIl,2026-06-26,1
llD0ZZIl,2026-06-27,1
llD0ZZIl,2026-06-28,2
llD0ZZIl,2026-06-29,1
llD0ZZIl,2026-07-02,1
llD0ZZIl,2026-07-03,1
llD0ZZIl,2026-07-04,2
llD0ZZIl,2026-07-07,1
llD0ZZIl,2026-07-09,2
llD0ZZIl,2026-07-10,1
llD0ZZIl,2026-07-11,1
llD0ZZIl,2026-07-12,1
llD0ZZIl,2026-07-14,1
llD0ZZIl,2026-07-15,1
llOchz7f,2025-10-16,1
llSYdqQp,2025-03-30,1
lmgYOVec,2026-03-21,2
lneovOqL,2025-12-11,2
lneovOqL,2025-12-12,1
lnwxvE2E,2026-07-27,1
lnwxvE2E,2026-08-01,1
lpGE8dva,2025-04-11,3
lrT6Dh1P,2025-10-24,1
lrb5WXOb,2025-02-17,1
lskTS8T3,2026-03-07,11
lskTS8T3,2026-03-13,1
ltSPgePE,2025-12-04,3
lu26VAxU,2025-12-04,1
lu26VAxU,2025-12-08,1
lvSDMtgm,2025-11-29,2
lvSDMtgm,2025-12-02,1
lw9x1rTr,2025-12-11,1
lw9x1rTr,2025-12-17,1
lw9x1rTr,2025-12-25,1
lw9x1rTr,2025-12-27,2
lwAyasmJ,2025-08-05,1
lwcz1bY3,2025-08-24,1
lwhczGJ5,2025-04-11,1
lxgpKtJV,2025-10-05,1
lxgpKtJV,2025-10-08,1
lxgpKtJV,2025-10-12,1
lyVu8E8n,2026-05-15,1
lyVu8E8n,2026-05-16,1
lyVu8E8n,2026-05-20,1
lyVu8E8n,2026-05-23,1
lyVu8E8n,2026-06-03,1
lyVu8E8n,2026-06-17,1
lyVu8E8n,2026-06-18,1
lyVu8E8n,2026-06-21,1
lyVu8E8n,2026-06-22,1
lzWSe677,2026-06-24,1
lzWSe677,2026-06-25,1
lzWSe677,2026-06-26,2
lzWSe677,2026-07-06,1
lzWSe677,2026-07-13,3
m0HiwJyw,2025-11-09,4
m0HiwJyw,2025-11-11,1
m0PlRspt,2025-11-09,1
m0PlRspt,2025-11-15,1
m0cb6J1r,2026-03-23,1
m0cb6J1r,2026-03-27,1
m0ptOsU2,2025-11-22,1
m1JeRvCc,2026-03-28,2
m1JeRvCc,2026-03-30,1
m1JeRvCc,2026-04-03,1
m1JeRvCc,2026-04-05,2
m1JeRvCc,2026-04-06,1
m1JeRvCc,2026-04-09,1
m1JeRvCc,2026-04-10,1
m1JeRvCc,2026-04-12,1
m1JeRvCc,2026-04-13,1
m25QJXiF,2025-03-15,1
m2ARMROb,2025-11-16,1
m3RLN5vz,2025-01-14,1
m3YP4Twj,2025-01-14,1
m3YP4Twj,2025-01-15,4
m4AzbUa8,2024-12-26,1
m4AzbUa8,2024-12-29,1
m4Jywsxe,2025-01-23,1
m5Bm5LTx,2025-11-29,1
m5Bm5LTx,2025-12-01,2
m5Bm5LTx,2025-12-03,1
m5Bm5LTx,2025-12-04,1
m5Bm5LTx,2025-12-05,1
m5Bm5LTx,2025-12-06,2
m5Bm5LTx,2025-12-08,1
m5Bm5LTx,2025-12-10,2
m5Bm5LTx,2025-12-11,2
m5Bm5LTx,2025-12-12,1
m5Bm5LTx,2025-12-13,1
m5Bm5LTx,2025-12-14,3
m5Bm5LTx,2025-12-15,3
m5Bm5LTx,2025-12-21,2
m5Bm5LTx,2025-12-24,2
m5Bm5LTx,2025-12-25,2
m5Bm5LTx,2025-12-27,2
m5IJBZow,2025-05-27,1
m5S8NaLh,2025-03-19,1
m5dMRNBB,2026-02-09,1
m5mgHujT,2025-10-01,1
m5mgHujT,2025-10-12,1
m5w9Hs7E,2025-12-31,1
m5w9Hs7E,2026-01-02,1
m5w9Hs7E,2026-01-03,1
m5w9Hs7E,2026-01-05,1
m5w9Hs7E,2026-01-09,1
m5w9Hs7E,2026-01-10,1
m5w9Hs7E,2026-01-12,1
m5w9Hs7E,2026-01-14,1
m5w9Hs7E,2026-01-15,1
m5w9Hs7E,2026-01-20,1
m5w9Hs7E,2026-01-21,1
m5w9Hs7E,2026-01-22,1
m5w9Hs7E,2026-01-23,2
m5w9Hs7E,2026-01-25,3
m5w9Hs7E,2026-01-26,2
m5w9Hs7E,2026-01-27,2
m5w9Hs7E,2026-01-28,1
m5w9Hs7E,2026-02-01,2
m64XEDLM,2025-02-10,1
m6Phwi7J,2025-02-04,1
m6V5MYbG,2025-01-24,1
m6VwTn2H,2026-07-01,1
m6VwTn2H,2026-07-07,1
m6VwTn2H,2026-07-14,1
m7MGn2eC,2025-01-18,1
m7cabL1Q,2025-02-11,2
m7tvX5rN,2025-11-08,1
m82be1f2,2025-06-12,3
m84RpvEf,2026-02-04,2
m84RpvEf,2026-02-06,3
m84RpvEf,2026-02-08,3
m84RpvEf,2026-02-09,1
m84RpvEf,2026-02-13,2
m84RpvEf,2026-02-15,2
m84RpvEf,2026-02-20,3
m84RpvEf,2026-02-21,1
m84RpvEf,2026-02-24,1
m84RpvEf,2026-02-25,1
m8CeqshM,2025-02-22,1
m8CeqshM,2025-02-28,1
m8DQszX8,2025-06-03,1
m8DQszX8,2025-06-04,1
m8DQszX8,2025-06-08,1
m8KPbSDk,2025-08-01,1
m8n4WBu5,2025-03-22,1
m9Syuz3M,2025-04-08,1
m9awIuPS,2025-09-07,2
m9awIuPS,2025-09-08,2
m9awIuPS,2025-09-09,1
m9awIuPS,2025-09-12,1
m9x4AYjo,2025-04-20,1
m9x4AYjo,2025-04-22,2
m9x4AYjo,2025-04-29,6
mAXAgTxI,2026-06-23,1
mAXAgTxI,2026-06-24,9
mAXAgTxI,2026-06-26,5
mAXAgTxI,2026-06-28,2
mAXAgTxI,2026-06-29,3
mAXAgTxI,2026-06-30,2
mAXAgTxI,2026-07-01,1
mAXAgTxI,2026-07-02,6
mAXAgTxI,2026-07-03,5
mAXAgTxI,2026-07-04,2
mAXAgTxI,2026-07-05,2
mAXAgTxI,2026-07-06,2
mAXAgTxI,2026-07-07,8
mAXAgTxI,2026-07-09,1
mAXAgTxI,2026-07-10,5
mAXAgTxI,2026-07-12,1
mAXAgTxI,2026-07-13,3
mAXAgTxI,2026-07-14,1
mAXAgTxI,2026-07-15,1
mB892Sx0,2025-05-27,2
mBOG4gDY,2026-02-11,1
mBYQhYAZ,2026-03-24,1
mBYQhYAZ,2026-03-25,2
mBYQhYAZ,2026-03-27,1
mBYQhYAZ,2026-03-31,3
mBYQhYAZ,2026-04-01,2
mBYQhYAZ,2026-04-04,5
mBYQhYAZ,2026-04-06,2
mBYQhYAZ,2026-04-07,2
mBYQhYAZ,2026-04-08,2
mBYQhYAZ,2026-04-09,10
mBYQhYAZ,2026-04-10,3
mBYQhYAZ,2026-04-11,2
mBYQhYAZ,2026-04-12,1
mBYQhYAZ,2026-04-13,2
mBYQhYAZ,2026-04-14,1
mCoAvfZa,2026-04-17,1
mCoAvfZa,2026-04-20,1
mCoAvfZa,2026-05-04,1
mCoAvfZa,2026-05-11,2
mD0w3lGD,2026-08-23,8
mD0w3lGD,2026-09-03,1
mD0w3lGD,2026-09-04,9
mD0w3lGD,2026-09-16,1
mD0w3lGD,2026-09-17,1
mD0w3lGD,2026-09-19,1
mDUDDIgi,2026-09-06,1
mDUDDIgi,2026-09-08,1
mDUDDIgi,2026-09-12,1
mDUDDIgi,2026-09-19,1
mDUDDIgi,2026-09-20,1
mDfYANpB,2025-03-05,1
mE4vCKjr,2024-12-31,1
mE4vCKjr,2025-01-07,1
mE4vCKjr,2025-01-11,1
mE4vCKjr,2025-01-14,1
mE4vCKjr,2025-01-18,1
mE4vCKjr,2025-01-21,2
mE4vCKjr,2025-01-28,1
mE4vCKjr,2025-02-04,1
mEb4gxwe,2026-06-07,1
mEb4gxwe,2026-06-09,1
mF45Fik2,2025-12-05,2
mF45Fik2,2025-12-07,1
mF45Fik2,2025-12-13,1
mF45Fik2,2025-12-18,1
mF45Fik2,2025-12-22,1
mF45Fik2,2025-12-27,1
mFN7LlTh,2026-01-10,1
mFZalt4g,2025-08-06,1
mG5tWFUE,2025-11-18,1
mG6qiTF0,2025-06-06,1
mG6qiTF0,2025-06-17,1
mGDDUNpd,2025-09-14,1
mGDDUNpd,2025-09-15,1
mGDDUNpd,2025-09-17,1
mGDDUNpd,2025-09-25,1
mGDDUNpd,2025-09-30,1
mGgWLHBu,2025-12-08,2
mGgWLHBu,2025-12-14,1
mGgWLHBu,2025-12-20,1
mIGETsui,2025-02-11,1
mIGETsui,2025-02-12,1
mIGETsui,2025-02-13,1
mINhPXsb,2025-03-21,1
mINhPXsb,2025-03-27,1
mIPyeC14,2025-05-30,2
mIPyeC14,2025-06-06,1
mIPyeC14,2025-06-07,1
mJBcaJc7,2026-05-15,1
mJBcaJc7,2026-05-16,1
mJBcaJc7,2026-05-25,2
mJBcaJc7,2026-05-26,1
mJBcaJc7,2026-05-29,1
mK2nFiQo,2024-12-26,1
mK6JSe7Z,2025-12-04,5
mK6JSe7Z,2025-12-06,1
mK6JSe7Z,2025-12-14,1
mK6JSe7Z,2025-12-20,1
mK6JSe7Z,2025-12-26,2
mK6JSe7Z,2025-12-27,1
mKBaDG4q,2025-07-19,1
mKBaDG4q,2025-07-22,1
mKBaDG4q,2025-07-29,1
mKF223vN,2025-07-17,1
mKdKP1FO,2026-04-19,2
mKdKP1FO,2026-04-24,2
mKdKP1FO,2026-04-28,1
mKdKP1FO,2026-05-02,4
mKmmahUW,2025-10-15,1
mL0cEaqf,2024-12-27,2
mL0cEaqf,2024-12-29,1
mL7Klx71,2025-11-02,1
mL7Klx71,2025-11-04,1
mMvRMYGT,2025-06-02,1
mMvRMYGT,2025-06-11,1
mNC1Ix9I,2026-04-19,1
mNC1Ix9I,2026-04-20,1
mNC1Ix9I,2026-04-23,1
mO1Cc3lp,2025-02-16,2
mP2gSwil,2025-08-20,1
mPoqho12,2025-04-03,1
mPuSdAqF,2025-06-01,1
mPuSdAqF,2025-06-14,1
mPuSdAqF,2025-06-23,2
mRrrlAXQ,2026-02-05,1
mRrrlAXQ,2026-02-16,1
mRrrlAXQ,2026-02-18,1
mRrrlAXQ,2026-02-21,2
mRrrlAXQ,2026-02-25,1
mS0t2t6r,2026-05-30,1
mS0t2t6r,2026-06-02,1
mS0t2t6r,2026-06-15,4
mS0t2t6r,2026-06-21,3
mS3qLmJ0,2025-08-12,1
mS3qLmJ0,2025-08-20,1
mS3qLmJ0,2025-08-22,3
mS3qLmJ0,2025-08-23,2
mS3qLmJ0,2025-08-24,3
mS3qLmJ0,2025-08-26,1
mT9OuyqW,2025-09-09,1
mT9OuyqW,2025-09-11,1
mTEQHrJ6,2026-07-11,5
mTEQHrJ6,2026-07-12,11
mTEQHrJ6,2026-07-13,4
mV1YR3GV,2026-08-21,1
mV1YR3GV,2026-08-22,1
mV1YR3GV,2026-08-24,1
mV1YR3GV,2026-08-26,1
mV1YR3GV,2026-08-28,8
mV1YR3GV,2026-08-29,1
mV1YR3GV,2026-08-31,9
mV1YR3GV,2026-09-01,8
mV1YR3GV,2026-09-02,11
mV1YR3GV,2026-09-03,6
mV1YR3GV,2026-09-04,1
mV1YR3GV,2026-09-05,2
mV1YR3GV,2026-09-06,1
mV1YR3GV,2026-09-08,8
mV1YR3GV,2026-09-09,2
mV1YR3GV,2026-09-10,3
mV1YR3GV,2026-09-11,14
mV1YR3GV,2026-09-12,1
mV1YR3GV,2026-09-13,1
mV1YR3GV,2026-09-14,10
mV1YR3GV,2026-09-15,9
mV1YR3GV,2026-09-16,2
mV1YR3GV,2026-09-17,10
mV1YR3GV,2026-09-18,1
mV1YR3GV,2026-09-19,1
mV1YR3GV,2026-09-20,4
mV1YR3GV,2026-09-21,2
mV9mM5h2,2026-03-26,1
mV9mM5h2,2026-04-08,3
mWPxsunU,2026-05-22,1
mXBqDRxs,2025-10-29,1
mXdyFL7E,2025-05-02,6
mXdyFL7E,2025-05-03,1
mXdyFL7E,2025-05-05,1
mXdyFL7E,2025-05-09,1
mXdyFL7E,2025-05-10,1
mXdyFL7E,2025-05-13,1
mXtD9bqX,2025-06-01,1
mY0kpLiK,2025-06-03,1
mY6UvHRq,2026-04-17,2
mY6UvHRq,2026-04-18,1
mY6UvHRq,2026-04-27,1
mY6UvHRq,2026-04-28,2
mY6UvHRq,2026-04-30,1
mY6UvHRq,2026-05-01,2
mY6UvHRq,2026-05-02,4
mY6UvHRq,2026-05-03,1
mY6UvHRq,2026-05-04,1
mY6UvHRq,2026-05-05,2
mY6UvHRq,2026-05-06,1
mY6UvHRq,2026-05-09,1
mY6UvHRq,2026-05-10,2
mY6UvHRq,2026-05-11,1
mY6UvHRq,2026-05-13,2
mYA8oezX,2025-07-20,1
mYT1GsQ3,2025-06-30,1
mYT1GsQ3,2025-07-01,1
mYT1GsQ3,2025-07-02,1
mYx0YiII,2025-05-02,2
mYx0YiII,2025-05-09,1
mYx0YiII,2025-05-10,1
mZ0A4dNV,2026-03-24,1
maxl72xl,2025-02-16,1
maxl72xl,2025-02-18,1
mb6GHuGp,2025-11-19,2
mbFLMpkS,2025-09-09,1
mbdwPZAl,2026-09-07,1
mbdwPZAl,2026-09-18,1
meQZxqrR,2025-06-04,1
mfOPrZ3F,2025-02-22,1
mfOPrZ3F,2025-02-24,1
mh3c08wr,2025-11-30,1
mh3c08wr,2025-12-08,19
mhDzIh9K,2026-05-15,1
mhDzIh9K,2026-05-22,1
mhDzIh9K,2026-05-26,1
midjB49G,2026-06-28,1
midjB49G,2026-07-03,1
midjB49G,2026-07-05,1
midjB49G,2026-07-08,1
midjB49G,2026-07-10,1
midjB49G,2026-07-12,1
mihuMQ4K,2026-06-27,1
mihuMQ4K,2026-06-29,1
mihuMQ4K,2026-06-30,1
mihuMQ4K,2026-07-01,2
mihuMQ4K,2026-07-05,1
mihuMQ4K,2026-07-06,1
mihuMQ4K,2026-07-07,1
mihuMQ4K,2026-07-10,1
mihuMQ4K,2026-07-12,1
mj8Yl2zg,2026-08-18,1
mj8Yl2zg,2026-08-19,2
mj8Yl2zg,2026-08-20,1
mj8Yl2zg,2026-08-21,1
mj8Yl2zg,2026-08-22,1
mj8Yl2zg,2026-08-23,2
mj8Yl2zg,2026-08-24,1
mj8Yl2zg,2026-08-25,1
mj8Yl2zg,2026-08-26,1
mj8Yl2zg,2026-08-27,1
mj8Yl2zg,2026-08-28,1
mj8Yl2zg,2026-08-29,1
mj8Yl2zg,2026-08-30,1
mj8Yl2zg,2026-09-01,1
mj8Yl2zg,2026-09-02,2
mj8Yl2zg,2026-09-03,1
mj8Yl2zg,2026-09-05,1
mj8Yl2zg,2026-09-06,1
mj8Yl2zg,2026-09-07,1
mj8Yl2zg,2026-09-08,1
mj8Yl2zg,2026-09-09,1
mj8Yl2zg,2026-09-10,1
mj8Yl2zg,2026-09-11,1
mj8Yl2zg,2026-09-12,1
mj8Yl2zg,2026-09-13,1
mj8Yl2zg,2026-09-14,1
mj8Yl2zg,2026-09-15,2
mj8Yl2zg,2026-09-16,1
mj8Yl2zg,2026-09-18,1
mj8Yl2zg,2026-09-19,3
mj8Yl2zg,2026-09-20,1
mj8Yl2zg,2026-09-21,1
mkgSUCiC,2026-02-05,2
mkgSUCiC,2026-02-06,2
mkgSUCiC,2026-02-09,1
mkgSUCiC,2026-02-12,1
mkgSUCiC,2026-02-13,2
mkgSUCiC,2026-02-15,4
mkgSUCiC,2026-02-16,2
mkgSUCiC,2026-02-19,2
mkgSUCiC,2026-02-20,5
mkgSUCiC,2026-02-21,1
mkgSUCiC,2026-02-23,1
mkgSUCiC,2026-02-24,1
mkgSUCiC,2026-02-26,1
mkjGCuG5,2025-09-15,1
mks9rL8I,2026-08-21,1
mks9rL8I,2026-08-22,3
mks9rL8I,2026-08-23,6
mks9rL8I,2026-08-24,1
mks9rL8I,2026-08-26,1
mks9rL8I,2026-08-27,1
mks9rL8I,2026-08-29,1
mks9rL8I,2026-08-30,1
mks9rL8I,2026-08-31,1
mks9rL8I,2026-09-02,2
mks9rL8I,2026-09-10,1
mks9rL8I,2026-09-11,1
mks9rL8I,2026-09-17,3
mks9rL8I,2026-09-18,2
mks9rL8I,2026-09-19,1
mks9rL8I,2026-09-20,3
mks9rL8I,2026-09-21,1
mlNehBWf,2025-08-30,1
mlNehBWf,2025-09-04,1
mlORZWB7,2025-10-08,1
mlORZWB7,2025-10-09,1
mlQkAqLZ,2025-07-27,1
mlpN10iP,2025-06-16,1
mn5QAftf,2025-03-22,1
moZ9RVIh,2025-03-30,1
moeZ4Xg0,2026-06-24,1
moeZ4Xg0,2026-06-28,1
mpTbXIq0,2026-07-17,1
mpTbXIq0,2026-07-18,1
mpTbXIq0,2026-07-19,3
mpTbXIq0,2026-07-21,1
mpTbXIq0,2026-07-23,2
mpTbXIq0,2026-07-24,3
mpTbXIq0,2026-07-25,2
mpTbXIq0,2026-07-26,1
mpTbXIq0,2026-07-27,1
mpTbXIq0,2026-07-28,1
mpTbXIq0,2026-07-30,1
mpTbXIq0,2026-07-31,3
mpTbXIq0,2026-08-01,4
mpTbXIq0,2026-08-02,3
mpTbXIq0,2026-08-03,2
mpTbXIq0,2026-08-04,3
mpTbXIq0,2026-08-05,2
mpTbXIq0,2026-08-06,5
mpTbXIq0,2026-08-07,6
mpTbXIq0,2026-08-09,1
mpTbXIq0,2026-08-10,1
mpTbXIq0,2026-08-11,1
mpTbXIq0,2026-08-13,2
mpTbXIq0,2026-08-15,1
mpTbXIq0,2026-08-16,2
mpTbXIq0,2026-08-17,2
mpgp7APt,2026-02-06,2
mpgp7APt,2026-02-11,1
mpgp7APt,2026-02-14,3
mpgp7APt,2026-02-15,2
mpgp7APt,2026-02-17,2
mpgp7APt,2026-02-19,1
mpgp7APt,2026-02-21,2
mpgp7APt,2026-02-23,2
mpgp7APt,2026-02-25,1
mpgp7APt,2026-02-26,1
mph3GZOh,2026-05-23,1
mph3GZOh,2026-06-06,1
mpydOxhw,2025-10-16,1
mpydOxhw,2025-10-18,1
mq19iVT7,2026-04-03,1
mq19iVT7,2026-04-07,1
mq19iVT7,2026-04-10,1
mq19iVT7,2026-04-11,2
mq9UUMdE,2026-08-23,1
mq9UUMdE,2026-08-24,1
mq9UUMdE,2026-09-19,1
mqUObAN0,2025-09-14,1
mqXdRctD,2026-06-23,1
mqXdRctD,2026-06-24,2
mqXdRctD,2026-06-26,2
mqXdRctD,2026-06-27,1
mqXdRctD,2026-06-30,2
mqXdRctD,2026-07-01,1
mqXdRctD,2026-07-02,1
mqXdRctD,2026-07-10,1
mqXdRctD,2026-07-13,1
mqXdRctD,2026-07-14,1
mqahVZDO,2025-08-30,1
mqpswDdj,2025-12-29,1
mqpswDdj,2025-12-31,3
mqpswDdj,2026-01-01,1
mqpswDdj,2026-01-02,2
mqpswDdj,2026-01-06,1
mqpswDdj,2026-01-09,1
mqpswDdj,2026-01-10,5
mqpswDdj,2026-01-15,1
mqpswDdj,2026-01-16,1
mqpswDdj,2026-01-17,2
mqpswDdj,2026-01-18,1
mqpswDdj,2026-01-20,2
mqpswDdj,2026-01-23,1
mqpswDdj,2026-01-26,3
mqpswDdj,2026-01-27,2
mqpswDdj,2026-01-30,4
mr8erQab,2025-11-07,1
mrOQqK8e,2025-12-02,1
mrOQqK8e,2025-12-08,44
mrOQqK8e,2025-12-09,9
mrOQqK8e,2025-12-10,2
mrOQqK8e,2025-12-11,2
mrOQqK8e,2025-12-13,8
mrOQqK8e,2025-12-14,4
mrOQqK8e,2025-12-16,3
mrOQqK8e,2025-12-18,1
mrOQqK8e,2025-12-20,2
mrOQqK8e,2025-12-21,7
mrOQqK8e,2025-12-22,2
mrOQqK8e,2025-12-25,1
mrOQqK8e,2025-12-27,3
mrt3ZSCy,2025-10-19,1
ms04GlRm,2025-06-12,5
ms04GlRm,2025-06-13,3
ms04GlRm,2025-06-14,2
ms04GlRm,2025-06-15,9
msI7Kopp,2025-09-14,1
msI7Kopp,2025-09-27,1
msRojlkk,2026-05-01,1
msRojlkk,2026-05-09,1
msRojlkk,2026-05-13,1
mtCRiN6x,2025-07-04,1
mtCRiN6x,2025-07-07,1
mtCRiN6x,2025-07-10,1
mtTplmjQ,2026-03-17,1
mvRRYLkr,2026-08-09,1
mvRRYLkr,2026-08-10,1
mvRRYLkr,2026-08-12,1
mvRRYLkr,2026-08-13,1
mvRRYLkr,2026-08-14,1
mvRRYLkr,2026-08-15,1
mvRRYLkr,2026-08-17,2
mveO8jdA,2026-01-02,1
mveO8jdA,2026-01-03,1
mwremwUW,2025-12-28,1
mwremwUW,2025-12-31,1
mwremwUW,2026-01-01,2
mwremwUW,2026-01-02,1
mwremwUW,2026-01-03,1
mwremwUW,2026-01-10,1
mwremwUW,2026-01-12,1
mwremwUW,2026-01-15,1
mwremwUW,2026-01-16,1
mwremwUW,2026-01-18,1
mwremwUW,2026-01-20,1
mwremwUW,2026-01-22,1
mwremwUW,2026-01-23,2
mwremwUW,2026-01-24,1
mwremwUW,2026-01-26,2
mwremwUW,2026-01-27,1
mwremwUW,2026-01-28,1
mwremwUW,2026-01-31,1
mwremwUW,2026-02-01,1
mwremwUW,2026-02-02,2
mxSKKswR,2025-02-14,1
mxWYkEXX,2025-11-15,1
mxYx6jU8,2025-08-27,1
mxalb6J1,2025-07-06,1
mxalb6J1,2025-07-07,1
mxalb6J1,2025-07-10,1
mxlKW5vA,2026-04-17,1
mxlKW5vA,2026-04-18,2
mxlKW5vA,2026-04-19,1
mxlKW5vA,2026-04-21,2
mxlKW5vA,2026-04-22,2
mxlKW5vA,2026-04-28,1
mxlKW5vA,2026-04-29,2
mxlKW5vA,2026-05-02,6
mxlKW5vA,2026-05-03,1
mxlKW5vA,2026-05-06,1
mxlKW5vA,2026-05-07,1
mxlKW5vA,2026-05-10,1
mxlKW5vA,2026-05-14,1
myDB4898,2025-10-12,2
myK4He24,2025-07-01,1
myoqxTb5,2026-06-23,2
myoqxTb5,2026-06-24,1
myoqxTb5,2026-06-26,3
myoqxTb5,2026-07-01,1
myoqxTb5,2026-07-03,1
myoqxTb5,2026-07-07,2
myoqxTb5,2026-07-10,1
myoqxTb5,2026-07-13,3
myoqxTb5,2026-07-14,2
mzDosEfa,2026-05-15,1
mzGmYIuN,2026-02-03,2
mzGmYIuN,2026-02-06,1
mzGmYIuN,2026-02-12,1
n0NjLF2X,2026-08-21,1
n0NjLF2X,2026-08-22,2
n0NjLF2X,2026-09-01,1
n0NjLF2X,2026-09-03,1
n0NjLF2X,2026-09-18,2
n0NjLF2X,2026-09-19,1
n0qH0ckG,2025-07-26,1
n0rIkFmw,2025-10-01,1
n18eZ3w7,2025-05-02,3
n1NvSRrF,2026-08-15,1
n1sv3l39,2025-04-22,1
n2GEihqP,2024-12-27,1
n33fgVsN,2026-04-12,1
n33fgVsN,2026-04-15,1
n3BIJVxT,2026-05-19,2
n3BIJVxT,2026-05-23,1
n3BIJVxT,2026-05-24,6
n3BIJVxT,2026-05-25,4
n3BIJVxT,2026-05-26,1
n3BIJVxT,2026-05-27,3
n3BIJVxT,2026-05-29,1
n3BIJVxT,2026-05-30,1
n3BIJVxT,2026-06-01,3
n3BIJVxT,2026-06-04,1
n3BIJVxT,2026-06-05,2
n3BIJVxT,2026-06-06,1
n3BIJVxT,2026-06-08,3
n3BIJVxT,2026-06-10,3
n3BIJVxT,2026-06-12,1
n3BIJVxT,2026-06-13,1
n3BIJVxT,2026-06-14,2
n3BIJVxT,2026-06-16,1
n3BIJVxT,2026-06-17,1
n3BIJVxT,2026-06-18,2
n3BIJVxT,2026-06-19,1
n3JuoMns,2026-07-11,1
n3Q3rynt,2025-04-22,1
n3f6p016,2025-03-31,1
n4GrLb1j,2025-11-30,1
n4GrLb1j,2025-12-09,1
n4GrLb1j,2025-12-24,1
n4GrLb1j,2025-12-27,2
n4I2we0g,2026-05-21,1
n4PqzSwz,2026-07-20,1
n52FJ38A,2025-10-16,1
n52FJ38A,2025-10-18,3
n52FJ38A,2025-10-21,1
n52FJ38A,2025-10-24,2
n52FJ38A,2025-10-28,1
n52FJ38A,2025-10-29,1
n52FJ38A,2025-11-01,1
n66yc2pw,2025-05-28,1
n66yc2pw,2025-05-29,1
n66yc2pw,2025-06-01,3
n66yc2pw,2025-06-03,1
n66yc2pw,2025-06-10,1
n6FuQDTN,2025-09-26,1
n6FuQDTN,2025-09-27,1
n7UgoJfS,2025-10-18,2
n7UgoJfS,2025-10-31,1
n7Uxu3hf,2025-07-01,1
n7Uxu3hf,2025-07-08,1
n7ymeS2U,2025-05-13,1
n8KqZLAH,2025-01-03,1
n8KqZLAH,2025-01-10,1
n8KqZLAH,2025-01-14,1
n8KqZLAH,2025-01-18,1
n8KqZLAH,2025-01-21,1
n8KqZLAH,2025-01-25,2
n8KqZLAH,2025-01-29,1
n8KqZLAH,2025-02-01,1
n8iHurkI,2026-05-13,1
n9BUQYPQ,2026-04-05,1
n9BUQYPQ,2026-04-14,1
nA93LEXc,2025-01-16,2
nA93LEXc,2025-01-17,2
nA93LEXc,2025-01-21,1
nA93LEXc,2025-01-28,2
nA93LEXc,2025-01-29,1
nA93LEXc,2025-02-03,2
nA93LEXc,2025-02-04,6
nAl0Pm3R,2026-09-20,4
nArTnSiy,2025-07-23,1
nAv3lJDQ,2025-12-10,1
nBwBMbFA,2026-09-05,1
nCF0KqLD,2025-04-18,2
nCmkbFOU,2026-07-18,2
nCmkbFOU,2026-08-09,2
nCmkbFOU,2026-08-15,2
nCmkbFOU,2026-08-16,1
nCmkbFOU,2026-08-17,1
nCvXBsmM,2026-08-13,1
nCyLeLHR,2026-06-24,1
nCyLeLHR,2026-06-27,2
nCyLeLHR,2026-06-29,1
nCyLeLHR,2026-07-06,1
nCyLeLHR,2026-07-09,2
nCyLeLHR,2026-07-10,2
nD4S8Onp,2026-02-06,1
nD5yLGjq,2025-10-21,1
nDIMEcqB,2025-02-27,1
nEZpeJ0H,2025-03-12,1
nFNMOKP0,2025-05-18,3
nFNMOKP0,2025-05-19,2
nFNMOKP0,2025-05-22,1
nFmnorGa,2025-06-12,1
nFmnorGa,2025-06-14,1
nFmnorGa,2025-06-16,1
nFmnorGa,2025-06-19,1
nFmnorGa,2025-06-20,1
nFmnorGa,2025-06-24,1
nGLjon9P,2025-08-01,1
nGfb4eii,2026-02-27,2
nGfb4eii,2026-02-28,1
nGfb4eii,2026-03-01,2
nGfb4eii,2026-03-02,1
nGfb4eii,2026-03-03,1
nGfb4eii,2026-03-04,2
nGfb4eii,2026-03-05,2
nGfb4eii,2026-03-06,2
nGfb4eii,2026-03-07,3
nGfb4eii,2026-03-08,1
nGfb4eii,2026-03-09,7
nGfb4eii,2026-03-11,3
nGfb4eii,2026-03-12,4
nGfb4eii,2026-03-13,2
nGfb4eii,2026-03-14,2
nGfb4eii,2026-03-15,4
nGfb4eii,2026-03-16,1
nGfb4eii,2026-03-17,1
nGfb4eii,2026-03-18,5
nGfb4eii,2026-03-19,4
nGfb4eii,2026-03-20,1
nGfb4eii,2026-03-22,1
nGt0ndpv,2025-09-14,1
nGt0ndpv,2025-09-15,1
nGt0ndpv,2025-09-17,1
nGt0ndpv,2025-09-18,1
nGt0ndpv,2025-09-20,1
nGt0ndpv,2025-09-22,1
nGt0ndpv,2025-09-23,1
nGt0ndpv,2025-09-25,1
nGt0ndpv,2025-09-26,1
nGt0ndpv,2025-09-27,1
nGt0ndpv,2025-09-30,1
nH7Sptjs,2025-09-27,1
nHJ4T4iH,2026-05-02,2
nHJ4T4iH,2026-05-13,1
nHgbbUnd,2025-02-18,1
nHjG9Uyp,2025-02-14,1
nHjG9Uyp,2025-02-16,2
nHjG9Uyp,2025-02-18,2
nI2PsXut,2025-08-05,1
nI2W6vdN,2025-07-30,1
nI2W6vdN,2025-08-01,1
nIIUHg27,2026-03-27,1
nIIUHg27,2026-03-29,1
nIIUHg27,2026-03-30,1
nIIUHg27,2026-03-31,1
nIMUMt1H,2026-02-27,1
nIMUMt1H,2026-02-28,1
nIMUMt1H,2026-03-08,2
nIMUMt1H,2026-03-19,1
nJRmM7yC,2025-07-20,1
nJRmM7yC,2025-07-29,1
nKX6kUFx,2026-04-16,3
nKX6kUFx,2026-04-17,2
nKX6kUFx,2026-04-18,2
nKX6kUFx,2026-04-19,2
nKX6kUFx,2026-04-20,4
nKX6kUFx,2026-04-21,2
nKX6kUFx,2026-04-23,1
nKX6kUFx,2026-04-24,1
nKX6kUFx,2026-04-25,2
nKX6kUFx,2026-04-28,2
nKX6kUFx,2026-04-29,2
nKX6kUFx,2026-05-01,1
nKX6kUFx,2026-05-07,1
nKX6kUFx,2026-05-10,1
nKX6kUFx,2026-05-13,1
nKX6kUFx,2026-05-14,2
nLHMbjw9,2025-11-18,1
nM37j8Gq,2024-12-30,1
nM37j8Gq,2025-01-01,1
nM37j8Gq,2025-01-06,1
nM37j8Gq,2025-01-09,1
nM37j8Gq,2025-01-12,1
nM37j8Gq,2025-01-13,2
nM37j8Gq,2025-01-18,2
nM37j8Gq,2025-01-21,1
nM37j8Gq,2025-01-26,1
nM37j8Gq,2025-01-27,1
nM37j8Gq,2025-02-04,2
nMOJHMub,2025-04-16,2
nMOJHMub,2025-04-18,3
nMOJHMub,2025-04-20,2
nMOJHMub,2025-04-24,1
nMOJHMub,2025-04-27,1
nMo00rh3,2026-08-18,4
nMo00rh3,2026-08-19,1
nMo00rh3,2026-08-21,2
nMo00rh3,2026-08-22,5
nMo00rh3,2026-08-23,5
nMo00rh3,2026-08-24,3
nMo00rh3,2026-08-25,2
nMo00rh3,2026-08-26,1
nMo00rh3,2026-08-27,2
nMo00rh3,2026-08-28,5
nMo00rh3,2026-08-29,4
nMo00rh3,2026-08-30,4
nMo00rh3,2026-08-31,3
nMo00rh3,2026-09-01,2
nMo00rh3,2026-09-03,5
nMo00rh3,2026-09-04,1
nMo00rh3,2026-09-05,1
nMo00rh3,2026-09-06,7
nMo00rh3,2026-09-07,4
nMo00rh3,2026-09-08,3
nMo00rh3,2026-09-09,1
nMo00rh3,2026-09-12,4
nMo00rh3,2026-09-13,8
nMo00rh3,2026-09-14,1
nMo00rh3,2026-09-15,5
nMo00rh3,2026-09-16,4
nMo00rh3,2026-09-18,12
nMo00rh3,2026-09-19,11
nMo00rh3,2026-09-20,2
nMo00rh3,2026-09-21,1
nN620ZlZ,2026-07-15,1
nNjYVt6H,2026-02-21,1
nOY7dBlb,2025-04-19,1
nOlGonbb,2026-04-19,1
nOlGonbb,2026-05-02,1
nOpNUwK2,2026-05-11,1
nPFh6FEG,2026-08-29,1
nPFh6FEG,2026-08-31,1
nPFh6FEG,2026-09-04,1
nPFh6FEG,2026-09-06,1
nPFh6FEG,2026-09-08,1
nPFh6FEG,2026-09-10,1
nPFh6FEG,2026-09-11,1
nPFh6FEG,2026-09-12,1
nPFh6FEG,2026-09-13,1
nPFh6FEG,2026-09-14,1
nPFh6FEG,2026-09-16,2
nPFh6FEG,2026-09-19,1
nPFh6FEG,2026-09-20,4
nPFh6FEG,2026-09-21,2
nPFhUO9A,2026-05-19,1
nPFrG1tF,2025-10-16,1
nPFrG1tF,2025-10-17,3
nPFrG1tF,2025-10-20,3
nPFrG1tF,2025-10-23,1
nPFrG1tF,2025-10-24,1
nPFrG1tF,2025-10-25,1
nPFrG1tF,2025-10-27,1
nPFrG1tF,2025-10-31,2
nPFrG1tF,2025-11-01,1
nR8UDO4N,2025-08-31,1
nR8UDO4N,2025-09-06,1
nRQzBE7k,2026-06-01,1
nSNyBWtz,2025-11-08,1
nSVLjh3w,2025-04-13,1
nT3gcnPN,2025-06-12,1
nT3gcnPN,2025-06-18,1
nToHxp2F,2026-03-08,1
nU4EJwZB,2024-12-26,1
nU4EJwZB,2025-01-14,3
nU71O58E,2026-05-11,1
nUTibjXY,2026-05-13,2
nUoTVdwI,2026-03-10,1
nVBTjaDo,2025-03-25,1
nW5ShtAY,2025-01-02,1
nW5ShtAY,2025-01-25,1
nW5ShtAY,2025-01-30,1
nW5ShtAY,2025-02-01,2
nW5ShtAY,2025-02-05,1
nW6vuTyk,2026-06-24,1
nW6vuTyk,2026-07-06,1
nW6vuTyk,2026-07-09,1
nW7XDLaA,2024-12-31,1
nW7znvwy,2025-10-01,1
nW7znvwy,2025-10-02,2
nW7znvwy,2025-10-03,2
nW7znvwy,2025-10-04,1
nW7znvwy,2025-10-05,2
nW7znvwy,2025-10-06,3
nW7znvwy,2025-10-07,3
nW7znvwy,2025-10-08,2
nW7znvwy,2025-10-09,2
nW7znvwy,2025-10-10,3
nW7znvwy,2025-10-11,2
nW7znvwy,2025-10-12,2
nW7znvwy,2025-10-13,1
nX3ASFm5,2024-12-31,1
nX3ASFm5,2025-02-02,1
nX4QTyxr,2025-01-28,1
nXFsxOxu,2026-07-09,1
nXFsxOxu,2026-07-12,1
nXUkpOER,2026-05-23,1
nXUkpOER,2026-05-29,1
nXUkpOER,2026-06-07,1
nXUkpOER,2026-06-15,1
nXYopxoS,2025-10-25,1
nYCDrlnj,2026-01-10,1
nYCDrlnj,2026-01-21,1
nYCDrlnj,2026-01-23,1
nYCDrlnj,2026-01-28,1
nYCDrlnj,2026-02-02,1
nYyDrYLc,2025-03-31,1
nYyDrYLc,2025-04-01,1
nYyDrYLc,2025-04-05,1
nZ17I5Pg,2026-06-24,1
nZk8HRLF,2026-04-16,3
nZk8HRLF,2026-04-19,2
nZk8HRLF,2026-04-20,2
nZk8HRLF,2026-04-21,1
nZk8HRLF,2026-04-22,1
nZk8HRLF,2026-04-25,1
nZk8HRLF,2026-04-26,1
nZk8HRLF,2026-05-10,1
nZk8HRLF,2026-05-11,1
nZk8HRLF,2026-05-12,1
nZk8HRLF,2026-05-14,4
nZmEBmMS,2026-04-23,1
nZmEBmMS,2026-05-01,2
nZmEBmMS,2026-05-14,1
nZvXSAIN,2026-02-28,1
nZvXSAIN,2026-03-09,1
nZvXSAIN,2026-03-19,1
naRbqPO2,2026-09-15,1
naRbqPO2,2026-09-19,1
naRbqPO2,2026-09-21,4
naTkMyi5,2026-02-09,1
naTkMyi5,2026-02-10,1
naTkMyi5,2026-02-11,1
nc44E3Ny,2026-08-26,1
nc44E3Ny,2026-08-30,2
nc44E3Ny,2026-09-06,1
nc44E3Ny,2026-09-13,4
nc44E3Ny,2026-09-15,1
nc44E3Ny,2026-09-18,1
nc44E3Ny,2026-09-20,1
nckCPyon,2025-04-22,1
ncmwcXT4,2026-04-03,1
ncmwcXT4,2026-04-11,1
ncmwcXT4,2026-04-13,1
ncmwcXT4,2026-04-14,1
ncu5JSYn,2026-09-15,2
ncu5JSYn,2026-09-18,1
ncu5JSYn,2026-09-20,3
ndCjsqa8,2026-05-16,1
ndCjsqa8,2026-05-17,1
ndCjsqa8,2026-05-19,1
ndCjsqa8,2026-05-24,1
ndCjsqa8,2026-05-26,3
ndCjsqa8,2026-05-27,1
ndCjsqa8,2026-05-30,1
ndCjsqa8,2026-06-02,1
ndCjsqa8,2026-06-03,2
ndCjsqa8,2026-06-09,1
ndCjsqa8,2026-06-10,1
ndCjsqa8,2026-06-13,1
ndCjsqa8,2026-06-15,2
ndCjsqa8,2026-06-18,1
ndKpocIk,2026-04-21,1
ndKpocIk,2026-04-23,1
ndKpocIk,2026-04-28,1
ndKpocIk,2026-05-01,1
ndKpocIk,2026-05-04,1
ndKpocIk,2026-05-05,4
ndKpocIk,2026-05-08,1
ndKpocIk,2026-05-09,1
ndoIMrlc,2026-06-24,1
ndoIMrlc,2026-07-03,1
ndoIMrlc,2026-07-05,1
ndoIMrlc,2026-07-07,1
ndoIMrlc,2026-07-08,1
ndoIMrlc,2026-07-10,1
ndoIMrlc,2026-07-13,1
ndoIMrlc,2026-07-15,24
ndwDE50D,2026-04-07,1
ndwDE50D,2026-04-08,1
nglh6pnq,2026-04-17,2
nglh6pnq,2026-04-18,1
nglh6pnq,2026-05-01,2
nglh6pnq,2026-05-12,1
nhbDPHdC,2025-12-13,1
ni2FAI3d,2026-03-08,1
niPJoY3G,2026-07-17,1
niPJoY3G,2026-07-21,2
niPJoY3G,2026-08-04,1
niPJoY3G,2026-08-05,2
niPJoY3G,2026-08-16,1
niqEv77E,2025-11-05,1
niqEv77E,2025-11-10,1
niqEv77E,2025-11-13,1
niutFQz8,2026-05-15,1
niutFQz8,2026-05-17,1
niutFQz8,2026-05-19,1
niutFQz8,2026-06-06,2
niutFQz8,2026-06-19,1
nkzjcush,2025-09-27,1
nlhunS37,2025-05-11,2
nmNyJfIf,2025-02-28,1
nmYPfVq1,2026-02-17,2
nmYPfVq1,2026-02-19,1
nmYPfVq1,2026-02-20,1
nmYPfVq1,2026-02-21,2
nmYPfVq1,2026-02-23,1
nmlg6ZHr,2026-03-23,1
nmlg6ZHr,2026-04-04,1
nmlg6ZHr,2026-04-06,1
nmlg6ZHr,2026-04-11,14
nmlg6ZHr,2026-04-12,1
nmlg6ZHr,2026-04-13,1
nnLL55mb,2025-02-21,1
nnLL55mb,2025-02-22,1
nnLL55mb,2025-02-23,2
nnLL55mb,2025-02-27,2
nnLL55mb,2025-02-28,1
nnftF7UT,2026-01-02,1
nnftF7UT,2026-01-05,1
nnftF7UT,2026-01-08,1
nnftF7UT,2026-01-10,1
nnftF7UT,2026-01-26,1
noVhnt75,2025-02-14,1
noVhnt75,2025-02-15,3
noVhnt75,2025-02-17,3
noVhnt75,2025-02-18,1
noVhnt75,2025-02-19,1
npCP2do6,2025-03-03,1
npCP2do6,2025-03-07,2
npEr3Q0c,2026-03-07,1
npEr3Q0c,2026-03-13,1
npEr3Q0c,2026-03-14,1
npwwl2qX,2026-04-16,1
npwwl2qX,2026-04-17,2
npwwl2qX,2026-04-18,1
npwwl2qX,2026-04-20,2
npwwl2qX,2026-04-21,3
npwwl2qX,2026-04-22,1
npwwl2qX,2026-04-23,1
npwwl2qX,2026-04-24,1
npwwl2qX,2026-04-25,2
npwwl2qX,2026-04-26,1
npwwl2qX,2026-04-27,2
npwwl2qX,2026-04-28,1
npwwl2qX,2026-04-29,1
npwwl2qX,2026-04-30,1
npwwl2qX,2026-05-01,1
npwwl2qX,2026-05-02,2
npwwl2qX,2026-05-03,1
npwwl2qX,2026-05-04,1
npwwl2qX,2026-05-05,1
npwwl2qX,2026-05-06,2
npwwl2qX,2026-05-07,1
npwwl2qX,2026-05-08,1
npwwl2qX,2026-05-09,1
npwwl2qX,2026-05-10,1
npwwl2qX,2026-05-11,2
npwwl2qX,2026-05-12,2
npwwl2qX,2026-05-13,1
npwwl2qX,2026-05-14,2
nqxmenII,2026-04-27,1
nrD1gSFi,2026-09-05,8
nrD1gSFi,2026-09-06,3
nrD1gSFi,2026-09-07,5
nrD1gSFi,2026-09-08,1
nrD1gSFi,2026-09-09,1
nrD1gSFi,2026-09-14,2
nrD1gSFi,2026-09-15,3
nrD1gSFi,2026-09-16,2
nrD1gSFi,2026-09-18,3
nrD1gSFi,2026-09-19,11
nrD1gSFi,2026-09-20,14
nrpN6FY1,2025-12-04,2
nrpN6FY1,2025-12-05,1
nrpN6FY1,2025-12-08,1
ns2REan0,2025-09-09,1
ns2REan0,2025-09-10,1
ntzXn9Zz,2026-05-15,1
ntzXn9Zz,2026-05-27,2
ntzXn9Zz,2026-05-30,1
ntzXn9Zz,2026-06-20,1
nvWfQuWL,2025-07-02,1
nvWfQuWL,2025-07-05,1
nvWfQuWL,2025-07-06,1
nvWfQuWL,2025-07-10,1
nvWfQuWL,2025-07-11,1
nwAvMuwM,2025-05-13,1
nwcaUNfa,2026-07-03,1
nwcaUNfa,2026-07-07,1
nwvi8umy,2026-07-14,1
nyEiT9tf,2025-11-18,1
nyEiT9tf,2025-11-19,1
nyEiT9tf,2025-11-25,1
nyVQpz5x,2025-05-30,1
nyf4AIC6,2026-04-16,2
nyf4AIC6,2026-04-20,1
nyf4AIC6,2026-04-21,2
nyf4AIC6,2026-04-22,1
nyf4AIC6,2026-04-24,1
nyf4AIC6,2026-04-26,2
nyf4AIC6,2026-04-27,2
nyf4AIC6,2026-04-28,1
nyf4AIC6,2026-04-29,1
nyf4AIC6,2026-05-01,1
nyf4AIC6,2026-05-02,1
nyf4AIC6,2026-05-05,2
nyf4AIC6,2026-05-06,4
nyf4AIC6,2026-05-07,2
nyf4AIC6,2026-05-08,1
nyf4AIC6,2026-05-09,1
nyf4AIC6,2026-05-10,1
nyf4AIC6,2026-05-12,1
nyf4AIC6,2026-05-14,2
nyvk4Oai,2025-07-19,2
nyvk4Oai,2025-07-25,1
nyvk4Oai,2025-07-26,1
nyzEMy11,2025-10-06,1
nz2vmkrh,2026-08-18,1
nz2vmkrh,2026-08-20,1
nz2vmkrh,2026-08-21,2
nz2vmkrh,2026-08-23,1
nz2vmkrh,2026-08-24,2
nz2vmkrh,2026-08-26,1
nz2vmkrh,2026-08-28,2
nz2vmkrh,2026-08-29,2
nz2vmkrh,2026-08-31,1
nz2vmkrh,2026-09-01,1
nz2vmkrh,2026-09-02,2
nz2vmkrh,2026-09-03,1
nz2vmkrh,2026-09-05,2
nz2vmkrh,2026-09-06,1
nz2vmkrh,2026-09-07,1
nz2vmkrh,2026-09-08,1
nz2vmkrh,2026-09-09,2
nz2vmkrh,2026-09-10,1
nz2vmkrh,2026-09-13,1
nz2vmkrh,2026-09-14,1
nz2vmkrh,2026-09-15,1
nz2vmkrh,2026-09-18,2
nz2vmkrh,2026-09-19,2
nz2vmkrh,2026-09-20,2
nzAMj2jg,2025-11-19,1
nzAMj2jg,2025-11-20,1
nzAMj2jg,2025-11-26,1
o0XG7gRF,2025-11-21,1
o0XG7gRF,2025-11-23,1
o0gN1pZJ,2025-09-11,1
o0mXG8mD,2025-07-12,1
o0oOgJu5,2025-07-16,1
o0oOgJu5,2025-07-28,1
o2PpFEvM,2026-06-26,1
o2PpFEvM,2026-07-08,1
o2PpFEvM,2026-07-14,1
o3DZ3OrR,2025-04-02,3
o4YYutnv,2025-10-24,1
o4slbbYW,2026-03-02,1
o4slbbYW,2026-03-07,1
o4slbbYW,2026-03-12,1
o4slbbYW,2026-03-20,1
o5KVvJP2,2025-03-02,1
o5ZN5OZO,2026-08-19,1
o65okIV2,2025-02-09,1
o65okIV2,2025-02-13,1
o6YcUVM1,2025-11-24,1
o6ybde0U,2026-07-12,2
o7VPsJIW,2025-12-31,1
o7VPsJIW,2026-01-01,4
o7VPsJIW,2026-01-02,2
o7VPsJIW,2026-01-03,1
o7VPsJIW,2026-01-04,1
o7VPsJIW,2026-01-06,1
o7VPsJIW,2026-01-08,1
o7VPsJIW,2026-01-11,1
o7VPsJIW,2026-01-18,2
o7VPsJIW,2026-01-20,1
o86ZvoEr,2025-02-07,1
o89ZQGtu,2026-04-15,1
o8D8c2y3,2025-10-17,1
o8D8c2y3,2025-10-30,1
o8peOErz,2026-05-15,1
o8peOErz,2026-06-22,1
o8u5vOPG,2025-04-16,1
o8u5vOPG,2025-04-19,1
o8u5vOPG,2025-04-24,1
o9BBy2ik,2025-04-30,1
o9BBy2ik,2025-05-01,1
o9BBy2ik,2025-05-08,1
o9BG4jVn,2025-03-07,1
o9I8J27y,2025-11-08,1
oADxKDjv,2026-06-24,1
oADxKDjv,2026-07-12,1
oADxKDjv,2026-07-13,1
oBBBx8li,2026-03-23,1
oBBBx8li,2026-03-24,1
oBBBx8li,2026-03-26,3
oBBBx8li,2026-03-27,1
oBBBx8li,2026-03-28,3
oBBBx8li,2026-04-12,2
oBBBx8li,2026-04-14,1
oBncswMK,2026-08-18,2
oBncswMK,2026-08-19,1
oBncswMK,2026-08-27,1
oBncswMK,2026-09-03,3
oBncswMK,2026-09-05,2
oBncswMK,2026-09-10,1
oBncswMK,2026-09-12,1
oBncswMK,2026-09-14,1
oBncswMK,2026-09-15,1
oBncswMK,2026-09-16,2
oBncswMK,2026-09-17,1
oBncswMK,2026-09-18,5
oBncswMK,2026-09-19,2
oBncswMK,2026-09-20,5
oBncswMK,2026-09-21,6
oCDQrFJ9,2026-03-19,2
oCjS0AmK,2025-08-26,1
oCjS0AmK,2025-08-27,1
oCjS0AmK,2025-08-30,1
oCohlBvT,2025-09-09,1
oDBB9lak,2025-08-31,2
oDBB9lak,2025-09-01,1
oDBM0GVd,2026-09-21,1
oDjgeve7,2026-05-16,1
oDjgeve7,2026-06-12,1
oETrFRfl,2026-03-07,1
oETrFRfl,2026-03-09,1
oETrFRfl,2026-03-12,1
oETrFRfl,2026-03-17,1
oEmWHV9o,2025-08-18,1
oFcTTvjU,2026-07-16,1
oFcTTvjU,2026-07-17,1
oFcTTvjU,2026-07-18,1
oFcTTvjU,2026-08-11,1
oFcTTvjU,2026-08-16,1
oGE2mBDf,2026-06-27,1
oGUoaCjG,2026-05-16,1
oGUoaCjG,2026-05-19,1
oGUoaCjG,2026-05-21,1
oGUoaCjG,2026-05-23,1
oGUoaCjG,2026-05-28,2
oGUoaCjG,2026-06-01,1
oGUoaCjG,2026-06-02,1
oGUoaCjG,2026-06-04,1
oGUoaCjG,2026-06-08,1
oGUoaCjG,2026-06-09,1
oGUoaCjG,2026-06-11,2
oGUoaCjG,2026-06-20,1
oHXpRmhl,2025-10-15,2
oHXpRmhl,2025-10-18,1
oHXpRmhl,2025-10-28,1
oHXpRmhl,2025-10-29,1
oHaRYF8B,2025-06-28,2
oI8MXRXl,2026-02-16,1
oIldBw8V,2026-06-05,1
oJBi9A9r,2026-07-07,1
oJBi9A9r,2026-07-10,1
oJBi9A9r,2026-07-15,1
oKMJlra7,2025-10-23,1
oKXBhGKa,2026-08-18,1
oKXBhGKa,2026-08-21,1
oKXBhGKa,2026-08-22,2
oKXBhGKa,2026-08-23,4
oKXBhGKa,2026-08-24,1
oKXBhGKa,2026-08-25,2
oKXBhGKa,2026-08-26,1
oKXBhGKa,2026-08-27,2
oKXBhGKa,2026-08-29,2
oKXBhGKa,2026-08-30,5
oKXBhGKa,2026-08-31,3
oKXBhGKa,2026-09-01,1
oKXBhGKa,2026-09-02,1
oKXBhGKa,2026-09-03,1
oKXBhGKa,2026-09-04,1
oKXBhGKa,2026-09-05,8
oKXBhGKa,2026-09-06,2
oKXBhGKa,2026-09-07,1
oKXBhGKa,2026-09-09,4
oKXBhGKa,2026-09-11,3
oKXBhGKa,2026-09-13,7
oKXBhGKa,2026-09-14,3
oKXBhGKa,2026-09-15,2
oKXBhGKa,2026-09-16,3
oKXBhGKa,2026-09-17,6
oKXBhGKa,2026-09-18,6
oKXBhGKa,2026-09-19,13
oKXBhGKa,2026-09-20,4
oKXBhGKa,2026-09-21,7
oLHYvMZ8,2025-08-03,1
oLUbqZgy,2026-08-29,2
oLUbqZgy,2026-08-30,1
oLUbqZgy,2026-09-01,1
oLUbqZgy,2026-09-02,2
oLUbqZgy,2026-09-09,1
oLUbqZgy,2026-09-15,1
oLUbqZgy,2026-09-16,1
oLUbqZgy,2026-09-18,2
oLUbqZgy,2026-09-20,3
oLUbqZgy,2026-09-21,4
oLZlOpfz,2026-06-23,3
oLZlOpfz,2026-06-24,1
oLZlOpfz,2026-06-25,1
oLZlOpfz,2026-06-26,2
oLZlOpfz,2026-06-27,1
oLZlOpfz,2026-06-28,2
oLZlOpfz,2026-06-29,1
oLZlOpfz,2026-06-30,2
oLZlOpfz,2026-07-01,1
oLZlOpfz,2026-07-02,1
oLZlOpfz,2026-07-03,1
oLZlOpfz,2026-07-04,1
oLZlOpfz,2026-07-05,2
oLZlOpfz,2026-07-06,2
oLZlOpfz,2026-07-07,3
oLZlOpfz,2026-07-08,1
oLZlOpfz,2026-07-09,5
oLZlOpfz,2026-07-10,3
oLZlOpfz,2026-07-11,4
oLZlOpfz,2026-07-12,4
oLZlOpfz,2026-07-13,2
oLZlOpfz,2026-07-14,2
oLZlOpfz,2026-07-15,1
oM6Zm08l,2025-06-27,1
oM6Zm08l,2025-07-06,1
oM6Zm08l,2025-07-10,1
oMYZjdIM,2025-03-04,2
oN3qiLXr,2026-07-17,1
oN3qiLXr,2026-07-23,1
oN3qiLXr,2026-08-02,1
oN3qiLXr,2026-08-13,1
oN3qiLXr,2026-08-14,1
oN3qiLXr,2026-08-17,1
oNDhpsqZ,2025-11-30,3
oNDhpsqZ,2025-12-25,1
oNeUBBOL,2025-06-13,1
oOc1oynt,2026-08-18,3
oOc1oynt,2026-08-20,1
oOc1oynt,2026-08-23,2
oOc1oynt,2026-08-24,1
oOc1oynt,2026-08-26,2
oOc1oynt,2026-09-03,1
oOc1oynt,2026-09-05,1
oOc1oynt,2026-09-06,1
oOc1oynt,2026-09-07,1
oOc1oynt,2026-09-08,3
oOc1oynt,2026-09-09,4
oOc1oynt,2026-09-11,1
oOc1oynt,2026-09-12,2
oOc1oynt,2026-09-16,3
oOc1oynt,2026-09-17,2
oOc1oynt,2026-09-18,1
oOc1oynt,2026-09-19,3
oOc1oynt,2026-09-20,2
oOc1oynt,2026-09-21,1
oOjFlPWK,2026-01-30,1
oP8jjEDp,2025-08-25,1
oP90NRmh,2025-05-17,1
oPkM0bss,2026-09-20,7
oPkM0bss,2026-09-21,1
oRDN1Zln,2026-07-02,1
oTRDtwBW,2026-01-04,1
oV9qUobf,2025-08-27,1
oV9qUobf,2025-08-31,1
oV9qUobf,2025-09-01,1
oV9qUobf,2025-09-04,1
oVhYUzBu,2025-10-09,1
oVqFbP7C,2025-07-22,2
oWtRunYS,2025-05-27,1
oX8L6s0K,2026-04-17,1
oX8L6s0K,2026-05-07,2
oX8L6s0K,2026-05-08,1
oX8L6s0K,2026-05-09,1
oX8ckVMA,2026-06-28,1
oX8ckVMA,2026-07-05,1
oX8ckVMA,2026-07-14,1
oYKeLSpx,2025-12-08,3
oZuKo6tG,2026-04-17,2
oZuKo6tG,2026-04-28,1
oZuKo6tG,2026-05-04,1
oZuKo6tG,2026-05-06,1
oaBSJjdN,2026-03-24,2
oaICuoQh,2025-11-21,1
oaICuoQh,2025-11-22,2
oaICuoQh,2025-11-23,1
oaICuoQh,2025-11-24,1
oaICuoQh,2025-11-25,1
oaICuoQh,2025-11-28,1
oacwNlCL,2026-01-23,1
oacwNlCL,2026-02-02,1
ob8jCzPz,2025-04-08,1
ob8jCzPz,2025-04-11,4
obC5TPV2,2026-08-07,1
obC5TPV2,2026-08-08,1
obC5TPV2,2026-08-09,1
obC5TPV2,2026-08-11,2
obC5TPV2,2026-08-12,1
obC5TPV2,2026-08-13,2
obC5TPV2,2026-08-14,2
obC5TPV2,2026-08-15,1
obC5TPV2,2026-08-16,1
obC5TPV2,2026-08-17,1
obC5TPV2,2026-08-18,1
obYeuOrQ,2026-05-21,1
ocFQfKrC,2025-04-27,1
od65KgRg,2026-08-21,1
od65KgRg,2026-09-13,1
od65KgRg,2026-09-15,1
od65KgRg,2026-09-20,1
odeBte6s,2025-06-13,1
odoSYgYO,2025-05-03,1
odoSYgYO,2025-05-04,1
oeLBsQZK,2026-06-25,1
oeLBsQZK,2026-06-26,1
oeLBsQZK,2026-07-07,3
oeYWM47i,2026-05-19,1
oeYWM47i,2026-05-25,1
oeYWM47i,2026-05-27,1
oeYWM47i,2026-05-30,2
oeYWM47i,2026-06-06,1
oeYWM47i,2026-06-08,1
oeYWM47i,2026-06-21,1
of0c1wVy,2026-02-05,1
of0c1wVy,2026-02-12,1
of0c1wVy,2026-02-13,1
of824SvF,2025-03-10,1
of824SvF,2025-03-12,2
of824SvF,2025-03-14,1
of824SvF,2025-03-17,1
of824SvF,2025-03-18,1
ofUZnuTr,2025-06-06,2
ofYSNV3K,2026-04-16,1
ofYSNV3K,2026-04-26,1
ofYSNV3K,2026-05-09,1
ofcceWDc,2025-10-06,1
ofuhfUuU,2025-03-21,3
ofuhfUuU,2025-03-22,1
ofuhfUuU,2025-03-25,1
og4U9ZOW,2025-05-19,1
ogmh30Yy,2025-09-09,1
ogmh30Yy,2025-09-11,1
ogmh30Yy,2025-09-13,1
oi8kU9JZ,2026-08-18,1
oi8kU9JZ,2026-08-20,1
oi8kU9JZ,2026-08-21,1
oi8kU9JZ,2026-08-24,1
oi8kU9JZ,2026-08-28,1
oi8kU9JZ,2026-09-01,1
oi8kU9JZ,2026-09-03,3
oi8kU9JZ,2026-09-06,1
oi8kU9JZ,2026-09-07,1
oi8kU9JZ,2026-09-11,1
oi8kU9JZ,2026-09-12,1
oi8kU9JZ,2026-09-14,2
oi8kU9JZ,2026-09-16,4
oi8kU9JZ,2026-09-18,2
oi8kU9JZ,2026-09-19,3
oi8kU9JZ,2026-09-20,6
oi8kU9JZ,2026-09-21,6
oiCIcVtD,2026-07-20,1
oiCIcVtD,2026-07-24,3
oiCIcVtD,2026-08-04,1
oiCIcVtD,2026-08-13,1
oiCIcVtD,2026-08-14,1
oiCIcVtD,2026-08-15,1
oj42kOBu,2026-09-06,1
ojqJ2APg,2025-07-16,1
okjxxdoO,2025-02-12,2
oktu3ymq,2025-09-04,1
ol5qYtbO,2025-05-24,1
omT7IBFf,2025-04-02,1
onhzvuTa,2025-06-14,3
onhzvuTa,2025-06-16,1
ootc9uY0,2026-08-13,1
op03yEQ2,2025-04-11,1
op3Bw5Of,2025-12-30,3
op3Bw5Of,2025-12-31,1
op3Bw5Of,2026-01-10,1
op3Bw5Of,2026-01-16,1
op3Bw5Of,2026-01-17,1
op3Bw5Of,2026-01-19,1
op3Bw5Of,2026-01-31,1
op3Bw5Of,2026-02-01,1
op3Bw5Of,2026-02-02,1
opWvjine,2025-03-30,1
opWvjine,2025-03-31,1
opWvjine,2025-04-01,1
opWvjine,2025-04-03,3
opgNCzAv,2025-06-04,1
opydk9vl,2026-05-05,2
opzRB65M,2025-06-13,3
opzRB65M,2025-06-14,4
opzRB65M,2025-06-19,1
opzRB65M,2025-06-21,1
opzRB65M,2025-06-24,1
oqF8sWI2,2026-08-26,1
osZ7U99t,2025-12-13,2
oslXDVY4,2025-11-29,1
oslXDVY4,2025-12-01,1
oslXDVY4,2025-12-05,2
oslXDVY4,2025-12-06,1
oslXDVY4,2025-12-13,2
oslXDVY4,2025-12-20,4
oslXDVY4,2025-12-26,3
oslXDVY4,2025-12-27,1
osuNW8If,2026-02-09,2
osuNW8If,2026-02-10,1
osuNW8If,2026-02-18,1
osuNW8If,2026-02-23,1
otqdxHiS,2025-09-15,2
otqdxHiS,2025-09-16,1
otqdxHiS,2025-09-17,2
otqdxHiS,2025-09-20,2
otqdxHiS,2025-09-24,1
otqdxHiS,2025-09-25,1
otzNjM4j,2026-05-18,1
otzNjM4j,2026-05-19,1
otzNjM4j,2026-05-25,1
otzNjM4j,2026-05-28,1
otzNjM4j,2026-06-01,1
otzNjM4j,2026-06-04,1
otzNjM4j,2026-06-10,1
otzNjM4j,2026-06-17,1
otzNjM4j,2026-06-19,1
otzNjM4j,2026-06-20,1
ouJwezvJ,2026-02-06,2
ouJwezvJ,2026-02-20,1
ouJwezvJ,2026-02-21,4
ouxzrhy2,2026-04-16,1
ouxzrhy2,2026-04-17,2
ouxzrhy2,2026-04-19,1
ouxzrhy2,2026-04-20,1
ouxzrhy2,2026-04-21,1
ouxzrhy2,2026-04-30,1
ouxzrhy2,2026-05-04,1
ov7e7Kca,2025-09-12,1
ovEq3EIz,2026-03-25,1
ovEq3EIz,2026-03-27,6
ovEq3EIz,2026-03-28,3
ovEq3EIz,2026-03-29,2
ovEq3EIz,2026-03-30,2
ovEq3EIz,2026-03-31,2
ovEq3EIz,2026-04-01,3
ovEq3EIz,2026-04-02,3
ovEq3EIz,2026-04-03,2
ovEq3EIz,2026-04-04,1
ovEq3EIz,2026-04-05,2
ovEq3EIz,2026-04-08,1
ovEq3EIz,2026-04-09,2
ovEq3EIz,2026-04-11,1
ovEq3EIz,2026-04-12,1
ovEq3EIz,2026-04-14,1
ovEq3EIz,2026-04-15,2
ovJkeUU0,2025-10-16,1
ovJkeUU0,2025-10-19,1
ovJkeUU0,2025-10-21,1
owJbqTzY,2026-01-14,1
owUq1fjR,2026-07-21,1
owUq1fjR,2026-07-22,1
owUq1fjR,2026-07-27,2
owUq1fjR,2026-08-05,1
owUq1fjR,2026-08-17,1
oxRhilCt,2025-03-18,1
oyXZU4ap,2025-10-02,1
oyXZU4ap,2025-10-03,1
oyXZU4ap,2025-10-14,1
oytkPZ8g,2025-08-19,1
ozI5A9H3,2026-03-07,2
ozXPZcd3,2025-06-27,1
p0NGh2V5,2026-06-01,1
p0NGh2V5,2026-06-02,1
p0NGh2V5,2026-06-03,1
p0NGh2V5,2026-06-05,2
p0NGh2V5,2026-06-07,1
p0NGh2V5,2026-06-08,9
p0NGh2V5,2026-06-09,8
p0NGh2V5,2026-06-10,1
p0NGh2V5,2026-06-11,2
p0NGh2V5,2026-06-12,3
p0NGh2V5,2026-06-13,3
p0NGh2V5,2026-06-14,5
p0NGh2V5,2026-06-16,2
p0NGh2V5,2026-06-18,3
p0NGh2V5,2026-06-19,2
p0NGh2V5,2026-06-20,4
p0NGh2V5,2026-06-21,1
p0NGh2V5,2026-06-22,2
p1L7Mwhx,2024-12-27,2
p1L7Mwhx,2024-12-28,1
p1vsnfKE,2026-07-05,1
p1vsnfKE,2026-07-14,1
p21hvSq4,2025-11-28,1
p2YSJxQH,2025-03-21,2
p2qiThEY,2025-02-09,4
p3168Nnx,2025-11-28,1
p3CkmGpv,2026-05-19,1
p3CkmGpv,2026-06-02,1
p3CkmGpv,2026-06-07,2
p3CkmGpv,2026-06-08,1
p3CkmGpv,2026-06-09,1
p3CkmGpv,2026-06-10,1
p3CkmGpv,2026-06-11,2
p3CkmGpv,2026-06-12,2
p3CkmGpv,2026-06-13,2
p3CkmGpv,2026-06-14,1
p3CkmGpv,2026-06-15,1
p3CkmGpv,2026-06-16,1
p3CkmGpv,2026-06-18,1
p3CkmGpv,2026-06-20,2
p3NGjo7J,2025-11-05,1
p3NGjo7J,2025-11-06,1
p3NGjo7J,2025-11-10,2
p3NGjo7J,2025-11-11,1
p3NGjo7J,2025-11-13,1
p3NGjo7J,2025-11-15,1
p3NGjo7J,2025-11-16,1
p3XHTRQr,2025-06-15,1
p3XHTRQr,2025-06-20,1
p3XHTRQr,2025-06-22,1
p3XHTRQr,2025-06-24,1
p3Y8AdKH,2025-12-31,1
p3Y8AdKH,2026-01-06,1
p3Y8AdKH,2026-01-12,1
p3Y8AdKH,2026-01-13,1
p3uHBiEe,2026-04-17,2
p3uHBiEe,2026-05-02,1
p3uHBiEe,2026-05-10,1
p3wOxcqv,2025-12-04,1
p3wOxcqv,2025-12-20,1
p4e6UuFH,2025-09-17,1
p51T2ddq,2026-04-17,1
p51T2ddq,2026-04-23,1
p5848ivs,2026-05-17,1
p5848ivs,2026-05-24,1
p5848ivs,2026-05-31,1
p5848ivs,2026-06-01,1
p5848ivs,2026-06-07,1
p5848ivs,2026-06-21,1
p5JoPsuu,2025-08-30,1
p5JoPsuu,2025-08-31,10
p5JoPsuu,2025-09-05,1
p5MyZ41k,2025-06-27,1
p5MyZ41k,2025-07-03,1
p5MyZ41k,2025-07-07,1
p5MyZ41k,2025-07-12,1
p6OxSOjC,2025-07-15,2
p6OxSOjC,2025-07-18,1
p6OxSOjC,2025-07-24,1
p6OxSOjC,2025-07-27,1
p6OxSOjC,2025-07-29,1
p6PNBjXM,2026-06-30,1
p6R4DcQw,2026-08-01,1
p6UswJcF,2025-01-17,1
p6Wc6rn3,2026-07-21,1
p6Wc6rn3,2026-08-13,1
p7hAYxga,2025-10-05,1
p8G9kIFl,2025-09-15,1
p8G9kIFl,2025-09-16,2
p8G9kIFl,2025-09-18,1
p8G9kIFl,2025-09-25,1
p8g2vxz3,2025-02-20,1
p92OjIlZ,2026-08-01,1
p92OjIlZ,2026-08-13,1
p93dGvzP,2025-08-27,1
p9AZe2z2,2025-10-10,1
p9P36Dtk,2024-12-28,1
p9P36Dtk,2024-12-29,15
p9P36Dtk,2024-12-30,2
p9iRKdk1,2025-06-21,1
p9iRKdk1,2025-06-24,1
pAJU0iOp,2025-03-02,1
pAJU0iOp,2025-03-03,1
pAJU0iOp,2025-03-04,1
pAJU0iOp,2025-03-05,2
pAJU0iOp,2025-03-06,1
pAJU0iOp,2025-03-07,1
pAJU0iOp,2025-03-08,1
pAJbysdY,2026-05-29,1
pBXMf6aS,2026-04-22,1
pBXMf6aS,2026-04-24,1
pBXMf6aS,2026-04-25,1
pBXMf6aS,2026-04-27,1
pBXMf6aS,2026-05-02,1
pBXMf6aS,2026-05-14,2
pBoUZoUJ,2025-11-08,1
pC8bt3TU,2025-02-22,2
pC8bt3TU,2025-02-23,1
pC8bt3TU,2025-02-24,1
pC8bt3TU,2025-02-25,1
pC8bt3TU,2025-02-26,2
pC8bt3TU,2025-02-27,3
pC8bt3TU,2025-02-28,1
pC8bt3TU,2025-03-01,1
pCmAkesR,2025-03-25,1
pCnRvAC2,2026-03-13,1
pD54C2HP,2026-07-30,1
pDkcv4JU,2025-12-30,1
pDkcv4JU,2026-01-03,1
pDkcv4JU,2026-01-16,1
pDkcv4JU,2026-01-19,1
pDkcv4JU,2026-02-02,1
pEFYBH1b,2025-11-27,1
pEODfwty,2026-02-28,1
pEqdGuEW,2025-05-12,1
pFDZLusp,2026-08-06,1
pFPHks1Q,2025-12-08,1
pFPHks1Q,2025-12-20,1
pFPHks1Q,2025-12-26,1
pFkbJ6lY,2026-05-16,1
pG6frylv,2025-06-18,2
pGHdXjAq,2025-12-07,1
pH27DKJl,2025-01-15,1
pH27DKJl,2025-01-19,1
pHIJRK89,2025-06-29,2
pHIJRK89,2025-07-01,1
pHIJRK89,2025-07-10,1
pHIJRK89,2025-07-11,1
pHIJRK89,2025-07-13,3
pHm8xekK,2026-06-26,1
pI6mcbtx,2025-07-12,1
pJSgolDm,2025-10-15,3
pJSgolDm,2025-10-18,4
pJSgolDm,2025-10-20,3
pJSgolDm,2025-10-21,2
pJSgolDm,2025-10-22,1
pJSgolDm,2025-10-26,1
pJSgolDm,2025-10-27,1
pJSgolDm,2025-10-28,1
pJSgolDm,2025-10-29,1
pJSgolDm,2025-10-31,2
pJSgolDm,2025-11-01,1
pJlmjRur,2026-07-20,1
pJlmjRur,2026-07-27,1
pLASkYWv,2025-11-02,1
pLASkYWv,2025-11-09,1
pLZpTW1i,2025-06-15,1
pLZpTW1i,2025-06-19,1
pMYOPtEU,2026-04-17,1
pMlHQUI1,2025-07-29,8
pN4bpfjF,2025-04-11,1
pNJXAkTV,2025-09-20,1
pNZXj4Ss,2025-04-09,1
pNZXj4Ss,2025-04-12,1
pNZXj4Ss,2025-04-13,1
pNaNbYQ4,2025-05-01,2
pNaNbYQ4,2025-05-10,3
pNaNbYQ4,2025-05-11,1
pNaNbYQ4,2025-05-12,1
pPHeKhFx,2026-07-17,1
pPXeEsKQ,2025-08-01,1
pPtc3oNa,2026-02-08,1
pPtc3oNa,2026-02-15,1
pPtc3oNa,2026-02-16,3
pPtc3oNa,2026-02-18,1
pPtc3oNa,2026-02-20,1
pPtc3oNa,2026-02-21,3
pPtc3oNa,2026-02-22,1
pQm1Ds4N,2025-08-26,2
pQm1Ds4N,2025-08-28,1
pQm1Ds4N,2025-09-02,1
pQyyWoOT,2025-03-05,1
pRVGkeMg,2025-04-20,1
pRVGkeMg,2025-04-26,1
pRVGkeMg,2025-04-27,1
pRv5Yucl,2025-09-22,1
pRv5Yucl,2025-09-23,1
pRwYy4Mh,2025-05-29,1
pRwYy4Mh,2025-06-04,1
pRwYy4Mh,2025-06-09,1
pRwYy4Mh,2025-06-11,1
pSRo6v2i,2025-07-21,3
pSRo6v2i,2025-07-22,1
pSRo6v2i,2025-07-25,4
pSRo6v2i,2025-07-28,2
pSRo6v2i,2025-07-29,1
pSk9yDu8,2026-05-03,1
pSk9yDu8,2026-05-06,1
pSk9yDu8,2026-05-12,2
pT8G25vQ,2024-12-31,1
pT8G25vQ,2025-01-28,46
pT8G25vQ,2025-01-29,2
pT8G25vQ,2025-02-04,1
pTYunMJG,2026-06-25,1
pTzEexBh,2026-09-20,1
pU9GmFP3,2025-11-02,1
pUZ2TPHD,2025-11-09,1
pV949lit,2025-06-27,1
pV949lit,2025-07-05,1
pV949lit,2025-07-06,1
pV949lit,2025-07-08,1
pV949lit,2025-07-13,1
pVITCkLY,2025-10-18,1
pVITCkLY,2025-10-20,1
pVITCkLY,2025-10-21,1
pVITCkLY,2025-10-30,2
pVITCkLY,2025-10-31,1
pW4yegVR,2025-01-11,2
pW4yegVR,2025-01-27,1
pX1lqMCC,2025-11-24,1
pXXGlO1R,2025-08-28,1
pY24TofO,2026-02-28,2
pY24TofO,2026-03-06,1
pY24TofO,2026-03-07,1
pY24TofO,2026-03-13,1
pY24TofO,2026-03-14,1
pY24TofO,2026-03-20,1
pY24TofO,2026-03-21,1
pY5XIbcy,2026-04-23,3
pY5XIbcy,2026-04-27,1
pY5XIbcy,2026-04-28,3
pY5XIbcy,2026-04-29,1
pY5XIbcy,2026-04-30,2
pY5XIbcy,2026-05-05,1
pY5XIbcy,2026-05-06,1
pYwwhPhc,2025-10-17,2
pYwwhPhc,2025-10-18,1
pYwwhPhc,2025-10-19,1
pYwwhPhc,2025-10-22,1
pYwwhPhc,2025-10-24,1
pZR2Gd1R,2025-06-11,1
pabhQEtX,2025-11-18,1
pabhQEtX,2025-11-22,1
pabhQEtX,2025-11-24,1
pabhQEtX,2025-11-26,1
pabhQEtX,2025-11-27,2
pb45fGqd,2025-08-31,3
pb45fGqd,2025-09-02,2
pbS3vJWp,2026-09-18,2
pbS3vJWp,2026-09-19,1
pbS3vJWp,2026-09-21,3
pcRGJhQu,2025-08-05,1
pdjc2EoZ,2026-08-04,1
pdoUthgM,2026-08-19,1
pdoUthgM,2026-09-15,1
pdoUthgM,2026-09-17,1
pdoUthgM,2026-09-18,1
pdoUthgM,2026-09-19,5
pdoUthgM,2026-09-20,12
pdoUthgM,2026-09-21,4
pegCr1LF,2025-04-16,1
pegCr1LF,2025-04-17,2
pegCr1LF,2025-04-18,2
pegCr1LF,2025-04-19,3
pegCr1LF,2025-04-20,1
pegCr1LF,2025-04-21,1
pegCr1LF,2025-04-22,1
pegCr1LF,2025-04-23,2
pegCr1LF,2025-04-24,4
pegCr1LF,2025-04-25,3
pegCr1LF,2025-04-26,1
pegCr1LF,2025-04-27,2
pegCr1LF,2025-04-28,3
pegCr1LF,2025-04-29,1
pegCr1LF,2025-04-30,1
pfUVTB79,2025-03-03,1
pgCVW01s,2025-04-16,1
pgCVW01s,2025-04-25,1
pgCVW01s,2025-04-29,1
pgPXVp7K,2025-03-22,1
phLlAu5B,2026-04-25,1
phLlAu5B,2026-05-09,1
piapIdzj,2025-08-07,1
piapIdzj,2025-08-08,1
piapIdzj,2025-08-10,1
pifYAkU7,2025-07-24,1
piqBSSVT,2026-09-18,1
pjivCaZj,2025-11-21,1
pjivCaZj,2025-11-22,1
pjivCaZj,2025-11-23,1
pjivCaZj,2025-11-25,1
pjivCaZj,2025-11-27,3
pjivCaZj,2025-11-28,2
pjzvPe6f,2025-09-16,1
pjzvPe6f,2025-09-27,1
pjzvPe6f,2025-09-29,1
pk15Xkjp,2025-08-27,1
pk15Xkjp,2025-08-30,1
pk15Xkjp,2025-09-01,1
pk15Xkjp,2025-09-04,1
pk3XSxBY,2025-09-27,2
pkC0ZMNF,2026-05-23,1
pkC0ZMNF,2026-05-30,1
pkC0ZMNF,2026-06-08,1
pkoxTJKS,2026-09-08,1
pl0c4Hjm,2025-08-07,1
pl0c4Hjm,2025-08-11,1
pl0c4Hjm,2025-08-12,1
pl0c4Hjm,2025-08-16,1
pl2QGRfz,2025-05-07,1
plCNfh1s,2026-07-19,2
plFpn4zQ,2025-05-02,1
plGivXGp,2025-12-08,1
plGivXGp,2025-12-22,1
plehRLDI,2025-02-24,1
pm6QWhAJ,2026-07-14,1
pmRbL2BI,2025-06-30,1
pmRbL2BI,2025-07-08,1
pmRbL2BI,2025-07-13,2
pmf2Xjpe,2025-09-05,1
poA9VO1r,2025-06-13,1
poA9VO1r,2025-06-15,1
poA9VO1r,2025-06-19,2
poA9VO1r,2025-06-23,1
poAnFOl5,2026-05-16,2
poAnFOl5,2026-05-17,2
poAnFOl5,2026-05-18,1
poAnFOl5,2026-05-20,1
poAnFOl5,2026-05-22,2
poAnFOl5,2026-05-23,1
poAnFOl5,2026-05-24,3
poAnFOl5,2026-05-25,1
poAnFOl5,2026-05-26,1
poAnFOl5,2026-05-27,1
poAnFOl5,2026-05-28,3
poAnFOl5,2026-05-29,1
poAnFOl5,2026-05-31,1
poAnFOl5,2026-06-03,2
poAnFOl5,2026-06-06,1
poAnFOl5,2026-06-07,2
poAnFOl5,2026-06-10,1
poAnFOl5,2026-06-13,1
poAnFOl5,2026-06-14,1
poAnFOl5,2026-06-17,1
poAnFOl5,2026-06-20,2
poAnFOl5,2026-06-21,1
poAnFOl5,2026-06-22,1
poFPuH9K,2025-08-21,1
poPANeal,2025-09-19,1
poPANeal,2025-09-24,1
poVVJxgB,2026-09-15,1
poVVJxgB,2026-09-18,1
poVVJxgB,2026-09-20,2
poVVJxgB,2026-09-21,2
podqM2C4,2025-10-04,1
podqM2C4,2025-10-11,1
pp5Dh9vx,2026-07-19,1
ppu4cGgF,2026-03-07,1
pq24M3gf,2025-08-10,1
pq46G0Dc,2026-07-21,1
pq46G0Dc,2026-07-29,1
pq46G0Dc,2026-08-01,2
pq46G0Dc,2026-08-14,1
pqevz5AR,2026-02-27,1
pqevz5AR,2026-03-06,1
pqevz5AR,2026-03-11,2
pqevz5AR,2026-03-13,1
pqevz5AR,2026-03-19,1
pqevz5AR,2026-03-20,3
prGDwYEE,2025-03-21,2
prGDwYEE,2025-03-22,2
prGDwYEE,2025-03-23,1
prGDwYEE,2025-03-25,1
prGDwYEE,2025-03-26,1
prGDwYEE,2025-03-27,1
prGDwYEE,2025-03-28,1
prsf7BsD,2026-03-09,1
ptAn5xm7,2025-10-07,1
ptAn5xm7,2025-10-11,1
ptXGxbmM,2025-10-16,2
ptXGxbmM,2025-10-21,3
ptXGxbmM,2025-10-22,1
ptXGxbmM,2025-10-27,2
ptXGxbmM,2025-11-01,1
ptbRAstY,2025-12-05,1
ptbRAstY,2025-12-08,2
ptbRAstY,2025-12-16,2
ptuCEQ4b,2025-06-27,1
ptuCEQ4b,2025-07-01,1
ptyIes4N,2026-07-18,1
puth4rHo,2026-08-19,1
puth4rHo,2026-08-22,1
puth4rHo,2026-08-23,1
puth4rHo,2026-08-27,2
puth4rHo,2026-08-28,1
puth4rHo,2026-08-29,1
puth4rHo,2026-09-02,1
puth4rHo,2026-09-04,1
puth4rHo,2026-09-05,3
puth4rHo,2026-09-12,4
puth4rHo,2026-09-13,1
puth4rHo,2026-09-15,2
puth4rHo,2026-09-16,2
puth4rHo,2026-09-17,1
puth4rHo,2026-09-18,2
puth4rHo,2026-09-19,4
puth4rHo,2026-09-21,1
pvQdXxDv,2026-03-25,1
pvQdXxDv,2026-03-29,1
pvQdXxDv,2026-03-30,1
pvQdXxDv,2026-04-13,1
pvhMEaaF,2025-03-21,1
pvj4L72Y,2026-01-01,1
pvj4L72Y,2026-01-20,1
pvj4L72Y,2026-01-24,1
pvj4L72Y,2026-01-27,1
pvo1sjXq,2026-02-19,1
pws3mB3m,2026-07-28,1
pws3mB3m,2026-07-31,1
pws3mB3m,2026-08-05,1
pws3mB3m,2026-08-08,1
pws3mB3m,2026-08-10,2
pws3mB3m,2026-08-13,1
pwwKavwr,2026-08-18,2
pwwKavwr,2026-09-19,1
py9iL24E,2025-08-27,3
py9iL24E,2025-08-28,2
py9iL24E,2025-09-02,1
pzQvCvxa,2025-11-18,1
pzQvCvxa,2025-11-20,1
pzQvCvxa,2025-11-26,2
pzavzRfq,2025-12-13,2
pzxJJt6L,2025-08-27,1
pzxJJt6L,2025-08-28,1
pzxJJt6L,2025-08-31,1
pzxJJt6L,2025-09-02,1
q1I1SbiG,2025-04-13,1
q1NaT5Ku,2025-11-19,1
q1NaT5Ku,2025-11-25,1
q1WORKG8,2025-12-30,2
q1WORKG8,2026-01-03,1
q1WORKG8,2026-01-07,1
q1WORKG8,2026-01-09,1
q1WORKG8,2026-01-12,1
q1WORKG8,2026-01-15,1
q1WORKG8,2026-01-20,1
q1WORKG8,2026-01-22,1
q1WORKG8,2026-01-23,1
q1WORKG8,2026-01-25,1
q1WORKG8,2026-01-26,2
q2DykVSq,2025-09-15,1
q2DykVSq,2025-09-24,1
q2DykVSq,2025-09-27,2
q2eGwP6k,2026-07-14,1
q2wCEFnA,2025-02-09,1
q3KIBTsh,2025-02-05,1
q3Oaufxt,2025-01-04,1
q3hE2ZvH,2025-03-20,4
q3hE2ZvH,2025-03-21,1
q3hE2ZvH,2025-03-26,1
q3hE2ZvH,2025-03-27,1
q4UEn9qF,2026-09-06,1
q4UEn9qF,2026-09-19,1
q4XS5xFO,2026-05-15,1
q4XS5xFO,2026-05-16,3
q4XS5xFO,2026-05-17,1
q4XS5xFO,2026-05-19,2
q4XS5xFO,2026-05-20,2
q4XS5xFO,2026-05-21,3
q4XS5xFO,2026-05-23,1
q4XS5xFO,2026-05-24,4
q4XS5xFO,2026-05-25,4
q4XS5xFO,2026-05-26,2
q4XS5xFO,2026-05-31,1
q4XS5xFO,2026-06-01,1
q4XS5xFO,2026-06-02,1
q4XS5xFO,2026-06-04,1
q4XS5xFO,2026-06-06,6
q4XS5xFO,2026-06-08,1
q4XS5xFO,2026-06-10,1
q4XS5xFO,2026-06-12,2
q4XS5xFO,2026-06-14,1
q4XS5xFO,2026-06-16,2
q4XS5xFO,2026-06-18,2
q4XS5xFO,2026-06-19,3
q4XS5xFO,2026-06-20,2
q4XS5xFO,2026-06-22,1
q57AjKou,2026-07-27,1
q57AjKou,2026-07-29,1
q57AjKou,2026-08-06,1
q57AjKou,2026-08-07,1
q57AjKou,2026-08-09,1
q57AjKou,2026-08-10,1
q5GZN32T,2025-01-06,1
q5GZN32T,2025-01-13,1
q5GZN32T,2025-02-04,1
q5KQhF8x,2026-03-10,1
q5KQhF8x,2026-03-13,1
q5Sjd27w,2025-02-09,1
q5mROgdT,2026-05-01,1
q5oM4ofZ,2025-02-25,1
q5oM4ofZ,2025-02-28,1
q5pA4q9m,2026-07-03,2
q5pA4q9m,2026-07-05,1
q5pA4q9m,2026-07-06,1
q5skRH39,2025-04-27,1
q60p88rg,2025-07-26,2
q6VWlTdG,2024-12-26,1
q6VWlTdG,2024-12-31,2
q6VWlTdG,2025-01-08,1
q6VWlTdG,2025-01-28,1
q6iXJ4U3,2026-09-10,1
q6iXJ4U3,2026-09-18,1
q6iXJ4U3,2026-09-20,1
q7OrGiYc,2024-12-27,1
q7OrGiYc,2025-01-02,2
q8OrDhHA,2026-05-21,1
q8OrDhHA,2026-06-13,1
q8V1lTb2,2026-07-17,1
q8V1lTb2,2026-07-21,1
q8V1lTb2,2026-07-23,1
q8V1lTb2,2026-07-27,1
q8V1lTb2,2026-07-29,1
q8V1lTb2,2026-07-31,2
q8V1lTb2,2026-08-06,1
q8V1lTb2,2026-08-07,1
q8V1lTb2,2026-08-17,1
q8e2arGc,2025-11-02,1
q8e2arGc,2025-11-07,2
q9VNtikb,2025-11-29,1
q9VNtikb,2025-12-23,1
q9VNtikb,2025-12-27,1
q9ciVsLA,2026-04-23,1
q9wruilS,2025-07-07,1
qA3wN8ai,2025-01-11,1
qA3wN8ai,2025-01-18,1
qA3wN8ai,2025-01-26,1
qA3wN8ai,2025-01-27,1
qA3wN8ai,2025-01-29,1
qA3wN8ai,2025-02-03,1
qArbRa2x,2026-03-19,1
qAsJIW8e,2026-01-05,1
qB6ctWrX,2024-12-27,1
qB6ctWrX,2024-12-28,1
qBB3qNkM,2026-03-14,1
qBDOWNRy,2025-08-06,2
qBgTYes6,2025-05-29,1
qBweKUpM,2025-12-26,1
qBweKUpM,2025-12-27,1
qC5Q4B78,2026-07-01,1
qC5Q4B78,2026-07-04,1
qC5Q4B78,2026-07-08,1
qC5Q4B78,2026-07-09,1
qC5Q4B78,2026-07-11,1
qC5Q4B78,2026-07-12,1
qD5Xajfb,2024-12-27,1
qDztsNNO,2025-02-20,1
qEJVuStj,2026-05-16,2
qEJVuStj,2026-05-19,1
qEJVuStj,2026-05-21,1
qEJVuStj,2026-05-27,1
qEJVuStj,2026-06-08,2
qEbV7mnR,2025-09-18,1
qEbV7mnR,2025-09-23,1
qEhy3wMY,2025-08-08,1
qEiyse5k,2026-03-26,2
qEiyse5k,2026-03-28,1
qEiyse5k,2026-03-29,1
qEiyse5k,2026-03-30,1
qEiyse5k,2026-03-31,1
qEiyse5k,2026-04-01,1
qEiyse5k,2026-04-02,1
qEiyse5k,2026-04-03,1
qEiyse5k,2026-04-05,1
qEiyse5k,2026-04-06,1
qEiyse5k,2026-04-09,1
qEiyse5k,2026-04-11,5
qEiyse5k,2026-04-12,3
qFGiJHnX,2025-09-10,1
qFP0BJDM,2026-09-19,2
qFP0BJDM,2026-09-20,2
qFP0BJDM,2026-09-21,1
qFa9nEee,2025-06-30,1
qFuPn9Pw,2026-02-06,1
qFuPn9Pw,2026-02-09,1
qFuPn9Pw,2026-02-10,1
qFuPn9Pw,2026-02-11,1
qFuPn9Pw,2026-02-12,1
qGVwz6le,2025-08-27,1
qGkTsAnm,2025-06-24,1
qI2eqdRS,2025-05-28,1
qI2eqdRS,2025-05-29,1
qI2eqdRS,2025-05-30,1
qI2eqdRS,2025-06-02,1
qI2eqdRS,2025-06-03,1
qI2eqdRS,2025-06-04,1
qI2eqdRS,2025-06-06,1
qI2eqdRS,2025-06-11,2
qIGSWCRo,2026-08-04,1
qIGSWCRo,2026-08-10,1
qIdw5OZU,2026-07-16,5
qIdw5OZU,2026-07-17,2
qIdw5OZU,2026-07-18,4
qIdw5OZU,2026-07-19,1
qIdw5OZU,2026-07-20,1
qIdw5OZU,2026-07-21,1
qIdw5OZU,2026-07-22,2
qIdw5OZU,2026-07-23,2
qIdw5OZU,2026-07-25,2
qIdw5OZU,2026-07-26,1
qIdw5OZU,2026-07-27,2
qIdw5OZU,2026-07-29,1
qIdw5OZU,2026-07-30,2
qIdw5OZU,2026-07-31,3
qIdw5OZU,2026-08-01,1
qIdw5OZU,2026-08-02,1
qIdw5OZU,2026-08-03,3
qIdw5OZU,2026-08-04,1
qIdw5OZU,2026-08-05,2
qIdw5OZU,2026-08-06,1
qIdw5OZU,2026-08-08,2
qIdw5OZU,2026-08-10,2
qIdw5OZU,2026-08-11,2
qIdw5OZU,2026-08-12,1
qIdw5OZU,2026-08-13,5
qIdw5OZU,2026-08-14,3
qIdw5OZU,2026-08-15,4
qIdw5OZU,2026-08-16,4
qIdw5OZU,2026-08-17,8
qIvcMOfW,2026-02-06,1
qIvcMOfW,2026-02-12,1
qIvcMOfW,2026-02-20,2
qK18EPuA,2025-02-09,1
qK18EPuA,2025-02-10,2
qK18EPuA,2025-02-11,1
qK18EPuA,2025-02-13,2
qKE0EbCN,2025-07-25,1
qL5lVDdK,2025-10-31,1
qLSfbr6s,2026-03-13,1
qMXOhZUu,2026-07-25,1
qMXOhZUu,2026-08-04,1
qMXOhZUu,2026-08-12,1
qMXOhZUu,2026-08-13,1
qMtHwKXh,2025-11-29,2
qMtHwKXh,2025-11-30,1
qMtHwKXh,2025-12-01,1
qMtHwKXh,2025-12-02,1
qMtHwKXh,2025-12-03,3
qMtHwKXh,2025-12-04,1
qMtHwKXh,2025-12-05,2
qMtHwKXh,2025-12-06,2
qMtHwKXh,2025-12-07,1
qMtHwKXh,2025-12-08,3
qMtHwKXh,2025-12-09,1
qMtHwKXh,2025-12-10,1
qMtHwKXh,2025-12-11,1
qMtHwKXh,2025-12-12,1
qMtHwKXh,2025-12-13,1
qMtHwKXh,2025-12-14,1
qMtHwKXh,2025-12-15,2
qMtHwKXh,2025-12-16,1
qMtHwKXh,2025-12-17,1
qMtHwKXh,2025-12-18,1
qMtHwKXh,2025-12-19,1
qMtHwKXh,2025-12-20,2
qMtHwKXh,2025-12-21,1
qMtHwKXh,2025-12-22,1
qMtHwKXh,2025-12-23,1
qMtHwKXh,2025-12-24,1
qMtHwKXh,2025-12-25,1
qMtHwKXh,2025-12-26,1
qMtHwKXh,2025-12-27,1
qO0HVoE3,2025-02-11,1
qO4FXR4n,2025-02-09,1
qO4FXR4n,2025-02-12,1
qOhLDpv2,2026-07-06,1
qPKocKas,2026-02-03,1
qPKocKas,2026-02-12,1
qPLQsc4r,2025-10-16,1
qPLQsc4r,2025-10-19,1
qPLQsc4r,2025-10-20,1
qPLQsc4r,2025-10-22,1
qPLQsc4r,2025-10-24,1
qPPxwmFy,2026-06-06,1
qPPxwmFy,2026-06-07,1
qPcdTAcR,2025-10-01,1
qPcdTAcR,2025-10-05,2
qPcdTAcR,2025-10-06,2
qPcdTAcR,2025-10-08,2
qPcdTAcR,2025-10-09,2
qPcdTAcR,2025-10-11,1
qPcdTAcR,2025-10-13,1
qPcdTAcR,2025-10-14,1
qQ4b2XeA,2026-08-30,1
qQ4b2XeA,2026-09-17,2
qQ4b2XeA,2026-09-19,2
qQ4b2XeA,2026-09-20,1
qQ4b2XeA,2026-09-21,1
qQ4dCBVM,2024-12-26,1
qQ4dCBVM,2024-12-27,1
qQ4dCBVM,2024-12-28,1
qQ6aHifz,2025-03-15,1
qQdnTNCO,2026-06-02,1
qQeYeN3m,2025-09-24,1
qQeYeN3m,2025-09-25,1
qQh6QqWz,2025-10-15,1
qR9YCszx,2025-03-30,1
qR9YCszx,2025-03-31,1
qSxyZMxY,2025-02-21,1
qSxyZMxY,2025-02-22,1
qUQhjxe2,2025-10-15,1
qUpq99MZ,2025-07-03,1
qUpq99MZ,2025-07-05,2
qV82DOd6,2025-11-02,1
qV82DOd6,2025-11-03,4
qV82DOd6,2025-11-05,1
qV82DOd6,2025-11-07,3
qV82DOd6,2025-11-08,2
qV82DOd6,2025-11-09,1
qV82DOd6,2025-11-10,2
qV82DOd6,2025-11-11,1
qV82DOd6,2025-11-13,1
qV82DOd6,2025-11-16,1
qW6YPegy,2024-12-26,2
qW6YPegy,2024-12-27,1
qWWLWjrm,2025-08-27,1
qWWLWjrm,2025-09-05,1
qWicJdBZ,2025-10-18,1
qWphRAd9,2026-09-13,1
qWphRAd9,2026-09-17,1
qWphRAd9,2026-09-19,1
qWphRAd9,2026-09-20,4
qWphRAd9,2026-09-21,2
qXu6EPFI,2025-07-31,1
qXu6EPFI,2025-08-01,2
qXu6EPFI,2025-08-03,2
qXu6EPFI,2025-08-04,1
qXu6EPFI,2025-08-06,1
qXzbe2sZ,2026-06-24,1
qXzbe2sZ,2026-07-11,1
qXzbe2sZ,2026-07-12,1
qaXsdIuH,2026-09-17,1
qaXsdIuH,2026-09-19,1
qabbxiAb,2025-07-18,1
qabbxiAb,2025-07-25,1
qaqd6v5U,2025-03-12,1
qaqd6v5U,2025-03-13,2
qaqd6v5U,2025-03-17,1
qbRxE8g0,2026-08-19,1
qbRxE8g0,2026-08-29,1
qbRxE8g0,2026-09-19,1
qc88xz07,2026-07-20,1
qc88xz07,2026-08-02,2
qc88xz07,2026-08-07,1
qc88xz07,2026-08-10,1
qc88xz07,2026-08-11,1
qc88xz07,2026-08-16,2
qcQuYSwx,2025-03-16,1
qdC0yhd4,2026-01-02,1
qetnzzSm,2025-02-08,3
qfEM5BiE,2025-08-26,2
qfrwEim7,2026-01-01,1
qfrwEim7,2026-01-09,1
qfrwEim7,2026-01-12,1
qfrwEim7,2026-01-13,1
qfrwEim7,2026-01-16,1
qfrwEim7,2026-01-29,1
qgq4P1Wx,2025-10-31,1
qh0q5c1x,2026-03-10,1
qh1nKtgk,2025-10-07,1
qh1nKtgk,2025-10-11,1
qhoxPjYt,2025-08-30,1
qhoxPjYt,2025-09-04,2
qiB0u4gw,2025-02-14,1
qjDGkNlP,2025-11-25,1
qjDGkNlP,2025-11-28,1
qjISyqz6,2025-05-28,2
qjhyJGMV,2026-04-26,3
qjhyJGMV,2026-05-03,1
qjhyJGMV,2026-05-11,1
qjhyJGMV,2026-05-12,2
qk5Q0hwx,2025-02-12,1
qk5Q0hwx,2025-02-13,1
qlB1TOeo,2025-11-14,1
qlB1TOeo,2025-11-15,5
qlepG34M,2026-07-31,1
qll6Gsi3,2025-12-26,1
qlmxFHB6,2026-03-29,1
qm7nNNb1,2026-08-18,4
qm7nNNb1,2026-08-19,8
qm7nNNb1,2026-08-20,6
qm7nNNb1,2026-08-21,6
qm7nNNb1,2026-08-22,5
qm7nNNb1,2026-08-23,10
qm7nNNb1,2026-08-24,10
qm7nNNb1,2026-08-25,5
qm7nNNb1,2026-08-26,4
qm7nNNb1,2026-08-27,4
qm7nNNb1,2026-08-28,5
qm7nNNb1,2026-08-29,12
qm7nNNb1,2026-08-30,4
qm7nNNb1,2026-08-31,13
qm7nNNb1,2026-09-01,5
qm7nNNb1,2026-09-02,9
qm7nNNb1,2026-09-03,9
qm7nNNb1,2026-09-04,9
qm7nNNb1,2026-09-05,9
qm7nNNb1,2026-09-06,15
qm7nNNb1,2026-09-07,4
qm7nNNb1,2026-09-08,7
qm7nNNb1,2026-09-09,8
qm7nNNb1,2026-09-10,12
qm7nNNb1,2026-09-11,8
qm7nNNb1,2026-09-12,18
qm7nNNb1,2026-09-13,15
qm7nNNb1,2026-09-14,14
qm7nNNb1,2026-09-15,11
qm7nNNb1,2026-09-16,12
qm7nNNb1,2026-09-17,9
qm7nNNb1,2026-09-18,9
qm7nNNb1,2026-09-19,13
qm7nNNb1,2026-09-20,10
qm7nNNb1,2026-09-21,5
qmJyyaZ6,2025-09-07,4
qmJyyaZ6,2025-09-09,1
qmJyyaZ6,2025-09-10,2
qmJyyaZ6,2025-09-11,2
qmJyyaZ6,2025-09-13,8
qnedrPBO,2026-08-21,1
qnedrPBO,2026-08-25,1
qnedrPBO,2026-09-01,1
qnedrPBO,2026-09-12,1
qnedrPBO,2026-09-16,1
qnedrPBO,2026-09-18,1
qnedrPBO,2026-09-21,3
qnpYJdrn,2025-10-19,1
qnpYJdrn,2025-10-21,1
qnpYJdrn,2025-10-29,1
qnpYJdrn,2025-10-31,1
qoUrfVoi,2025-07-13,1
qpSpSDP9,2025-11-04,1
qpSpSDP9,2025-11-15,1
qpgp67aT,2025-12-04,1
qpgp67aT,2025-12-08,3
qpgp67aT,2025-12-11,1
qpgp67aT,2025-12-20,1
qpgp67aT,2025-12-24,1
qpvqmYJZ,2026-08-18,1
qpvqmYJZ,2026-08-21,1
qpvqmYJZ,2026-08-24,1
qpvqmYJZ,2026-08-29,1
qpvqmYJZ,2026-09-05,1
qpvqmYJZ,2026-09-06,1
qpvqmYJZ,2026-09-08,1
qpvqmYJZ,2026-09-12,1
qpvqmYJZ,2026-09-19,1
qqsOvKh8,2026-09-04,1
qqsOvKh8,2026-09-18,2
qqsOvKh8,2026-09-19,1
qqsOvKh8,2026-09-20,1
qr2tEwME,2025-08-12,1
qr2tEwME,2025-08-15,1
qrkK8IeK,2025-11-07,1
qrkK8IeK,2025-11-16,1
qrm1dSiR,2025-08-22,1
qrsoDq9w,2026-02-10,1
qrsoDq9w,2026-02-11,2
qrsoDq9w,2026-02-12,1
qrsoDq9w,2026-02-26,2
qswR5hZV,2026-04-19,1
qszRlur4,2026-02-21,1
qtrFfmJ4,2025-04-14,2
quF7xvnb,2026-04-16,1
quF7xvnb,2026-05-02,1
quF7xvnb,2026-05-12,1
quVmqWzm,2026-05-02,1
quVmqWzm,2026-05-09,1
quaT3o07,2026-08-20,1
quaT3o07,2026-08-21,2
quaT3o07,2026-08-23,4
quaT3o07,2026-08-24,4
quaT3o07,2026-08-25,1
quaT3o07,2026-08-26,1
quaT3o07,2026-08-27,3
quaT3o07,2026-08-28,2
quaT3o07,2026-08-29,1
quaT3o07,2026-08-30,2
quaT3o07,2026-09-01,1
quaT3o07,2026-09-02,1
quaT3o07,2026-09-03,5
quaT3o07,2026-09-04,7
quaT3o07,2026-09-05,4
quaT3o07,2026-09-06,2
quaT3o07,2026-09-07,2
quaT3o07,2026-09-08,6
quaT3o07,2026-09-10,3
quaT3o07,2026-09-12,1
quaT3o07,2026-09-13,3
quaT3o07,2026-09-14,2
quaT3o07,2026-09-15,3
quaT3o07,2026-09-16,2
quaT3o07,2026-09-17,6
quaT3o07,2026-09-18,2
quaT3o07,2026-09-20,4
quaT3o07,2026-09-21,5
quj32pp8,2025-08-17,1
quj32pp8,2025-08-22,1
qvuOhJhb,2025-06-30,1
qvuOhJhb,2025-07-01,1
qwAeo5aL,2025-12-30,1
qwAeo5aL,2026-01-01,2
qwAeo5aL,2026-01-19,1
qwIDRUVK,2026-09-15,1
qwIDRUVK,2026-09-17,1
qwIDRUVK,2026-09-19,3
qwIDRUVK,2026-09-20,1
qwIDRUVK,2026-09-21,2
qwK0QhMm,2025-02-25,1
qxDcO3qZ,2026-08-18,2
qxDcO3qZ,2026-08-24,1
qxDcO3qZ,2026-09-06,2
qxDcO3qZ,2026-09-13,1
qxDcO3qZ,2026-09-20,1
qxQ610DC,2026-04-20,1
qxQ610DC,2026-05-08,1
qxRgGuco,2025-12-14,1
qyBEmgeT,2025-05-30,1
qyBEmgeT,2025-06-23,1
qyDET57H,2025-08-07,1
qyDET57H,2025-08-08,1
qyDET57H,2025-08-09,2
qyDET57H,2025-08-12,1
qyDET57H,2025-08-15,3
qyDET57H,2025-08-19,1
qyDET57H,2025-08-22,2
qyDET57H,2025-08-23,1
qyygGwcZ,2025-12-08,1
qyygGwcZ,2025-12-10,1
r03zcIqz,2025-11-10,1
r0M8BVrk,2026-09-16,1
r0M8BVrk,2026-09-19,1
r0M8BVrk,2026-09-20,1
r0P1K7Ex,2025-07-03,1
r0ZGlY4R,2026-07-31,1
r1ShfrDW,2026-01-03,1
r25NP2LA,2026-02-27,1
r25NP2LA,2026-02-28,5
r25NP2LA,2026-03-01,2
r25NP2LA,2026-03-03,5
r25NP2LA,2026-03-06,6
r25NP2LA,2026-03-07,5
r25NP2LA,2026-03-09,2
r25NP2LA,2026-03-10,2
r25NP2LA,2026-03-11,2
r25NP2LA,2026-03-12,1
r25NP2LA,2026-03-13,2
r25NP2LA,2026-03-14,2
r25NP2LA,2026-03-15,4
r25NP2LA,2026-03-19,2
r25NP2LA,2026-03-20,1
r25NP2LA,2026-03-21,3
r25NP2LA,2026-03-22,2
r3GqsJYb,2025-01-02,1
r3GqsJYb,2025-01-03,1
r3GqsJYb,2025-01-05,2
r3GqsJYb,2025-01-06,1
r3VYywEn,2025-02-05,335
r3uvaWhh,2026-08-29,2
r3uvaWhh,2026-09-05,1
r4a7CbNJ,2025-04-29,3
r6Ggyzn7,2025-01-10,1
r6Ggyzn7,2025-01-17,1
r6SCMwsc,2025-03-25,1
r6V4I6Aq,2026-09-15,2
r6XWlJZd,2026-04-18,1
r6XWlJZd,2026-05-02,1
r6XWlJZd,2026-05-13,1
r78L4jgc,2025-09-06,1
r7ASTpP4,2026-07-16,1
r7ASTpP4,2026-07-17,1
r7ASTpP4,2026-07-20,1
r7ASTpP4,2026-07-22,1
r7ASTpP4,2026-08-05,2
r7ASTpP4,2026-08-06,1
r7ASTpP4,2026-08-12,2
r7ASTpP4,2026-08-13,1
r7QfrnCz,2025-06-13,4
r7QfrnCz,2025-06-14,1
r7QfrnCz,2025-06-16,1
r7QfrnCz,2025-06-26,2
r7aJ4ESe,2025-09-28,2
r8kOHSrN,2025-09-09,1
r9ElvfNi,2025-02-25,1
r9ElvfNi,2025-02-26,11
r9ElvfNi,2025-02-27,1
r9ElvfNi,2025-02-28,3
r9P1z3kw,2025-02-17,1
r9WicRI8,2024-12-30,1
r9Y5KimZ,2024-12-26,5
r9Y5KimZ,2024-12-27,2
r9Y5KimZ,2024-12-28,3
r9Y5KimZ,2024-12-29,3
rA3MqupA,2026-04-17,1
rA3MqupA,2026-04-30,1
rA3MqupA,2026-05-02,1
rAgfryzV,2026-08-01,1
rAgfryzV,2026-08-16,2
rB91Tdzl,2026-08-03,1
rB91Tdzl,2026-08-15,1
rCG1SlvD,2026-08-09,1
rCG1SlvD,2026-08-13,2
rCG1SlvD,2026-08-17,1
rCe5ZJes,2025-06-12,2
rCe5ZJes,2025-06-13,2
rCe5ZJes,2025-06-14,1
rCe5ZJes,2025-06-16,2
rCe5ZJes,2025-06-17,1
rCe5ZJes,2025-06-19,1
rCe5ZJes,2025-06-20,3
rCe5ZJes,2025-06-23,2
rCe5ZJes,2025-06-26,2
rD4GyLxE,2026-01-03,1
rD4GyLxE,2026-01-18,1
rDnsrZlO,2025-05-30,1
rDnsrZlO,2025-05-31,1
rDnsrZlO,2025-06-06,1
rDnsrZlO,2025-06-07,2
rENurd0a,2025-03-05,1
rEm3tHgG,2025-09-29,1
rFz7u2yt,2026-08-21,1
rGuXKxgT,2026-08-19,1
rGxWxMeP,2025-09-09,1
rH0ssSze,2025-02-09,1
rHTUAf4c,2026-02-05,1
rHTUAf4c,2026-02-06,2
rHTUAf4c,2026-02-11,2
rIcu90fi,2025-05-23,1
rIegE6QN,2025-05-24,9
rIegE6QN,2025-05-25,2
rIegE6QN,2025-05-26,1
rIegE6QN,2025-05-27,2
rIegE6QN,2025-05-28,1
rIeruMU0,2026-06-23,1
rIeruMU0,2026-06-25,1
rIeruMU0,2026-06-26,3
rIeruMU0,2026-06-27,2
rIeruMU0,2026-06-28,2
rIeruMU0,2026-06-29,2
rIeruMU0,2026-06-30,1
rIeruMU0,2026-07-01,1
rIeruMU0,2026-07-03,4
rIeruMU0,2026-07-06,2
rIeruMU0,2026-07-07,1
rIeruMU0,2026-07-08,4
rIeruMU0,2026-07-10,1
rIeruMU0,2026-07-11,1
rIeruMU0,2026-07-12,2
rIeruMU0,2026-07-13,3
rIeruMU0,2026-07-14,5
rIeruMU0,2026-07-15,3
rIl4Ir8n,2025-05-11,1
rIwlbFqb,2025-11-30,1
rIwlbFqb,2025-12-11,1
rIwlbFqb,2025-12-12,1
rJUVXIls,2026-02-03,1
rJUVXIls,2026-02-23,1
rK4AGVfQ,2024-12-27,1
rK8egk0J,2025-11-22,1
rK8egk0J,2025-11-23,1
rKPutKB8,2025-10-27,1
rKc6U7qA,2026-03-01,2
rKc6U7qA,2026-03-05,1
rKc6U7qA,2026-03-08,1
rKc6U7qA,2026-03-18,1
rKc6U7qA,2026-03-19,2
rKc6U7qA,2026-03-20,1
rKc6U7qA,2026-03-22,1
rKh9IhDs,2025-11-21,1
rKiN9mAC,2025-09-06,2
rKiN9mAC,2025-09-10,1
rKiN9mAC,2025-09-13,1
rLdmPYWU,2025-07-31,1
rLuFzd7A,2025-10-01,2
rLuFzd7A,2025-10-06,1
rLuFzd7A,2025-10-08,1
rLuFzd7A,2025-10-14,1
rM62aomQ,2026-03-17,1
rM62aomQ,2026-03-24,2
rM62aomQ,2026-04-09,1
rM62aomQ,2026-04-13,1
rNUhpHfI,2025-11-29,1
rNUhpHfI,2025-12-03,1
rNUhpHfI,2025-12-16,1
rOUXRUGv,2025-07-19,1
rOzk5cny,2025-02-15,2
rPH5GeMn,2026-03-24,1
rPH5GeMn,2026-03-27,2
rPH5GeMn,2026-03-29,1
rPH5GeMn,2026-03-30,1
rPH5GeMn,2026-03-31,2
rPH5GeMn,2026-04-06,1
rPH5GeMn,2026-04-08,1
rPH5GeMn,2026-04-09,2
rPH5GeMn,2026-04-10,1
rPH5GeMn,2026-04-13,2
rPH5GeMn,2026-04-14,1
rPH5GeMn,2026-04-15,2
rQdA0IAg,2026-06-10,1
rQdA0IAg,2026-06-22,1
rQnCdZeh,2026-05-15,4
rQnCdZeh,2026-05-16,7
rQnCdZeh,2026-05-17,3
rQnCdZeh,2026-05-18,2
rQnCdZeh,2026-05-19,1
rQnCdZeh,2026-05-20,2
rQnCdZeh,2026-05-21,4
rQnCdZeh,2026-05-22,3
rQnCdZeh,2026-05-23,3
rQnCdZeh,2026-05-24,1
rQnCdZeh,2026-05-25,3
rQnCdZeh,2026-05-27,3
rQnCdZeh,2026-05-28,2
rQnCdZeh,2026-05-29,7
rQnCdZeh,2026-05-30,1
rQnCdZeh,2026-05-31,2
rQnCdZeh,2026-06-01,4
rQnCdZeh,2026-06-02,1
rQnCdZeh,2026-06-03,2
rQnCdZeh,2026-06-04,2
rQnCdZeh,2026-06-05,1
rQnCdZeh,2026-06-06,2
rQnCdZeh,2026-06-07,1
rQnCdZeh,2026-06-08,1
rQnCdZeh,2026-06-09,3
rQnCdZeh,2026-06-10,4
rQnCdZeh,2026-06-11,3
rQnCdZeh,2026-06-12,4
rQnCdZeh,2026-06-13,1
rQnCdZeh,2026-06-14,1
rQnCdZeh,2026-06-15,1
rQnCdZeh,2026-06-16,3
rQnCdZeh,2026-06-17,1
rQnCdZeh,2026-06-20,1
rQv5tg9y,2025-10-02,1
rQv5tg9y,2025-10-06,2
rQv5tg9y,2025-10-09,1
rR5RSWrJ,2025-02-14,1
rROf43jL,2025-12-04,2
rROf43jL,2025-12-07,1
rROf43jL,2025-12-08,5
rROf43jL,2025-12-10,1
rROf43jL,2025-12-11,2
rROf43jL,2025-12-12,1
rROf43jL,2025-12-20,1
rROf43jL,2025-12-22,1
rROf43jL,2025-12-24,1
rROf43jL,2025-12-25,1
rROf43jL,2025-12-26,1
rRYrX63l,2025-10-03,1
rRYrX63l,2025-10-07,1
rRcQ7BYn,2026-05-24,1
rS07GFqj,2025-08-26,1
rS07GFqj,2025-08-27,4
rS07GFqj,2025-08-28,6
rS07GFqj,2025-08-29,1
rS07GFqj,2025-08-30,1
rS07GFqj,2025-08-31,1
rS07GFqj,2025-09-01,1
rS07GFqj,2025-09-02,1
rS07GFqj,2025-09-04,2
rS602aCT,2025-03-09,1
rTJe2iZQ,2026-05-17,2
rTJe2iZQ,2026-05-23,1
rTJe2iZQ,2026-05-24,1
rTJe2iZQ,2026-05-26,2
rTJe2iZQ,2026-05-27,1
rTJe2iZQ,2026-06-02,1
rTJe2iZQ,2026-06-07,1
rTJe2iZQ,2026-06-11,1
rTJe2iZQ,2026-06-15,1
rTJe2iZQ,2026-06-19,2
rTJe2iZQ,2026-06-20,1
rTVh1mEg,2026-04-21,1
rTVh1mEg,2026-04-29,1
rTVh1mEg,2026-05-05,2
rTVh1mEg,2026-05-14,1
rTcZAsa6,2025-11-26,1
rTk65WD8,2026-04-19,1
rTk65WD8,2026-04-22,1
rU3KxkH7,2025-01-01,1
rU3KxkH7,2025-01-05,2
rU3KxkH7,2025-01-14,1
rUQL509F,2026-07-28,1
rUQL509F,2026-07-30,1
rUQL509F,2026-08-04,1
rUQL509F,2026-08-08,1
rUQL509F,2026-08-17,1
rUn2xDBI,2026-09-20,1
rUxyNDWl,2026-08-26,1
rUxyNDWl,2026-08-27,1
rUxyNDWl,2026-09-05,1
rUxyNDWl,2026-09-08,2
rUxyNDWl,2026-09-13,2
rVHK6GGB,2025-04-03,1
rVHcoMTo,2026-09-05,1
rVHcoMTo,2026-09-08,1
rVUSPc5c,2025-06-30,1
rVUSPc5c,2025-07-10,1
rVnlf5qp,2026-08-23,1
rVnlf5qp,2026-09-04,3
rVnlf5qp,2026-09-17,2
rVnlf5qp,2026-09-19,3
rVnlf5qp,2026-09-20,2
rWFCdVR8,2025-05-27,1
rXmaHzZ0,2025-10-19,1
rXmaHzZ0,2025-10-25,1
rXn2RO2j,2026-02-03,1
rXn2RO2j,2026-02-11,1
rXn2RO2j,2026-02-20,1
rXn2RO2j,2026-02-21,2
rXxYLJC2,2025-02-05,4
rXxYLJC2,2025-02-08,1
rYhRUkpM,2026-07-06,1
rZ6lCoS9,2026-07-11,1
rZx54876,2026-05-24,2
rZx54876,2026-06-07,1
rZx54876,2026-06-13,1
ra46EuC2,2026-04-19,1
ra46EuC2,2026-05-13,1
rahOxdzd,2026-03-01,1
rahOxdzd,2026-03-04,1
rahOxdzd,2026-03-09,1
rahOxdzd,2026-03-14,1
rahOxdzd,2026-03-20,1
rbHhpTdI,2026-09-15,1
rbNeAxCK,2025-11-04,1
rbNeAxCK,2025-11-05,1
rbNeAxCK,2025-11-07,1
rbNeAxCK,2025-11-12,1
rbNeAxCK,2025-11-17,2
rbjd65rx,2025-10-26,2
rbjd65rx,2025-10-28,1
rbjd65rx,2025-11-01,1
rcJ2KXWJ,2025-11-10,1
rcJ2KXWJ,2025-11-13,1
rcRTtrna,2026-05-18,1
rcRTtrna,2026-06-01,1
rcRTtrna,2026-06-02,1
rcRTtrna,2026-06-05,1
rcRTtrna,2026-06-14,1
rcRTtrna,2026-06-15,1
rcRTtrna,2026-06-17,1
rcRTtrna,2026-06-19,1
rcrm8l6d,2026-05-12,1
rcu0QXR3,2025-02-11,1
reDSjSWa,2025-03-10,8
reDSjSWa,2025-03-11,5
reDSjSWa,2025-03-14,2
reMKpKPY,2025-04-27,1
reuGLQk3,2026-01-01,2
reuGLQk3,2026-01-03,1
reuGLQk3,2026-01-08,1
reuGLQk3,2026-01-13,1
reuGLQk3,2026-01-20,1
reuGLQk3,2026-01-21,1
reuGLQk3,2026-01-22,1
reuGLQk3,2026-01-26,1
reuGLQk3,2026-02-01,1
rfgvLBzh,2026-02-26,5
rgH08b0r,2025-12-04,2
rgH08b0r,2025-12-17,1
rgH08b0r,2025-12-23,1
rgUQnw75,2025-07-29,2
rgYqvAqB,2025-04-24,1
rgYqvAqB,2025-04-26,1
rglfToQq,2025-10-17,1
rgoqKeBe,2025-11-01,1
rhJhlHz7,2025-05-23,1
rhffiY16,2026-03-25,1
rhffiY16,2026-03-26,1
rhffiY16,2026-03-28,1
rhffiY16,2026-04-09,1
riif6Bt6,2025-10-16,1
riif6Bt6,2025-10-19,1
riif6Bt6,2025-10-25,1
riif6Bt6,2025-11-01,1
rjR80o7d,2025-08-01,1
rjUh8u9Y,2025-07-07,1
rjb6ybdy,2026-08-12,1
rjb6ybdy,2026-08-13,2
rjb6ybdy,2026-08-14,2
rjlZcohb,2026-04-22,1
rjlZcohb,2026-05-05,2
rjlZcohb,2026-05-13,1
rkO2w6VX,2025-05-31,2
rkO2w6VX,2025-06-04,2
rkO2w6VX,2025-06-11,1
rkO2w6VX,2025-06-16,1
rksTjHGn,2025-07-31,1
rksTjHGn,2025-08-01,3
rksTjHGn,2025-08-04,1
rlJD26RN,2026-02-08,1
rlJD26RN,2026-02-10,2
rlJD26RN,2026-02-11,1
rlJD26RN,2026-02-12,1
rlJD26RN,2026-02-13,1
rlJD26RN,2026-02-20,1
rlJD26RN,2026-02-21,1
rlJD26RN,2026-02-23,1
rlUCL2Z3,2025-05-02,1
ro8AqT1O,2026-04-23,1
ro8AqT1O,2026-05-04,1
ro8AqT1O,2026-05-05,1
ro8AqT1O,2026-05-06,1
ro8AqT1O,2026-05-07,2
roaOjFj4,2025-10-25,1
rpI6czdu,2026-09-09,1
rpI6czdu,2026-09-11,1
rpI6czdu,2026-09-17,1
rpN3GeOW,2026-02-27,1
rpN3GeOW,2026-03-10,1
rqmIatmM,2026-07-18,1
rqmIatmM,2026-07-20,1
rqmIatmM,2026-07-21,1
rqmIatmM,2026-07-23,1
rqmIatmM,2026-07-30,1
rqmIatmM,2026-07-31,1
rqmIatmM,2026-08-13,1
rrVQFaAv,2025-09-18,1
rrVQFaAv,2025-09-28,1
rrlne73q,2025-11-11,1
rsSTiRsD,2025-04-08,1
rtvDEtnp,2025-12-31,1
rtvDEtnp,2026-01-01,9
rtvDEtnp,2026-01-02,2
rtvDEtnp,2026-01-03,1
rtvDEtnp,2026-01-04,1
rtvDEtnp,2026-01-06,1
rtvDEtnp,2026-01-07,1
rtvDEtnp,2026-01-09,3
rtvDEtnp,2026-01-10,2
rtvDEtnp,2026-01-11,1
rtvDEtnp,2026-01-15,1
rtvDEtnp,2026-01-18,2
rtvDEtnp,2026-01-19,1
rtvDEtnp,2026-01-20,2
rtvDEtnp,2026-01-22,1
rtvDEtnp,2026-01-23,1
rtvDEtnp,2026-01-25,2
rtvDEtnp,2026-01-28,2
rtvDEtnp,2026-01-29,1
rtvDEtnp,2026-01-30,2
rtvDEtnp,2026-01-31,1
rtvDEtnp,2026-02-01,1
rtvDEtnp,2026-02-02,3
ruEKUa4H,2025-03-30,1
rv16dE8U,2026-04-21,1
rv16dE8U,2026-04-29,1
rv16dE8U,2026-05-04,1
rv16dE8U,2026-05-06,2
rv16dE8U,2026-05-13,1
rvJWG3ws,2025-12-31,2
rvJWG3ws,2026-01-09,1
rvJWG3ws,2026-01-22,1
rvJWG3ws,2026-01-26,1
rvJWG3ws,2026-01-29,1
rvJWG3ws,2026-01-30,1
rveV5fmB,2026-03-25,1
rwP88JHF,2025-12-28,1
rwP88JHF,2026-01-02,1
rwP88JHF,2026-01-20,1
rwP88JHF,2026-01-22,1
rwZ4jLZj,2025-08-07,1
rwZ4jLZj,2025-08-08,1
rwZ4jLZj,2025-08-09,1
rwZ4jLZj,2025-08-11,1
rwZ4jLZj,2025-08-13,1
rwZ4jLZj,2025-08-15,1
rwZ4jLZj,2025-08-21,1
rwZ4jLZj,2025-08-22,2
rwZ4jLZj,2025-08-25,2
rxadWwes,2025-04-09,1
rxadWwes,2025-04-11,1
rxfbHyPX,2025-11-30,1
rxfbHyPX,2025-12-05,1
rxfbHyPX,2025-12-12,1
rxfbHyPX,2025-12-13,1
rxfbHyPX,2025-12-25,1
rxfbHyPX,2025-12-26,1
rxfbHyPX,2025-12-27,1
ryC7vJUf,2026-03-29,3
ryC7vJUf,2026-04-03,1
ryC7vJUf,2026-04-04,1
ryC7vJUf,2026-04-07,2
ryC7vJUf,2026-04-09,1
ryC7vJUf,2026-04-15,1
s08xKISJ,2025-04-10,1
s0HfXPMF,2024-12-27,1
s0HfXPMF,2024-12-31,1
s15QJNAz,2026-04-18,1
s1AE8HQ6,2025-02-09,1
s1R5AeDH,2025-03-13,1
s1lwmB2A,2026-05-23,1
s2WeGJXc,2025-02-02,1
s2WeGJXc,2025-02-05,1
s3HbhYLw,2026-05-15,2
s3HbhYLw,2026-05-17,1
s3HbhYLw,2026-05-19,2
s3HbhYLw,2026-05-22,1
s3HbhYLw,2026-05-24,2
s3HbhYLw,2026-05-25,2
s3HbhYLw,2026-05-27,1
s3HbhYLw,2026-05-30,1
s3HbhYLw,2026-06-02,2
s3HbhYLw,2026-06-04,2
s3HbhYLw,2026-06-05,1
s3HbhYLw,2026-06-07,1
s3HbhYLw,2026-06-08,1
s3HbhYLw,2026-06-11,1
s3HbhYLw,2026-06-16,2
s3HbhYLw,2026-06-17,1
s3HbhYLw,2026-06-18,1
s3HbhYLw,2026-06-19,2
s3HbhYLw,2026-06-21,2
s3Pd5dQ9,2025-04-18,1
s3Pd5dQ9,2025-04-19,1
s3Pd5dQ9,2025-04-27,1
s49tvmOi,2025-02-19,1
s5qY8TMx,2025-10-04,2
s5qY8TMx,2025-10-07,1
s5qY8TMx,2025-10-10,1
s5qY8TMx,2025-10-14,1
s6FKVtxa,2025-01-24,1
s6uVDL7q,2025-06-14,2
s6uVDL7q,2025-06-16,1
s6uVDL7q,2025-06-19,1
s6uVDL7q,2025-06-24,2
s6uVDL7q,2025-06-26,1
s7IFQoRo,2026-07-03,1
s7IFQoRo,2026-07-13,1
s8K04Qg7,2026-03-01,1
s8K04Qg7,2026-03-02,1
s8K04Qg7,2026-03-04,1
s8K04Qg7,2026-03-06,5
s8K04Qg7,2026-03-07,7
s8K04Qg7,2026-03-09,1
s8K04Qg7,2026-03-10,2
s8K04Qg7,2026-03-12,1
s8K04Qg7,2026-03-14,1
s8K04Qg7,2026-03-15,1
s8K04Qg7,2026-03-17,2
s8K04Qg7,2026-03-21,1
s8K04Qg7,2026-03-22,2
s8NwaUEH,2025-03-22,1
s8VPXZpC,2025-01-05,1
s8yPPKbi,2025-03-02,1
s99HX7LY,2026-06-07,1
s9IgKVOL,2025-10-12,1
s9WeMjnr,2025-02-05,3
s9WeMjnr,2025-02-06,2
s9WeMjnr,2025-02-07,2
s9WeMjnr,2025-02-08,2
s9WeMjnr,2025-02-09,4
s9WeMjnr,2025-02-10,2
s9WeMjnr,2025-02-11,4
s9WeMjnr,2025-02-12,4
s9WeMjnr,2025-02-13,2
sA7zsf6S,2025-11-22,3
sA7zsf6S,2025-11-23,1
sA7zsf6S,2025-11-24,1
sAH7mem9,2025-08-27,1
sAH7mem9,2025-08-28,1
sAH7mem9,2025-09-01,2
sBELR9JV,2025-02-17,1
sBNM1BAm,2026-02-24,1
sBdUJaz1,2025-10-03,1
sBdUJaz1,2025-10-05,1
sBdUJaz1,2025-10-06,1
sBdUJaz1,2025-10-08,1
sBdUJaz1,2025-10-10,1
sBdUJaz1,2025-10-11,1
sBdUJaz1,2025-10-12,1
sBdUJaz1,2025-10-14,1
sCjdHOsX,2025-12-19,1
sCjdHOsX,2025-12-24,1
sDf8L7mY,2025-10-26,2
sDwjFWVz,2025-12-01,1
sDwjFWVz,2025-12-05,1
sDwjFWVz,2025-12-13,1
sDwjFWVz,2025-12-23,1
sEGa4aJQ,2025-02-22,3
sEGa4aJQ,2025-02-27,2
sEYE2WSw,2025-02-07,1
sEYE2WSw,2025-02-10,1
sExTsAt9,2025-10-23,1
sExTsAt9,2025-10-26,1
sF4AH00l,2025-07-21,1
sFGPihIp,2025-04-26,1
sFth4fPf,2026-04-23,1
sGSZJB0Y,2026-01-05,1
sGSZJB0Y,2026-01-10,1
sGSZJB0Y,2026-01-18,1
sGSZJB0Y,2026-01-29,1
sHQCW9A9,2025-03-12,2
sHQCW9A9,2025-03-13,3
sHQCW9A9,2025-03-16,1
sHQCW9A9,2025-03-19,1
sI2nNlhl,2026-08-12,1
sI2nNlhl,2026-08-13,1
sItSi1Jz,2025-08-29,1
sItSi1Jz,2025-08-30,3
sItSi1Jz,2025-08-31,1
sItSi1Jz,2025-09-01,1
sItSi1Jz,2025-09-04,2
sJ35QLA9,2025-08-25,1
sJOhyu3b,2025-02-06,3
sJOhyu3b,2025-02-07,4
sJOhyu3b,2025-02-08,1
sKFm9ivI,2025-02-18,4
sKqEvbva,2025-03-18,1
sL5waMuY,2025-07-15,1
sL7kbNe5,2026-09-20,4
sL7kbNe5,2026-09-21,5
sLefy6R4,2026-04-19,1
sMp4iXZz,2026-01-01,4
sMp4iXZz,2026-01-04,1
sMp4iXZz,2026-01-06,1
sMp4iXZz,2026-01-18,1
sMp4iXZz,2026-01-22,1
sN6HAPEB,2026-01-01,2
sN6HAPEB,2026-01-04,1
sN6HAPEB,2026-01-10,1
sN6HAPEB,2026-01-25,1
sN6HAPEB,2026-02-01,3
sOYnWZBF,2025-12-29,2
sOYnWZBF,2025-12-30,1
sOYnWZBF,2026-01-01,1
sOYnWZBF,2026-01-02,1
sOYnWZBF,2026-01-03,1
sOYnWZBF,2026-01-04,2
sOYnWZBF,2026-01-05,1
sOYnWZBF,2026-01-07,1
sOYnWZBF,2026-01-10,1
sOYnWZBF,2026-01-12,1
sOYnWZBF,2026-01-17,1
sOYnWZBF,2026-01-18,1
sOYnWZBF,2026-01-22,1
sOYnWZBF,2026-01-25,1
sOYnWZBF,2026-01-27,1
sOYnWZBF,2026-02-01,1
sQvJFDvT,2026-04-23,1
sREIWvxY,2026-08-19,3
sREIWvxY,2026-08-20,2
sREIWvxY,2026-08-22,1
sREIWvxY,2026-08-27,1
sREIWvxY,2026-08-28,2
sREIWvxY,2026-08-31,2
sREIWvxY,2026-09-05,1
sREIWvxY,2026-09-08,1
sREIWvxY,2026-09-09,1
sREIWvxY,2026-09-11,2
sREIWvxY,2026-09-13,4
sREIWvxY,2026-09-14,3
sREIWvxY,2026-09-15,2
sREIWvxY,2026-09-16,2
sREIWvxY,2026-09-17,3
sREIWvxY,2026-09-18,1
sREIWvxY,2026-09-19,2
sREIWvxY,2026-09-21,2
sRkyLkF4,2025-08-08,1
sRrtpu0p,2026-05-21,1
sRrtpu0p,2026-05-24,1
sRrtpu0p,2026-05-26,1
sRrtpu0p,2026-05-27,1
sRrtpu0p,2026-05-31,1
sRrtpu0p,2026-06-01,1
sRrtpu0p,2026-06-10,1
sSNO3eOO,2025-08-08,1
sSNO3eOO,2025-08-17,2
sSV1c6KG,2026-08-28,1
sSV1c6KG,2026-08-30,2
sSV1c6KG,2026-09-10,1
sSV1c6KG,2026-09-15,1
sSV1c6KG,2026-09-20,1
sSYJYHpi,2026-08-25,1
sSYJYHpi,2026-09-10,1
sSYJYHpi,2026-09-12,1
sSYJYHpi,2026-09-17,2
sSYJYHpi,2026-09-20,1
sT8oEwhb,2025-04-15,2
sTCWzrrj,2025-05-02,1
sTCWzrrj,2025-05-11,1
sV6CHSMt,2024-12-31,1
sV6CHSMt,2025-01-06,2
sV6CHSMt,2025-01-11,1
sV6CHSMt,2025-01-12,1
sV6CHSMt,2025-01-13,1
sV6CHSMt,2025-01-14,11
sV6CHSMt,2025-01-20,1
sV6CHSMt,2025-01-21,2
sV6CHSMt,2025-01-23,1
sV6CHSMt,2025-01-24,1
sV6CHSMt,2025-01-27,1
sV6CHSMt,2025-01-31,4
sV6CHSMt,2025-02-02,3
sV6CHSMt,2025-02-03,9
sV6CHSMt,2025-02-04,10
sV6CHSMt,2025-02-05,1
sVxkS3ZD,2025-08-06,1
sVz1iU4p,2025-11-30,1
sVz1iU4p,2025-12-08,1
sVz1iU4p,2025-12-11,1
sXebO6Oj,2026-09-03,2
sXebO6Oj,2026-09-05,1
sXebO6Oj,2026-09-06,2
sXebO6Oj,2026-09-07,1
sY0lbIfh,2025-06-28,1
sYcU15PO,2025-12-31,2
sYcU15PO,2026-01-03,1
sYcU15PO,2026-01-09,3
sYcU15PO,2026-01-10,2
sYcU15PO,2026-01-15,1
sYcU15PO,2026-01-17,1
sYxNZkM0,2025-02-25,1
sYxNZkM0,2025-02-27,1
sYzB35Gb,2026-04-17,2
sYzB35Gb,2026-04-19,1
sYzB35Gb,2026-04-23,2
sYzB35Gb,2026-04-25,1
sYzB35Gb,2026-04-27,1
sYzB35Gb,2026-05-01,3
sYzB35Gb,2026-05-03,1
sYzB35Gb,2026-05-04,1
sYzB35Gb,2026-05-06,1
sYzB35Gb,2026-05-07,1
sYzB35Gb,2026-05-09,1
sYzB35Gb,2026-05-13,1
sZ6LkBHB,2025-04-19,1
sZ6LkBHB,2025-04-24,1
sZcBaqEv,2026-04-29,1
sZcBaqEv,2026-05-09,1
sa6fRU3a,2025-05-16,1
sa6fRU3a,2025-05-20,1
sa6fRU3a,2025-05-24,1
sa6fRU3a,2025-05-27,1
sazsEOwx,2026-01-13,5
sazsEOwx,2026-01-14,1
sazsEOwx,2026-01-19,3
sazsEOwx,2026-02-01,6
sazsEOwx,2026-02-03,1
sbh6bR9F,2025-06-15,1
scGMEvOr,2025-07-24,1
scGMEvOr,2025-07-29,1
scI1zVEq,2025-10-15,1
scI1zVEq,2025-10-16,1
scI1zVEq,2025-10-28,2
scI1zVEq,2025-11-01,1
sdAevhzS,2026-06-01,1
sdAevhzS,2026-06-07,1
sdOfmJyP,2026-02-08,1
sdOfmJyP,2026-02-16,1
sdOfmJyP,2026-02-21,2
sdOfmJyP,2026-02-24,3
sdOfmJyP,2026-02-25,1
sdOfmJyP,2026-02-26,1
seKl31Z5,2025-08-09,1
sfQIwM7B,2026-02-09,1
sfQIwM7B,2026-02-15,1
sfQIwM7B,2026-02-16,1
sgo1JXNx,2026-06-27,1
shGHMLut,2025-09-20,1
shGHMLut,2025-09-30,1
shH9Y8OW,2025-04-16,1
shH9Y8OW,2025-04-17,1
shH9Y8OW,2025-04-18,1
shH9Y8OW,2025-04-25,1
shH9Y8OW,2025-04-27,1
siJ9RME7,2025-03-13,1
sj67wtyh,2026-04-22,1
sj67wtyh,2026-05-05,1
sj67wtyh,2026-05-10,1
sj67wtyh,2026-05-11,1
skJ9qXbZ,2026-02-28,1
skJ9qXbZ,2026-03-06,1
skJ9qXbZ,2026-03-09,1
skJ9qXbZ,2026-03-13,1
skJ9qXbZ,2026-03-14,1
skZCuDaD,2026-08-01,1
skZCuDaD,2026-08-02,1
sknG0rOk,2026-07-12,1
slI8yYOQ,2025-03-23,1
slRjAO0T,2026-08-19,1
slRjAO0T,2026-08-22,3
slRjAO0T,2026-08-23,2
slRjAO0T,2026-08-28,1
slRjAO0T,2026-08-29,2
slRjAO0T,2026-08-30,1
slRjAO0T,2026-08-31,2
slRjAO0T,2026-09-09,1
slRjAO0T,2026-09-12,1
slRjAO0T,2026-09-13,1
slRjAO0T,2026-09-16,1
slRjAO0T,2026-09-19,9
slRjAO0T,2026-09-20,1
slRjAO0T,2026-09-21,1
slXIFnHr,2025-07-21,4
slkqLvxe,2025-04-27,1
smElixy6,2025-04-17,1
smElixy6,2025-04-19,2
smElixy6,2025-04-20,3
smElixy6,2025-04-21,2
smElixy6,2025-04-22,2
smElixy6,2025-04-26,1
smElixy6,2025-04-29,1
smV0RQfn,2025-04-25,2
smaBmj1Q,2025-06-28,2
smaBmj1Q,2025-06-29,2
smaBmj1Q,2025-06-30,5
smaBmj1Q,2025-07-01,2
smaBmj1Q,2025-07-02,3
smaBmj1Q,2025-07-03,1
smaBmj1Q,2025-07-04,2
smaBmj1Q,2025-07-05,2
smaBmj1Q,2025-07-06,2
smaBmj1Q,2025-07-07,1
smaBmj1Q,2025-07-08,1
smaBmj1Q,2025-07-09,3
smaBmj1Q,2025-07-10,3
smaBmj1Q,2025-07-11,2
smaBmj1Q,2025-07-12,2
smaBmj1Q,2025-07-13,2
smgXktTR,2026-09-18,1
snGfx1Td,2025-04-06,1
snGfx1Td,2025-04-11,1
snoRwz43,2025-12-25,1
snoRwz43,2025-12-27,1
soG5rO3J,2025-03-23,1
soUQabY1,2025-06-30,1
soUQabY1,2025-07-04,1
soUQabY1,2025-07-11,1
soUQabY1,2025-07-12,1
sp1xJAtA,2026-05-23,1
sp3jMwsT,2025-02-05,7
sp3jMwsT,2025-02-07,7
sp3jMwsT,2025-02-09,1
spAisRLL,2025-10-23,1
spAisRLL,2025-10-28,1
spAisRLL,2025-10-30,1
spQfEhJe,2025-02-21,3
spQfEhJe,2025-02-22,4
spQfEhJe,2025-02-23,2
spQfEhJe,2025-02-25,2
spQfEhJe,2025-02-26,1
spQfEhJe,2025-02-27,1
spQgR4qT,2026-08-31,1
spQgR4qT,2026-09-03,1
spQgR4qT,2026-09-04,1
spQgR4qT,2026-09-05,4
spQgR4qT,2026-09-06,2
spQgR4qT,2026-09-07,3
spQgR4qT,2026-09-08,1
spQgR4qT,2026-09-10,4
spQgR4qT,2026-09-15,4
spQgR4qT,2026-09-16,1
spQgR4qT,2026-09-20,1
spQgR4qT,2026-09-21,1
sqN2S44p,2026-03-07,1
sqN2S44p,2026-03-10,1
sqN2S44p,2026-03-16,1
sqVXXoDZ,2026-09-18,1
sqeEGUNr,2025-04-07,1
srcX1E2o,2025-11-08,1
srcX1E2o,2025-11-11,1
srcX1E2o,2025-11-14,1
srcX1E2o,2025-11-16,1
sritrp47,2026-02-27,3
sritrp47,2026-02-28,1
sritrp47,2026-03-01,2
sritrp47,2026-03-03,1
sritrp47,2026-03-06,2
sritrp47,2026-03-07,11
sritrp47,2026-03-08,7
sritrp47,2026-03-09,7
sritrp47,2026-03-10,4
sritrp47,2026-03-11,5
sritrp47,2026-03-12,7
sritrp47,2026-03-13,8
sritrp47,2026-03-14,8
sritrp47,2026-03-15,6
sritrp47,2026-03-16,5
sritrp47,2026-03-17,3
sritrp47,2026-03-18,6
sritrp47,2026-03-19,2
sritrp47,2026-03-20,1
sritrp47,2026-03-21,3
sritrp47,2026-03-22,5
srj2wzc1,2025-10-17,1
srj2wzc1,2025-10-30,1
srkArfYL,2025-03-01,1
ss3mE2F2,2026-07-03,1
ss3mE2F2,2026-07-14,1
ssDZYKlj,2025-07-15,1
suvcMe4t,2025-07-24,1
swR3vVKL,2026-03-09,1
swR3vVKL,2026-03-20,1
swR9ni9r,2026-02-09,2
swR9ni9r,2026-02-10,1
swR9ni9r,2026-02-20,1
swR9ni9r,2026-02-23,2
sx9vvSFg,2025-09-07,1
sxbqStAb,2025-04-04,1
sxjGagK7,2025-12-18,3
sxjGagK7,2025-12-25,1
sy6ZyZB8,2026-04-10,1
syYc004t,2025-07-11,1
syema5PX,2025-02-09,2
syema5PX,2025-02-11,1
syema5PX,2025-02-12,1
syema5PX,2025-02-13,1
syw1erMd,2025-10-14,2
t01d4u1f,2025-12-31,1
t0r2NBZG,2026-03-15,1
t1OJucMp,2025-05-27,1
t2J6xWpH,2025-05-17,1
t2J6xWpH,2025-05-19,1
t2J6xWpH,2025-05-24,1
t2PMOFsd,2026-06-23,1
t2PMOFsd,2026-06-24,1
t2PMOFsd,2026-06-25,1
t2PMOFsd,2026-06-27,2
t2PMOFsd,2026-06-29,1
t2PMOFsd,2026-07-01,1
t2PMOFsd,2026-07-02,2
t2PMOFsd,2026-07-04,3
t2PMOFsd,2026-07-06,2
t2PMOFsd,2026-07-07,3
t2PMOFsd,2026-07-08,1
t2PMOFsd,2026-07-09,1
t2PMOFsd,2026-07-10,3
t2PMOFsd,2026-07-12,3
t2PMOFsd,2026-07-13,2
t2PMOFsd,2026-07-14,1
t2PMOFsd,2026-07-15,3
t2onlWmz,2025-08-27,1
t2onlWmz,2025-08-31,1
t2onlWmz,2025-09-01,2
t2onlWmz,2025-09-04,1
t3ZPlfT1,2024-12-27,5
t3ZPlfT1,2024-12-28,3
t3mN3YMR,2026-06-23,1
t3mN3YMR,2026-07-07,1
t3mN3YMR,2026-07-12,1
t4E7mSB9,2026-06-24,1
t4Fbetj2,2026-03-29,2
t4Fbetj2,2026-04-05,1
t4G8jpUz,2026-01-06,1
t4G8jpUz,2026-01-08,1
t4G8jpUz,2026-01-09,2
t4G8jpUz,2026-01-19,1
t4G8jpUz,2026-01-23,1
t4G8jpUz,2026-01-30,2
t4G8jpUz,2026-02-02,1
t4QUtUbI,2026-01-28,1
t4cDh76B,2025-03-02,1
t5dF1tMt,2026-09-19,2
t5oKCOay,2025-12-30,3
t5oKCOay,2025-12-31,7
t5oKCOay,2026-01-01,2
t5oKCOay,2026-01-08,1
t5oKCOay,2026-01-10,1
t5oKCOay,2026-01-20,4
t5oKCOay,2026-01-25,1
t5oKCOay,2026-01-26,2
t5oKCOay,2026-01-27,1
t5oKCOay,2026-02-01,1
t6AM2bcC,2025-04-09,1
t6AM2bcC,2025-04-10,1
t6KBzA7a,2025-01-02,1
t6KBzA7a,2025-01-09,1
t6KBzA7a,2025-01-13,1
t6KBzA7a,2025-01-21,2
t6KBzA7a,2025-01-23,1
t6KBzA7a,2025-01-28,1
t6KBzA7a,2025-01-30,1
t6Vz4ybP,2025-01-17,1
t6Vz4ybP,2025-01-24,1
t8KlgU1Q,2025-03-31,1
t8KlgU1Q,2025-04-01,1
t8KlgU1Q,2025-04-03,2
t8KlgU1Q,2025-04-04,1
t8KlgU1Q,2025-04-05,1
t8wdZPnH,2025-08-31,1
t94A8XOZ,2025-09-16,2
t94A8XOZ,2025-09-17,1
t94A8XOZ,2025-09-18,1
t94A8XOZ,2025-09-21,1
t94A8XOZ,2025-09-29,1
t9F3w4Zc,2025-07-31,1
t9F3w4Zc,2025-08-03,1
t9F3w4Zc,2025-08-04,1
t9F3w4Zc,2025-08-05,1
t9F3w4Zc,2025-08-06,2
t9PcD6J3,2025-01-12,1
t9PcD6J3,2025-01-24,1
t9PcD6J3,2025-02-03,1
t9QLONA9,2025-09-03,1
t9ZdfU17,2025-07-02,1
t9ZdfU17,2025-07-03,1
t9r9B1jB,2026-07-24,1
t9r9B1jB,2026-07-25,1
t9r9B1jB,2026-07-31,1
t9r9B1jB,2026-08-06,1
t9r9B1jB,2026-08-07,1
t9r9B1jB,2026-08-13,1
tAavaGxP,2025-06-18,1
tAavaGxP,2025-06-19,1
tBO3b6I2,2025-12-01,1
tBO3b6I2,2025-12-25,1
tBO3b6I2,2025-12-26,1
tCBIn6XG,2025-04-10,1
tCciV0sP,2026-04-17,1
tCciV0sP,2026-05-03,2
tCciV0sP,2026-05-06,1
tCh37uG4,2026-04-27,1
tCh37uG4,2026-05-14,1
tD9zfs3i,2025-01-03,1
tD9zfs3i,2025-01-10,1
tD9zfs3i,2025-01-14,1
tD9zfs3i,2025-01-17,3
tD9zfs3i,2025-01-27,3
tDaZ2beC,2025-09-08,1
tDdFQBi9,2026-05-15,2
tDdFQBi9,2026-05-17,1
tDdFQBi9,2026-06-05,1
tDdFQBi9,2026-06-15,1
tDdFQBi9,2026-06-20,2
tDdFQBi9,2026-06-21,1
tDda2hmS,2025-09-02,1
tE1fqQC6,2026-04-15,1
tE3fnUnX,2025-06-29,3
tE3fnUnX,2025-07-02,1
tE3fnUnX,2025-07-03,4
tE3fnUnX,2025-07-06,1
tE3fnUnX,2025-07-11,1
tE4A7sR5,2024-12-27,12
tE4A7sR5,2024-12-28,2
tE4A7sR5,2024-12-29,5
tE4A7sR5,2024-12-30,1
tE4cekSB,2024-12-26,60
tE4cekSB,2024-12-27,1
tE4cekSB,2024-12-28,5
tE4cekSB,2024-12-29,1
tE4cekSB,2024-12-30,5
tE50NdzP,2026-08-20,1
tE50NdzP,2026-09-08,1
tE50NdzP,2026-09-11,1
tE50NdzP,2026-09-12,1
tE50NdzP,2026-09-18,2
tE50NdzP,2026-09-20,1
tEKElTY9,2026-05-21,1
tEKElTY9,2026-05-27,1
tEKElTY9,2026-06-06,1
tEKElTY9,2026-06-12,1
tF2lsSor,2026-05-15,1
tF2lsSor,2026-05-22,1
tF2lsSor,2026-05-27,2
tF2lsSor,2026-06-01,2
tF2lsSor,2026-06-08,1
tF2lsSor,2026-06-11,1
tF2lsSor,2026-06-12,2
tFHDOiir,2026-08-18,3
tFHDOiir,2026-08-19,4
tFHDOiir,2026-08-20,2
tFHDOiir,2026-08-21,1
tFHDOiir,2026-08-22,3
tFHDOiir,2026-08-23,3
tFHDOiir,2026-08-24,3
tFHDOiir,2026-08-25,2
tFHDOiir,2026-08-26,2
tFHDOiir,2026-08-27,3
tFHDOiir,2026-08-28,3
tFHDOiir,2026-08-29,5
tFHDOiir,2026-08-30,3
tFHDOiir,2026-08-31,3
tFHDOiir,2026-09-01,3
tFHDOiir,2026-09-02,2
tFHDOiir,2026-09-03,3
tFHDOiir,2026-09-04,3
tFHDOiir,2026-09-05,4
tFHDOiir,2026-09-06,3
tFHDOiir,2026-09-07,3
tFHDOiir,2026-09-08,3
tFHDOiir,2026-09-09,2
tFHDOiir,2026-09-10,4
tFHDOiir,2026-09-11,3
tFHDOiir,2026-09-12,2
tFHDOiir,2026-09-13,2
tFHDOiir,2026-09-14,2
tFHDOiir,2026-09-15,5
tFHDOiir,2026-09-16,2
tFHDOiir,2026-09-17,2
tFHDOiir,2026-09-18,6
tFHDOiir,2026-09-19,6
tFHDOiir,2026-09-20,17
tFHDOiir,2026-09-21,4
tFMlKjJ8,2025-02-08,1
tFa1KIiX,2025-09-04,1
tFaP70jR,2025-12-10,2
tFaP70jR,2025-12-11,1
tFaP70jR,2025-12-12,1
tFaP70jR,2025-12-17,1
tGcJJ41L,2025-05-10,1
tGjX4to8,2026-07-24,1
tGjX4to8,2026-07-25,1
tGjX4to8,2026-07-27,1
tGjX4to8,2026-08-15,1
tHeCBkiR,2025-03-01,1
tIT3lwh5,2026-07-12,1
tIT3lwh5,2026-07-13,1
tJZG0z43,2026-06-28,2
tJZG0z43,2026-07-02,1
tJZG0z43,2026-07-14,2
tJfsjS8W,2026-04-19,1
tJfsjS8W,2026-05-06,1
tJfsjS8W,2026-05-08,1
tJfsjS8W,2026-05-09,1
tJfsjS8W,2026-05-10,1
tJfsjS8W,2026-05-11,1
tJfsjS8W,2026-05-13,1
tK853LQE,2025-02-14,5
tK853LQE,2025-02-15,1
tK853LQE,2025-02-17,1
tK853LQE,2025-02-18,2
tK853LQE,2025-02-19,1
tK853LQE,2025-02-20,1
tLJh1jYT,2026-04-04,2
tLJh1jYT,2026-04-11,1
tLgIDksA,2025-04-10,1
tM4junL6,2026-06-11,1
tMLDSljd,2025-11-22,1
tMLDSljd,2025-11-24,2
tMLDSljd,2025-11-27,1
tMLDSljd,2025-11-28,6
tMg87DPq,2026-08-03,1
tMg87DPq,2026-08-07,1
tMg87DPq,2026-08-10,1
tMn1yj50,2025-06-23,1
tNDrfZ8t,2026-02-16,1
tNDrfZ8t,2026-02-18,1
tNDrfZ8t,2026-02-20,1
tNg5zfis,2025-11-02,1
tNg5zfis,2025-11-09,1
tNg5zfis,2025-11-14,1
tNlm2poP,2026-07-17,2
tNlm2poP,2026-07-18,1
tNlm2poP,2026-07-23,1
tNlm2poP,2026-07-27,1
tNlm2poP,2026-07-30,1
tNlm2poP,2026-08-02,1
tNlm2poP,2026-08-10,1
tNlm2poP,2026-08-13,1
tNt0n6Z1,2025-12-11,1
tNt0n6Z1,2025-12-12,1
tNt0n6Z1,2025-12-15,1
tNt0n6Z1,2025-12-21,1
tO28crES,2025-07-18,1
tOlMVOGC,2025-04-08,2
tOlMVOGC,2025-04-09,1
tOlMVOGC,2025-04-10,2
tOlMVOGC,2025-04-12,2
tOlMVOGC,2025-04-13,1
tPfuzT8u,2025-04-02,1
tPiGcCwz,2026-02-08,2
tPiGcCwz,2026-02-26,1
tPxwkxYP,2025-06-14,1
tPxwkxYP,2025-06-16,1
tPxwkxYP,2025-06-18,1
tPxwkxYP,2025-06-20,1
tPxwkxYP,2025-06-24,1
tPxwkxYP,2025-06-26,1
tQ5RKhez,2025-01-12,1
tQ5RKhez,2025-01-13,1
tQ5RKhez,2025-01-18,1
tQ5RKhez,2025-01-29,1
tQxx0DNS,2026-05-17,1
tQxx0DNS,2026-05-23,1
tQxx0DNS,2026-05-24,5
tQxx0DNS,2026-05-25,2
tQxx0DNS,2026-06-01,1
tQxx0DNS,2026-06-07,1
tQxx0DNS,2026-06-08,1
tQxx0DNS,2026-06-13,1
tQxx0DNS,2026-06-15,2
tQxx0DNS,2026-06-17,2
tQxx0DNS,2026-06-18,1
tRCJN8LB,2026-01-04,1
tRCJN8LB,2026-01-25,1
tRCJN8LB,2026-01-29,1
tRp95y1J,2025-10-12,1
tRtDm264,2025-10-17,1
tSlhIHxp,2026-05-06,1
tT0SNgk8,2025-03-12,2
tT0SNgk8,2025-03-14,1
tU0PJabi,2024-12-26,1
tUKSsiQB,2026-05-19,1
tUKSsiQB,2026-06-12,1
tUXWmBNS,2025-03-02,3
tUXWmBNS,2025-03-03,2
tVHNfehA,2025-02-25,4
tVeFffOU,2025-05-16,4
tVeFffOU,2025-05-17,1
tVeFffOU,2025-05-19,1
tVeFffOU,2025-05-20,1
tVeFffOU,2025-05-23,1
tW7iLhQj,2025-01-12,1
tXC6YHJw,2026-08-02,1
tXdVprsR,2025-06-19,1
tZMHsx96,2026-03-01,1
tZMHsx96,2026-03-06,3
tZMHsx96,2026-03-07,1
tZMHsx96,2026-03-09,3
tZMHsx96,2026-03-12,1
tZMHsx96,2026-03-13,1
tZMHsx96,2026-03-16,1
tZMHsx96,2026-03-18,1
tZR4vUzp,2026-03-25,1
tZR4vUzp,2026-03-28,1
tZR4vUzp,2026-03-31,1
tZR4vUzp,2026-04-01,1
tZR4vUzp,2026-04-05,1
tZR4vUzp,2026-04-06,1
tZhYCNRW,2025-09-05,4
tZkwMUSd,2025-06-19,1
tZlPo6DY,2026-08-19,1
tZlPo6DY,2026-08-23,1
tZlPo6DY,2026-08-27,1
tZlPo6DY,2026-08-28,1
tZlPo6DY,2026-08-30,1
tZlPo6DY,2026-09-04,2
tZlPo6DY,2026-09-05,13
tZlPo6DY,2026-09-09,1
tZlPo6DY,2026-09-13,3
tZlPo6DY,2026-09-15,2
tZlPo6DY,2026-09-17,2
tZlPo6DY,2026-09-18,1
ta5sDLsq,2026-07-16,3
ta5sDLsq,2026-07-17,3
ta5sDLsq,2026-07-18,2
ta5sDLsq,2026-07-19,2
ta5sDLsq,2026-07-20,1
ta5sDLsq,2026-07-21,2
ta5sDLsq,2026-07-22,1
ta5sDLsq,2026-07-23,1
ta5sDLsq,2026-07-24,2
ta5sDLsq,2026-07-25,2
ta5sDLsq,2026-07-26,1
ta5sDLsq,2026-07-27,1
ta5sDLsq,2026-07-28,2
ta5sDLsq,2026-07-29,2
ta5sDLsq,2026-07-30,4
ta5sDLsq,2026-07-31,3
ta5sDLsq,2026-08-01,2
ta5sDLsq,2026-08-02,1
ta5sDLsq,2026-08-03,4
ta5sDLsq,2026-08-06,1
ta5sDLsq,2026-08-07,4
ta5sDLsq,2026-08-08,2
ta5sDLsq,2026-08-09,1
ta5sDLsq,2026-08-10,5
ta5sDLsq,2026-08-11,1
ta5sDLsq,2026-08-12,1
ta5sDLsq,2026-08-13,1
ta5sDLsq,2026-08-14,3
ta5sDLsq,2026-08-15,1
ta5sDLsq,2026-08-16,1
taoAPJBW,2025-10-06,1
taoAPJBW,2025-10-13,1
tccbI6UN,2025-11-11,1
tccbI6UN,2025-11-12,1
tccbI6UN,2025-11-13,1
tclsSfAA,2025-10-06,1
tclsSfAA,2025-10-10,1
tclsSfAA,2025-10-11,1
tclsSfAA,2025-10-12,1
tclsSfAA,2025-10-14,1
tdC55ziU,2025-02-07,1
teXo1Eur,2025-08-09,1
teXo1Eur,2025-08-11,1
tebkKDDU,2026-09-18,2
tf2KNefG,2026-04-02,1
tf2KNefG,2026-04-15,1
tfL6KcFF,2025-11-10,3
tfL6KcFF,2025-11-12,1
tgAHUipA,2026-04-16,2
tgAHUipA,2026-04-17,6
tgAHUipA,2026-04-18,17
tgAHUipA,2026-04-19,2
tgAHUipA,2026-04-20,6
tgAHUipA,2026-04-21,6
tgAHUipA,2026-04-22,4
tgAHUipA,2026-04-23,19
tgAHUipA,2026-04-24,5
tgAHUipA,2026-04-25,7
tgAHUipA,2026-04-27,2
tgAHUipA,2026-04-28,5
tgAHUipA,2026-04-29,9
tgAHUipA,2026-04-30,8
tgAHUipA,2026-05-01,5
tgAHUipA,2026-05-02,9
tgAHUipA,2026-05-03,19
tgAHUipA,2026-05-04,12
tgAHUipA,2026-05-05,2
tgAHUipA,2026-05-07,1
tgAHUipA,2026-05-09,3
tgAHUipA,2026-05-10,3
tgAHUipA,2026-05-11,3
tgAHUipA,2026-05-12,1
tgAHUipA,2026-05-13,1
tgAHUipA,2026-05-15,1
tgea8wA3,2025-07-30,1
tgn2O5dU,2025-03-30,1
th1p7Uzk,2025-04-30,2
th1p7Uzk,2025-05-03,1
thponjIK,2025-04-15,3
thponjIK,2025-04-21,1
thponjIK,2025-04-22,1
thponjIK,2025-04-25,1
tjC3dmNg,2026-06-23,1
tjC3dmNg,2026-06-26,1
tjC3dmNg,2026-07-13,1
tjC3dmNg,2026-07-14,1
tjmvrS8K,2026-09-19,1
tjpuOGoj,2026-04-04,2
tjpuOGoj,2026-04-05,1
tjpuOGoj,2026-04-10,1
tjpuOGoj,2026-04-11,1
tkGuMcUd,2025-04-07,1
tkKMrgyg,2025-08-24,3
tkqDqMKc,2026-06-10,1
tkqDqMKc,2026-06-12,1
tkqDqMKc,2026-06-22,1
tlRrNCZy,2025-10-20,2
tlRrNCZy,2025-10-30,2
tlRrNCZy,2025-10-31,2
tlVEmPL3,2025-06-27,1
tlVEmPL3,2025-06-30,2
tlVEmPL3,2025-07-01,1
tlVEmPL3,2025-07-02,2
tlVEmPL3,2025-07-05,1
tlVEmPL3,2025-07-06,2
tlVEmPL3,2025-07-09,1
tlVEmPL3,2025-07-10,1
tlVEmPL3,2025-07-11,2
tlVEmPL3,2025-07-13,1
tm2jOlkZ,2026-03-24,1
tm2jOlkZ,2026-03-26,1
tm2jOlkZ,2026-03-29,1
tm2jOlkZ,2026-04-02,1
tm2jOlkZ,2026-04-03,1
tm2jOlkZ,2026-04-05,2
tm2jOlkZ,2026-04-06,1
tm2jOlkZ,2026-04-08,1
tm2jOlkZ,2026-04-12,1
tn36ATbJ,2026-06-07,1
tn36ATbJ,2026-06-20,1
tnpGeYHQ,2025-03-10,1
tpLSHKKM,2025-07-31,1
tpYZ5gKm,2026-01-09,2
tpYZ5gKm,2026-01-12,1
tpYZ5gKm,2026-01-25,1
tpYZ5gKm,2026-02-01,1
tpfO8DqX,2025-06-06,1
tpfO8DqX,2025-06-11,1
tpuvPm21,2025-05-07,1
tpvfAoSG,2025-09-16,5
tq2W7KBD,2025-05-22,1
tq2W7KBD,2025-05-24,1
tq2W7KBD,2025-05-25,3
tq8P43Pi,2026-08-14,1
tqzkq29m,2026-06-23,2
tqzkq29m,2026-06-24,1
tqzkq29m,2026-06-25,1
tqzkq29m,2026-06-26,2
tqzkq29m,2026-06-27,1
tqzkq29m,2026-06-29,2
tqzkq29m,2026-07-03,1
tqzkq29m,2026-07-04,2
tqzkq29m,2026-07-07,1
tqzkq29m,2026-07-10,1
tqzkq29m,2026-07-14,2
trcSnzTc,2025-03-22,1
trcSnzTc,2025-03-24,1
ts06Va7y,2025-07-25,1
tsBZ9CUo,2025-10-23,1
tsKcLKxQ,2025-11-21,1
tsKcLKxQ,2025-11-23,1
tselM5nk,2026-03-23,1
tselM5nk,2026-03-25,2
tsp40ljc,2025-10-11,1
tsp40ljc,2025-10-13,1
tsp40ljc,2025-10-14,1
tsykzwjl,2025-11-14,1
ttIKcrr4,2025-06-30,1
ttIKcrr4,2025-07-02,1
ttjIUkjO,2025-02-19,1
tuFkmfna,2026-09-01,1
tuFkmfna,2026-09-02,2
tuFkmfna,2026-09-03,2
tuFkmfna,2026-09-04,3
tuFkmfna,2026-09-05,10
tuFkmfna,2026-09-06,5
tuFkmfna,2026-09-08,2
tuFkmfna,2026-09-09,1
tuFkmfna,2026-09-10,3
tuFkmfna,2026-09-11,2
tuFkmfna,2026-09-12,2
tuFkmfna,2026-09-13,10
tuFkmfna,2026-09-15,1
tuFkmfna,2026-09-16,2
tuFkmfna,2026-09-17,1
tuFkmfna,2026-09-18,1
tuFkmfna,2026-09-19,1
tuFkmfna,2026-09-20,5
tuFkmfna,2026-09-21,4
tuPh3Rkt,2025-06-12,1
tuQebcIo,2025-05-31,1
tubmTFb0,2026-07-06,1
tufNEdd3,2026-05-16,1
tvOfJzRt,2026-07-07,1
tvOfJzRt,2026-07-12,1
tvT3SQbo,2026-06-23,1
tvT3SQbo,2026-06-24,3
tvT3SQbo,2026-06-25,8
tvT3SQbo,2026-06-26,1
tvT3SQbo,2026-06-27,2
tvT3SQbo,2026-06-28,1
tvT3SQbo,2026-06-29,5
tvT3SQbo,2026-06-30,1
tvT3SQbo,2026-07-01,1
tvT3SQbo,2026-07-02,5
tvT3SQbo,2026-07-03,2
tvT3SQbo,2026-07-04,2
tvT3SQbo,2026-07-05,1
tvT3SQbo,2026-07-06,6
tvT3SQbo,2026-07-07,7
tvT3SQbo,2026-07-08,4
tvT3SQbo,2026-07-09,3
tvT3SQbo,2026-07-10,3
tvT3SQbo,2026-07-11,3
tvT3SQbo,2026-07-12,7
tvT3SQbo,2026-07-13,6
tvT3SQbo,2026-07-14,2
tvT3SQbo,2026-07-15,5
tvT3SQbo,2026-07-16,3
tvsZqLbp,2025-04-18,1
tvsZqLbp,2025-04-19,1
tvsZqLbp,2025-04-27,1
tvsZqLbp,2025-04-28,1
twY3y9JD,2025-11-21,1
twY3y9JD,2025-11-26,1
twamfFik,2026-04-04,1
twamfFik,2026-04-06,1
twqgOZDn,2025-10-17,1
twqgOZDn,2025-10-18,2
twqgOZDn,2025-10-24,1
tx8kRDIh,2026-03-23,1
tx8kRDIh,2026-03-24,1
tx8kRDIh,2026-03-26,3
tx8kRDIh,2026-03-28,2
tx8kRDIh,2026-03-30,1
tx8kRDIh,2026-03-31,1
tx8kRDIh,2026-04-01,3
tx8kRDIh,2026-04-03,2
tx8kRDIh,2026-04-04,7
tx8kRDIh,2026-04-05,4
tx8kRDIh,2026-04-06,1
tx8kRDIh,2026-04-08,1
tx8kRDIh,2026-04-09,2
tx8kRDIh,2026-04-11,14
tx8kRDIh,2026-04-12,8
tx8kRDIh,2026-04-13,4
tx8kRDIh,2026-04-14,6
tx8kRDIh,2026-04-15,2
txHb1Vp0,2026-09-16,1
txHb1Vp0,2026-09-20,1
tz8Ye4AR,2025-08-06,1
u1V0OXTH,2026-04-16,1
u1V0OXTH,2026-04-18,2
u1V0OXTH,2026-04-19,5
u1V0OXTH,2026-04-21,1
u1V0OXTH,2026-04-23,1
u1V0OXTH,2026-04-24,1
u1V0OXTH,2026-04-25,1
u1V0OXTH,2026-04-26,1
u1V0OXTH,2026-04-30,2
u1V0OXTH,2026-05-03,1
u1V0OXTH,2026-05-05,2
u1V0OXTH,2026-05-06,2
u1V0OXTH,2026-05-08,2
u1V0OXTH,2026-05-09,1
u1V0OXTH,2026-05-10,1
u1V0OXTH,2026-05-11,1
u1V0OXTH,2026-05-12,1
u1V0OXTH,2026-05-14,4
u1YE61wR,2025-11-07,1
u1YE61wR,2025-11-10,3
u1YE61wR,2025-11-11,1
u1YE61wR,2025-11-14,1
u1YE61wR,2025-11-15,1
u1YE61wR,2025-11-17,2
u1wr6O0g,2025-06-03,1
u1wr6O0g,2025-06-06,1
u1wr6O0g,2025-06-16,1
u1wr6O0g,2025-06-26,1
u20es4G3,2026-07-02,4
u2U9Iqvw,2025-02-19,1
u2U9Iqvw,2025-02-20,1
u2XNQqv7,2025-01-05,1
u2XNQqv7,2025-01-09,1
u2XNQqv7,2025-01-17,2
u2kA4ewF,2026-02-03,1
u2kA4ewF,2026-02-06,3
u2kA4ewF,2026-02-08,2
u2kA4ewF,2026-02-10,1
u2kA4ewF,2026-02-14,1
u2kA4ewF,2026-02-16,1
u2kA4ewF,2026-02-17,1
u3LeVlXP,2026-03-27,1
u3LeVlXP,2026-03-28,1
u3LeVlXP,2026-04-10,2
u3hHH6MB,2025-07-30,1
u3oWYqUS,2026-02-09,1
u3oWYqUS,2026-02-15,1
u3oWYqUS,2026-02-16,1
u3oWYqUS,2026-02-19,2
u3oWYqUS,2026-02-24,1
u44jz20x,2025-05-20,1
u4C0L4Uf,2025-12-05,1
u4C0L4Uf,2025-12-08,2
u4Qt9jTU,2024-12-27,2
u4Qt9jTU,2024-12-28,1
u4ZtzniC,2025-01-29,1
u5828VEm,2025-11-24,1
u5828VEm,2025-11-28,1
u5LhLuXk,2026-03-19,1
u7M45ymz,2024-12-31,2
u7M45ymz,2025-01-01,1
u7M45ymz,2025-01-07,1
u7M45ymz,2025-01-13,1
u7M45ymz,2025-01-14,1
u7M45ymz,2025-01-15,1
u7M45ymz,2025-01-18,1
u7M45ymz,2025-01-21,2
u7M45ymz,2025-01-24,2
u7M45ymz,2025-01-28,1
u7M45ymz,2025-01-29,1
u7M45ymz,2025-02-04,2
u8JnNzRt,2024-12-27,1
u8JnNzRt,2024-12-29,1
u9KidhPW,2025-12-06,1
u9OjWYPP,2025-04-19,1
u9OjWYPP,2025-04-21,2
u9OjWYPP,2025-04-22,2
u9OjWYPP,2025-04-25,2
u9Qm20fP,2025-12-28,1
u9cJAGVd,2026-08-17,2
uA9WVC7W,2025-04-15,2
uA9WVC7W,2025-04-17,1
uA9WVC7W,2025-04-19,2
uA9WVC7W,2025-04-24,2
uA9WVC7W,2025-04-25,1
uA9WVC7W,2025-04-27,2
uBXnDWF0,2026-09-13,2
uBXnDWF0,2026-09-15,1
uBXnDWF0,2026-09-16,1
uBsT45PU,2025-04-30,1
uC4dUCZV,2025-11-16,2
uCYVufUP,2026-08-28,1
uCYVufUP,2026-09-12,1
uCdxVTLp,2025-10-15,1
uCdxVTLp,2025-10-16,1
uE0m0IMd,2025-11-07,1
uEgc8OFi,2025-02-07,1
uFEMGDwS,2026-03-23,3
uFEMGDwS,2026-03-26,4
uFEMGDwS,2026-03-27,3
uFEMGDwS,2026-03-28,3
uFEMGDwS,2026-04-09,1
uFEMGDwS,2026-04-10,2
uG5nojVf,2025-03-22,1
uGXCLPNF,2025-09-07,1
uGaxpC2U,2025-12-09,1
uGgGH1p3,2025-02-05,1
uH9UNVsM,2025-04-03,1
uHcboHwW,2026-03-14,1
uHcboHwW,2026-03-16,1
uHsvbIMF,2025-10-01,1
uIhlyhwv,2025-08-19,1
uIhlyhwv,2025-08-23,1
uIhlyhwv,2025-08-24,1
uJs7RQXX,2026-04-20,1
uKf0MKpL,2026-03-29,2
uKf0MKpL,2026-04-09,1
uKwYX3f0,2026-07-26,1
uKwYX3f0,2026-08-02,1
uKwYX3f0,2026-08-09,1
uKwYX3f0,2026-08-11,2
uLwEGbnf,2026-03-10,2
uLwEGbnf,2026-03-21,1
uM62Fdsp,2025-02-05,1
uMTBWQUN,2025-12-08,4
uMTBWQUN,2025-12-09,1
uMTBWQUN,2025-12-10,1
uMTBWQUN,2025-12-14,1
uMTBWQUN,2025-12-20,1
uMTBWQUN,2025-12-21,1
uMqCkdvO,2025-04-30,1
uMqCkdvO,2025-05-01,1
uMqCkdvO,2025-05-03,2
uMqCkdvO,2025-05-04,1
uMqCkdvO,2025-05-05,2
uMqCkdvO,2025-05-06,1
uMqCkdvO,2025-05-13,1
uNDLH3cz,2026-07-23,2
uNDLH3cz,2026-08-13,1
uNDLH3cz,2026-08-14,2
uNFbTdca,2026-06-24,1
uNFbTdca,2026-07-10,1
uNTlrpb6,2026-05-15,3
uNTlrpb6,2026-05-19,1
uNTlrpb6,2026-05-20,1
uNTlrpb6,2026-05-22,2
uNTlrpb6,2026-05-29,1
uNTlrpb6,2026-05-31,1
uNTlrpb6,2026-06-03,1
uNTlrpb6,2026-06-06,1
uNTlrpb6,2026-06-09,1
uNTlrpb6,2026-06-11,2
uNTlrpb6,2026-06-15,1
uNTlrpb6,2026-06-16,1
uNTlrpb6,2026-06-17,1
uNTlrpb6,2026-06-18,1
uNTlrpb6,2026-06-20,1
uNTlrpb6,2026-06-21,1
uNkJmPin,2026-07-24,1
uOUoRiqr,2026-09-06,7
uPjdPuhS,2025-05-22,1
uRR1n2Bd,2025-06-18,1
uT2pR3GL,2025-11-08,2
uT2pR3GL,2025-11-09,1
uT7vFrWM,2025-02-14,1
uT7vFrWM,2025-02-21,1
uT99HbsM,2026-09-06,1
uT99HbsM,2026-09-19,3
uTM3TC4m,2026-04-30,1
uTM3TC4m,2026-05-01,1
uTM3TC4m,2026-05-09,1
uTb1mknE,2025-08-30,1
uTmkXnOb,2026-03-29,1
uTmkXnOb,2026-04-02,1
uTmkXnOb,2026-04-04,1
uTmkXnOb,2026-04-08,1
uTmkXnOb,2026-04-11,1
uTmkXnOb,2026-04-12,1
uU9EDzxv,2026-09-20,1
uUTQ1cw6,2025-03-01,1
uUTQ1cw6,2025-03-07,1
uUf9HyF2,2026-04-25,1
uUf9HyF2,2026-04-29,2
uUf9HyF2,2026-04-30,1
uUf9HyF2,2026-05-05,1
uUuWGk7w,2026-03-16,1
uVVSxSDW,2025-08-28,1
uVVSxSDW,2025-08-31,1
uVVcyn0w,2026-03-27,1
uVVcyn0w,2026-04-06,1
uVyelewr,2026-03-27,1
uVyelewr,2026-04-03,1
uW8tvspD,2026-07-17,1
uW8tvspD,2026-07-18,1
uW8tvspD,2026-07-20,1
uW8tvspD,2026-07-27,1
uW8tvspD,2026-07-28,1
uW8tvspD,2026-07-30,2
uW8tvspD,2026-08-07,1
uW8tvspD,2026-08-14,1
uWCXR4La,2025-05-27,1
uWJBKdXS,2025-09-30,1
uX11E5vb,2026-03-01,1
uX11E5vb,2026-03-11,1
uX11E5vb,2026-03-20,1
uXl5IcGn,2025-02-28,1
uXrrnB5c,2026-02-09,1
uXrrnB5c,2026-02-14,1
uY2WxUcU,2026-03-23,1
uYBTonEo,2025-11-21,1
uYg0seu7,2026-03-25,2
uYg0seu7,2026-03-26,1
uYg5F44H,2026-02-24,1
uaI33wXp,2025-11-27,1
uaKN6teN,2025-08-07,1
uaKN6teN,2025-08-23,1
uaKN6teN,2025-08-24,1
uaKN6teN,2025-08-25,1
uaRbwcWy,2026-03-09,1
uaRbwcWy,2026-03-16,1
uaRbwcWy,2026-03-18,1
uaRbwcWy,2026-03-20,1
uaSxooCA,2026-07-31,2
uaSxooCA,2026-08-15,1
ub2PSSgQ,2025-04-27,9
ubUuxrGu,2026-05-05,1
ubUuxrGu,2026-05-07,1
ubiJLkLw,2025-05-28,2
ubiJLkLw,2025-06-04,2
ubiJLkLw,2025-06-11,1
ubyzH8NK,2026-08-31,1
ubyzH8NK,2026-09-06,1
ubzXsz58,2026-04-17,1
ucD1OhU8,2026-02-05,1
ucD1OhU8,2026-02-11,1
ucD1OhU8,2026-02-18,1
ucD1OhU8,2026-02-19,1
ufQPOiGz,2025-11-04,1
ufcpVYY8,2026-03-25,1
ugQVnvxU,2025-10-12,1
ugSyNQl7,2025-09-14,1
ugSyNQl7,2025-09-15,2
ugSyNQl7,2025-09-16,1
ugSyNQl7,2025-09-18,1
ugSyNQl7,2025-09-19,1
ugSyNQl7,2025-09-21,1
ugSyNQl7,2025-09-22,1
ugSyNQl7,2025-09-23,2
ugSyNQl7,2025-09-24,1
ugSyNQl7,2025-09-26,1
ugSyNQl7,2025-09-28,2
ugSyNQl7,2025-09-29,1
ugSyNQl7,2025-09-30,1
uhpsfUwJ,2026-08-23,1
uhpsfUwJ,2026-09-19,2
uiWNr4ai,2026-08-21,1
uiWNr4ai,2026-09-04,1
uiWNr4ai,2026-09-09,1
uiWNr4ai,2026-09-12,2
uiWNr4ai,2026-09-13,1
uiWNr4ai,2026-09-15,1
uiWNr4ai,2026-09-17,3
uiWNr4ai,2026-09-18,5
uiWNr4ai,2026-09-19,2
uiWNr4ai,2026-09-20,3
uiWNr4ai,2026-09-21,2
uj61DVw3,2025-04-07,1
uj61DVw3,2025-04-10,2
uj61DVw3,2025-04-11,3
uj61DVw3,2025-04-13,1
ul6ZP9Gn,2025-10-15,1
ul6ZP9Gn,2025-10-16,1
ul6ZP9Gn,2025-10-21,1
ul6ZP9Gn,2025-10-28,2
ul6ZP9Gn,2025-10-29,1
ulg2CpS1,2026-08-01,1
ulg2CpS1,2026-08-08,2
ulg2CpS1,2026-08-14,1
umdgTGRj,2025-05-22,1
umdgTGRj,2025-05-24,1
umu7nS15,2026-02-27,1
umu7nS15,2026-03-11,1
unV3myOj,2026-04-02,1
unz5q2ST,2025-02-18,1
unz5q2ST,2025-02-19,1
unz5q2ST,2025-02-20,2
uos5qtCs,2026-05-13,1
upWCJezr,2025-03-01,3
upWCJezr,2025-03-02,1
upWCJezr,2025-03-03,2
upWCJezr,2025-03-04,1
upWCJezr,2025-03-05,1
upWCJezr,2025-03-06,3
upWCJezr,2025-03-07,1
upWCJezr,2025-03-08,2
upWCJezr,2025-03-09,1
uq6Wapga,2025-05-27,1
uq7zkpTT,2025-09-10,1
uqALkMeV,2025-08-31,1
uqBScnMC,2026-01-03,1
uqa8K01U,2025-03-28,1
uqjOyzMZ,2026-05-27,1
uqjOyzMZ,2026-06-22,1
uqrRauee,2026-03-24,1
uqrRauee,2026-03-25,1
ur10HJGp,2025-09-25,1
ur98a4CY,2025-10-13,1
us0iQpeK,2025-09-20,1
us0iQpeK,2025-09-21,1
usewlvK5,2026-03-02,1
usqsVoFg,2025-04-06,1
usuhN4e9,2025-08-28,1
utXffWHh,2026-06-03,1
uuavzglw,2026-08-30,1
uuavzglw,2026-08-31,1
uuavzglw,2026-09-05,2
uuavzglw,2026-09-06,1
uuavzglw,2026-09-13,1
uuoShLyu,2025-05-31,1
uuutZTUw,2025-10-15,1
uuutZTUw,2025-10-20,1
uuutZTUw,2025-10-25,1
uuutZTUw,2025-10-30,1
uuutZTUw,2025-10-31,1
uvBebHZr,2025-10-13,1
uvWut2I9,2025-04-27,1
uwUIANW1,2026-04-05,1
uwxXztNe,2025-09-14,2
uwxXztNe,2025-09-15,5
uwxXztNe,2025-09-16,1
uwxXztNe,2025-09-17,2
uwxXztNe,2025-09-18,4
uwxXztNe,2025-09-19,4
uwxXztNe,2025-09-20,2
uwxXztNe,2025-09-21,4
uwxXztNe,2025-09-22,2
uwxXztNe,2025-09-23,2
uwxXztNe,2025-09-24,2
uwxXztNe,2025-09-25,4
uwxXztNe,2025-09-26,2
uwxXztNe,2025-09-27,2
uwxXztNe,2025-09-28,2
uwxXztNe,2025-09-29,2
uwxXztNe,2025-09-30,3
uxALDXmE,2026-09-01,1
uxALDXmE,2026-09-05,1
uxALDXmE,2026-09-06,1
uxALDXmE,2026-09-07,1
uxALDXmE,2026-09-14,1
uxALDXmE,2026-09-17,2
uxALDXmE,2026-09-19,1
uxALDXmE,2026-09-20,1
uxg6YvlH,2025-11-14,1
uyHNm0fR,2026-07-24,1
uyHNm0fR,2026-08-01,1
uyHNm0fR,2026-08-03,1
uyHNm0fR,2026-08-04,1
uyHNm0fR,2026-08-07,1
uz7Q4PHy,2025-09-06,1
uzMreMkz,2026-07-16,2
uzMreMkz,2026-07-17,2
uzMreMkz,2026-07-18,2
uzMreMkz,2026-07-19,2
uzMreMkz,2026-07-20,3
uzMreMkz,2026-07-21,4
uzMreMkz,2026-07-22,2
uzMreMkz,2026-07-23,3
uzMreMkz,2026-07-24,2
uzMreMkz,2026-07-25,2
uzMreMkz,2026-07-26,3
uzMreMkz,2026-07-27,2
uzMreMkz,2026-07-28,2
uzMreMkz,2026-07-29,2
uzMreMkz,2026-07-30,2
uzMreMkz,2026-07-31,2
uzMreMkz,2026-08-01,4
uzMreMkz,2026-08-02,5
uzMreMkz,2026-08-03,2
uzMreMkz,2026-08-04,3
uzMreMkz,2026-08-05,2
uzMreMkz,2026-08-06,2
uzMreMkz,2026-08-07,2
uzMreMkz,2026-08-08,2
uzMreMkz,2026-08-09,2
uzMreMkz,2026-08-10,2
uzMreMkz,2026-08-11,2
uzMreMkz,2026-08-12,3
uzMreMkz,2026-08-13,3
uzMreMkz,2026-08-14,3
uzMreMkz,2026-08-15,3
uzMreMkz,2026-08-16,4
uzMreMkz,2026-08-17,3
v0GHgulM,2026-07-30,1
v0W5BDQx,2025-06-12,1
v0W5BDQx,2025-06-24,1
v0bhlKQQ,2026-07-14,1
v1KfxnIP,2025-08-27,1
v1KfxnIP,2025-09-03,1
v1O01ShV,2026-07-18,2
v1O01ShV,2026-07-24,1
v1O01ShV,2026-07-26,1
v1O01ShV,2026-07-31,1
v1O01ShV,2026-08-16,1
v2NuwDct,2024-12-31,1
v2NuwDct,2025-01-01,1
v2NuwDct,2025-01-08,3
v2NuwDct,2025-01-21,2
v2NuwDct,2025-01-25,1
v2NuwDct,2025-01-27,1
v2NuwDct,2025-01-28,2
v2NuwDct,2025-01-30,1
v2NuwDct,2025-01-31,1
v313gCEs,2025-03-25,2
v313gCEs,2025-03-27,1
v3D6WTV5,2025-01-15,1
v3JCGgrn,2024-12-31,1
v3N53aUr,2025-09-08,1
v3SUyyX8,2026-08-19,1
v3SUyyX8,2026-08-23,1
v3SUyyX8,2026-08-26,2
v3SUyyX8,2026-08-27,4
v3SUyyX8,2026-08-28,2
v3SUyyX8,2026-08-29,1
v3SUyyX8,2026-08-30,4
v3SUyyX8,2026-08-31,2
v3SUyyX8,2026-09-01,2
v3SUyyX8,2026-09-02,1
v3SUyyX8,2026-09-03,1
v3SUyyX8,2026-09-04,3
v3SUyyX8,2026-09-05,1
v3SUyyX8,2026-09-06,5
v3SUyyX8,2026-09-07,1
v3SUyyX8,2026-09-08,4
v3SUyyX8,2026-09-10,2
v3SUyyX8,2026-09-11,2
v3SUyyX8,2026-09-12,2
v3SUyyX8,2026-09-13,5
v3SUyyX8,2026-09-14,2
v3SUyyX8,2026-09-15,3
v3SUyyX8,2026-09-16,2
v3SUyyX8,2026-09-17,3
v3SUyyX8,2026-09-18,2
v3SUyyX8,2026-09-19,2
v3SUyyX8,2026-09-20,3
v3SUyyX8,2026-09-21,1
v3eDOpFf,2025-06-02,1
v416EiJT,2025-02-19,1
v4EQVNtw,2024-12-29,1
v4EQVNtw,2024-12-30,1
v4EQVNtw,2025-01-06,1
v4EQVNtw,2025-01-26,1
v4EQVNtw,2025-01-28,1
v4EQVNtw,2025-02-03,1
v4Frbj8X,2025-11-17,1
v4Frbj8X,2025-11-28,2
v4diAds7,2025-08-27,1
v4diAds7,2025-08-31,1
v4j8uL2g,2025-11-22,1
v4j9vBfN,2025-08-08,1
v4j9vBfN,2025-08-15,1
v4j9vBfN,2025-08-22,1
v5GiIIBW,2026-01-26,1
v5XTbEjw,2024-12-27,1
v60HeWog,2025-12-08,1
v60HeWog,2025-12-27,1
v66FGLw7,2026-03-24,1
v66FGLw7,2026-03-26,1
v66FGLw7,2026-04-10,1
v69PefVr,2025-04-23,1
v6Rb2cZK,2025-01-01,1
v6Rb2cZK,2025-01-06,1
v6Rb2cZK,2025-01-13,1
v6Rb2cZK,2025-01-15,1
v6Rb2cZK,2025-01-22,1
v6Rb2cZK,2025-01-31,1
v6Rb2cZK,2025-02-02,1
v6ghy039,2025-04-10,1
v6upTUdq,2025-04-05,1
v8Bd2Ajw,2026-02-13,1
v8OTNea2,2025-10-15,1
v8bubq7i,2025-03-21,1
v9RFl3Ys,2026-07-17,1
v9RFl3Ys,2026-07-21,1
v9RFl3Ys,2026-07-23,2
v9RFl3Ys,2026-07-26,2
v9RFl3Ys,2026-07-30,1
v9RFl3Ys,2026-07-31,1
v9RFl3Ys,2026-08-01,1
v9RFl3Ys,2026-08-02,1
v9RFl3Ys,2026-08-06,1
v9RFl3Ys,2026-08-07,2
v9RFl3Ys,2026-08-08,2
v9RFl3Ys,2026-08-10,1
v9RFl3Ys,2026-08-15,2
v9RFl3Ys,2026-08-16,1
v9RFl3Ys,2026-08-17,1
vA1a6tGY,2025-10-17,1
vAKo9fnS,2025-02-22,1
vBK8iPIU,2025-10-24,2
vBbKxX5a,2026-02-26,1
vBst7YoM,2025-09-21,1
vC8S0Yra,2025-08-21,1
vC8S0Yra,2025-08-22,1
vDh0gl2B,2026-06-24,1
vDh0gl2B,2026-06-26,2
vDh0gl2B,2026-06-29,1
vDh0gl2B,2026-07-03,2
vDh0gl2B,2026-07-04,1
vDh0gl2B,2026-07-07,1
vDh0gl2B,2026-07-14,2
vDh0gl2B,2026-07-15,1
vE1wHMt0,2025-03-22,1
vE1wHMt0,2025-03-25,1
vE1wHMt0,2025-03-27,2
vE2oYFUB,2026-03-19,2
vE2oYFUB,2026-03-21,1
vE82nS4H,2026-01-27,1
vF2AtnDV,2025-01-16,1
vF2AtnDV,2025-01-17,1
vF2AtnDV,2025-01-21,1
vF2AtnDV,2025-01-25,1
vF2XuPmV,2026-02-26,1
vFO6544n,2026-07-12,1
vFfF5Y9x,2025-06-30,1
vFwgEwAy,2025-07-30,1
vG1afnKM,2025-11-19,1
vG1afnKM,2025-11-21,2
vG1afnKM,2025-11-22,2
vG1afnKM,2025-11-24,1
vG1afnKM,2025-11-28,2
vG7tdY2M,2025-05-24,1
vGonNFs8,2026-08-22,1
vGonNFs8,2026-08-23,1
vGonNFs8,2026-08-29,2
vGonNFs8,2026-08-30,1
vGonNFs8,2026-08-31,1
vGonNFs8,2026-09-02,1
vGonNFs8,2026-09-06,1
vGonNFs8,2026-09-07,1
vGonNFs8,2026-09-14,1
vGonNFs8,2026-09-15,1
vGonNFs8,2026-09-19,1
vGonNFs8,2026-09-20,4
vH6dIObQ,2026-02-04,1
vH6dIObQ,2026-02-05,6
vH6dIObQ,2026-02-06,1
vH6dIObQ,2026-02-07,1
vH6dIObQ,2026-02-08,3
vH6dIObQ,2026-02-09,2
vH6dIObQ,2026-02-10,1
vH6dIObQ,2026-02-11,2
vH6dIObQ,2026-02-12,1
vH6dIObQ,2026-02-13,1
vH6dIObQ,2026-02-14,1
vH6dIObQ,2026-02-18,2
vH6dIObQ,2026-02-19,4
vH6dIObQ,2026-02-20,1
vH6dIObQ,2026-02-21,1
vH6dIObQ,2026-02-22,1
vH6dIObQ,2026-02-23,2
vH6dIObQ,2026-02-24,1
vH6dIObQ,2026-02-25,1
vH6dIObQ,2026-02-26,2
vH6dIObQ,2026-02-27,1
vHKUaJtU,2025-08-28,1
vHThKR8H,2025-05-30,2
vHXVngbe,2026-08-18,1
vHXVngbe,2026-08-19,3
vHXVngbe,2026-08-20,1
vHXVngbe,2026-08-21,2
vHXVngbe,2026-08-23,2
vHXVngbe,2026-08-24,1
vHXVngbe,2026-08-25,1
vHXVngbe,2026-08-26,1
vHXVngbe,2026-08-27,1
vHXVngbe,2026-08-28,1
vHXVngbe,2026-08-29,2
vHXVngbe,2026-08-30,1
vHXVngbe,2026-09-01,2
vHXVngbe,2026-09-02,1
vHXVngbe,2026-09-03,1
vHXVngbe,2026-09-05,2
vHXVngbe,2026-09-06,1
vHXVngbe,2026-09-08,2
vHXVngbe,2026-09-09,1
vHXVngbe,2026-09-11,1
vHXVngbe,2026-09-12,2
vHXVngbe,2026-09-13,1
vHXVngbe,2026-09-14,1
vHXVngbe,2026-09-15,2
vHXVngbe,2026-09-18,1
vHXVngbe,2026-09-19,2
vHXVngbe,2026-09-20,1
vHZZX3hG,2026-08-19,1
vHZZX3hG,2026-09-04,1
vHZZX3hG,2026-09-08,1
vHZZX3hG,2026-09-19,1
vHZZX3hG,2026-09-20,1
vHZZX3hG,2026-09-21,6
vHtbxkVn,2026-08-18,2
vHtbxkVn,2026-08-20,2
vHtbxkVn,2026-08-23,3
vHtbxkVn,2026-08-27,2
vHtbxkVn,2026-09-01,1
vHtbxkVn,2026-09-04,2
vHtbxkVn,2026-09-05,3
vHtbxkVn,2026-09-06,1
vHtbxkVn,2026-09-12,1
vHtbxkVn,2026-09-15,1
vHtbxkVn,2026-09-17,1
vHtbxkVn,2026-09-18,1
vHtbxkVn,2026-09-19,2
vHtbxkVn,2026-09-20,2
vIDgNRTo,2026-02-27,1
vIDgNRTo,2026-02-28,1
vIDgNRTo,2026-03-06,1
vIDgNRTo,2026-03-10,1
vIDgNRTo,2026-03-13,1
vIDgNRTo,2026-03-14,1
vIDgNRTo,2026-03-15,2
vIDgNRTo,2026-03-18,1
vIDgNRTo,2026-03-20,1
vIJMxdka,2025-12-30,2
vIJMxdka,2025-12-31,1
vIS7bP9O,2026-07-21,1
vIS7bP9O,2026-08-07,1
vIUTv3o4,2025-08-31,1
vIUTv3o4,2025-09-04,1
vJq4a9Vr,2026-07-15,1
vKgWGi8a,2026-08-13,1
vL0OzCZX,2024-12-27,1
vMnxxeMt,2025-11-18,1
vNQhT3YJ,2025-11-29,1
vNQhT3YJ,2025-12-01,1
vNQhT3YJ,2025-12-05,1
vNQhT3YJ,2025-12-08,1
vNQhT3YJ,2025-12-10,1
vNQhT3YJ,2025-12-14,1
vNQhT3YJ,2025-12-18,1
vNQhT3YJ,2025-12-19,2
vNQhT3YJ,2025-12-20,1
vNQhT3YJ,2025-12-21,1
vNQhT3YJ,2025-12-22,2
vNQhT3YJ,2025-12-24,1
vNQhT3YJ,2025-12-25,1
vNQhT3YJ,2025-12-26,2
vNQhT3YJ,2025-12-28,1
vNtE41do,2025-03-02,1
vNtE41do,2025-03-06,1
vO40PFMO,2026-08-20,2
vO40PFMO,2026-08-21,2
vO40PFMO,2026-08-22,3
vO40PFMO,2026-08-23,4
vO40PFMO,2026-08-24,1
vO40PFMO,2026-08-26,1
vO40PFMO,2026-08-27,2
vO40PFMO,2026-08-28,1
vO40PFMO,2026-08-29,7
vO40PFMO,2026-08-30,3
vO40PFMO,2026-08-31,2
vO40PFMO,2026-09-01,1
vO40PFMO,2026-09-02,1
vO40PFMO,2026-09-03,2
vO40PFMO,2026-09-04,2
vO40PFMO,2026-09-05,2
vO40PFMO,2026-09-06,4
vO40PFMO,2026-09-07,3
vO40PFMO,2026-09-08,1
vO40PFMO,2026-09-09,30
vO40PFMO,2026-09-10,3
vO40PFMO,2026-09-11,3
vO40PFMO,2026-09-12,3
vO40PFMO,2026-09-13,3
vO40PFMO,2026-09-14,1
vO40PFMO,2026-09-15,2
vO40PFMO,2026-09-16,1
vO40PFMO,2026-09-17,1
vO40PFMO,2026-09-18,5
vO40PFMO,2026-09-19,3
vO40PFMO,2026-09-20,3
vO40PFMO,2026-09-21,2
vOeBQs3V,2026-02-02,1
vPJmg4uP,2026-08-20,1
vPJmg4uP,2026-08-23,2
vPJmg4uP,2026-08-24,2
vPJmg4uP,2026-08-25,1
vPJmg4uP,2026-08-26,1
vPJmg4uP,2026-08-27,1
vPJmg4uP,2026-08-31,1
vPJmg4uP,2026-09-01,1
vPJmg4uP,2026-09-03,1
vPJmg4uP,2026-09-08,2
vPJmg4uP,2026-09-09,2
vPJmg4uP,2026-09-12,3
vPJmg4uP,2026-09-13,1
vPJmg4uP,2026-09-14,1
vPJmg4uP,2026-09-15,3
vPJmg4uP,2026-09-16,3
vPJmg4uP,2026-09-17,2
vPJmg4uP,2026-09-18,5
vPJmg4uP,2026-09-19,1
vPJmg4uP,2026-09-20,3
vPJmg4uP,2026-09-21,3
vPKGUqCh,2025-11-30,1
vPKGUqCh,2025-12-02,1
vPKGUqCh,2025-12-05,1
vPKGUqCh,2025-12-08,3
vPKGUqCh,2025-12-10,2
vPKGUqCh,2025-12-11,1
vPKGUqCh,2025-12-12,2
vPKGUqCh,2025-12-17,1
vPKGUqCh,2025-12-18,1
vPKGUqCh,2025-12-26,3
vPg1cMPT,2026-05-06,1
vPteziln,2025-10-03,1
vPteziln,2025-10-05,2
vPteziln,2025-10-06,2
vPteziln,2025-10-09,1
vPteziln,2025-10-10,1
vPteziln,2025-10-14,1
vQ2mhDQ6,2025-03-11,1
vQ2mhDQ6,2025-03-15,1
vQ2mhDQ6,2025-03-18,1
vQPh5G6R,2025-03-03,1
vQPh5G6R,2025-03-06,1
vQPh5G6R,2025-03-07,2
vQeYmMAq,2025-07-19,1
vQeYmMAq,2025-07-22,1
vQeYmMAq,2025-07-26,2
vQfzOWpN,2026-05-02,1
vQfzOWpN,2026-05-03,1
vQfzOWpN,2026-05-10,1
vQoTyL8f,2026-03-25,1
vQoTyL8f,2026-03-27,1
vQoTyL8f,2026-03-28,1
vQoTyL8f,2026-03-30,2
vQoTyL8f,2026-04-02,1
vQoTyL8f,2026-04-05,1
vQoTyL8f,2026-04-07,1
vQoTyL8f,2026-04-09,6
vQoTyL8f,2026-04-10,1
vQoTyL8f,2026-04-11,2
vQoTyL8f,2026-04-12,3
vR0occ9U,2026-08-07,1
vSMH26dt,2025-09-15,1
vSMH26dt,2025-09-21,1
vSS0mbmn,2026-03-10,1
vUGqp8Dq,2026-01-02,1
vUGqp8Dq,2026-01-03,1
vUGqp8Dq,2026-01-10,1
vUGqp8Dq,2026-01-27,1
vUVOT41T,2025-03-11,1
vUhez5Yk,2025-11-18,1
vUhez5Yk,2025-11-21,1
vUhez5Yk,2025-11-24,1
vUhez5Yk,2025-11-25,1
vUhez5Yk,2025-11-28,1
vViJrpKY,2025-05-19,1
vViJrpKY,2025-05-22,1
vW3dgnnu,2025-06-13,1
vWRKe2Vx,2025-07-25,1
vWUgdltR,2025-04-20,8
vWUgdltR,2025-04-21,4
vWUgdltR,2025-04-24,1
vWUgdltR,2025-04-25,12
vWUgdltR,2025-04-26,20
vWUgdltR,2025-04-29,1
vXb7L7Km,2025-07-04,1
vXjqHURg,2025-11-12,1
vXvcux2M,2025-05-02,1
vYC5Ycq7,2025-04-22,1
vYC5Ycq7,2025-04-27,1
vYUtoMsXnI,2026-05-24,2
vZ6g11zR,2025-05-01,1
vZ6g11zR,2025-05-02,1
vZ6g11zR,2025-05-03,1
vZ6g11zR,2025-05-05,1
vZbF3MVR,2025-05-30,1
vZbF3MVR,2025-06-01,1
vZbF3MVR,2025-06-03,1
vZbF3MVR,2025-06-04,2
vZbF3MVR,2025-06-07,3
vZbF3MVR,2025-06-08,1
vZbF3MVR,2025-06-09,1
vZbF3MVR,2025-06-11,1
va838AZ8,2026-02-27,2
va838AZ8,2026-03-03,1
va838AZ8,2026-03-05,1
va838AZ8,2026-03-06,1
va838AZ8,2026-03-10,2
va838AZ8,2026-03-14,1
va838AZ8,2026-03-17,1
va838AZ8,2026-03-18,1
va838AZ8,2026-03-19,2
vbFImTh5,2025-03-05,1
vbFImTh5,2025-03-09,1
vbJt92XX,2025-10-21,1
vbuSH2wM,2025-12-08,1
vbuSH2wM,2025-12-10,2
vdDtfPgj,2025-11-24,1
vdTs9BGj,2025-09-06,1
vdTs9BGj,2025-09-07,2
vdTs9BGj,2025-09-09,1
vdTs9BGj,2025-09-10,1
vdTs9BGj,2025-09-11,1
vdTs9BGj,2025-09-12,1
vdaHKnDc,2026-03-09,1
vfLYZagZ,2025-08-26,1
vfLYZagZ,2025-08-27,1
vfLxoc31,2025-10-17,1
vfLxoc31,2025-10-21,1
vfYst1Ns,2026-06-28,1
vfYst1Ns,2026-06-29,2
vfYst1Ns,2026-06-30,1
vfYst1Ns,2026-07-03,1
vfYst1Ns,2026-07-05,1
vfYst1Ns,2026-07-11,2
vfYst1Ns,2026-07-12,1
vfYst1Ns,2026-07-15,1
vfjA1nnb,2025-07-21,2
vgGhx6tc,2025-11-24,2
vgGhx6tc,2025-11-25,2
vhGMB5Vx,2025-07-25,1
vhcV38jN,2025-06-06,3
vis555nM,2025-08-05,1
vizJLZTY,2026-03-22,1
vjqgCfJi,2025-05-01,1
vk0x6HyO,2025-11-29,1
vk0x6HyO,2025-12-04,1
vk0x6HyO,2025-12-09,1
vk0x6HyO,2025-12-13,1
vk0x6HyO,2025-12-14,1
vk0x6HyO,2025-12-23,1
vk1aOACm,2025-09-02,3
vk1aOACm,2025-09-05,2
vklN8zqm,2025-03-17,1
vl2fCT0i,2026-01-02,1
vmryCD7Y,2026-03-10,1
vmryCD7Y,2026-03-13,1
vn0rvHcg,2025-03-29,3
vo62F6b2,2026-05-31,1
vo62F6b2,2026-06-07,1
vo62F6b2,2026-06-08,2
vo62F6b2,2026-06-15,1
vqnjU4Of,2026-02-03,1
vqnjU4Of,2026-02-11,1
vqnjU4Of,2026-02-15,1
vqnjU4Of,2026-02-18,2
vqnjU4Of,2026-02-19,2
vqnjU4Of,2026-02-23,1
vqnjU4Of,2026-02-25,1
vrkdnJsv,2025-02-07,1
vt1mFttG,2026-03-30,1
vtV3FOOa,2025-05-01,1
vtV3FOOa,2025-05-04,1
vtV3FOOa,2025-05-11,1
vtV3FOOa,2025-05-13,1
vuzf0uhL,2025-08-02,1
vv5EWKoJ,2025-04-18,1
vv5EWKoJ,2025-04-20,1
vv5EWKoJ,2025-04-21,1
vv5EWKoJ,2025-04-25,3
vv5EWKoJ,2025-04-27,1
vv5EWKoJ,2025-04-29,1
vwEh6Doy,2025-12-28,2
vwEh6Doy,2025-12-29,2
vwEh6Doy,2025-12-30,2
vwEh6Doy,2025-12-31,2
vwEh6Doy,2026-01-01,3
vwEh6Doy,2026-01-02,2
vwEh6Doy,2026-01-03,2
vwEh6Doy,2026-01-04,4
vwEh6Doy,2026-01-06,3
vwEh6Doy,2026-01-07,2
vwEh6Doy,2026-01-08,2
vwEh6Doy,2026-01-09,2
vwEh6Doy,2026-01-10,2
vwEh6Doy,2026-01-11,2
vwEh6Doy,2026-01-12,4
vwEh6Doy,2026-01-13,2
vwEh6Doy,2026-01-14,2
vwEh6Doy,2026-01-15,2
vwEh6Doy,2026-01-16,2
vwEh6Doy,2026-01-17,2
vwEh6Doy,2026-01-18,2
vwEh6Doy,2026-01-19,2
vwEh6Doy,2026-01-20,4
vwEh6Doy,2026-01-21,2
vwEh6Doy,2026-01-22,1
vwEh6Doy,2026-01-23,2
vwEh6Doy,2026-01-24,3
vwEh6Doy,2026-01-25,2
vwEh6Doy,2026-01-26,2
vwEh6Doy,2026-01-27,2
vwEh6Doy,2026-01-28,2
vwEh6Doy,2026-01-29,4
vwEh6Doy,2026-01-30,2
vwEh6Doy,2026-01-31,2
vwEh6Doy,2026-02-01,2
vwEh6Doy,2026-02-02,2
vwcMQBkP,2026-07-15,1
vwmZZE94,2025-03-10,1
vwmZZE94,2025-03-13,1
vwmZZE94,2025-03-18,1
vwmZZE94,2025-03-19,4
vxSzHYfF,2026-08-13,1
vy5UKKBP,2026-07-17,3
vy5UKKBP,2026-07-19,1
vy5UKKBP,2026-07-20,1
vy5UKKBP,2026-07-25,2
vy5UKKBP,2026-07-30,1
vy5UKKBP,2026-07-31,2
vy5UKKBP,2026-08-01,2
vy5UKKBP,2026-08-09,1
vy5UKKBP,2026-08-13,1
vy5UKKBP,2026-08-14,4
vy5UKKBP,2026-08-15,5
vy5UKKBP,2026-08-16,2
vy5UKKBP,2026-08-17,9
vzLDRRU0,2026-05-30,1
vzLDRRU0,2026-06-13,1
vzPaPMqW,2025-11-27,1
vzdnFnNO,2026-01-18,1
vzdnFnNO,2026-01-24,1
w0TVCDqi,2025-10-03,1
w0TVCDqi,2025-10-07,1
w0VYEc,2024-12-26,1
w0VYEc,2024-12-30,2
w0VYEc,2024-12-31,1
w0VYEc,2025-01-01,1
w0VYEc,2025-01-02,1
w0VYEc,2025-01-03,4
w0VYEc,2025-01-04,1
w0VYEc,2025-01-05,8
w0VYEc,2025-01-06,6
w0VYEc,2025-01-07,3
w0VYEc,2025-01-08,3
w0VYEc,2025-01-09,1
w0irqGiJ,2026-05-29,1
w2LMoX7K,2026-08-25,1
w2LMoX7K,2026-08-27,1
w2LMoX7K,2026-09-04,1
w2LMoX7K,2026-09-05,1
w2LMoX7K,2026-09-18,1
w2LMoX7K,2026-09-20,3
w2LMoX7K,2026-09-21,1
w3KZeg2B,2025-01-12,1
w3KZeg2B,2025-01-13,1
w3KZeg2B,2025-01-23,1
w3KZeg2B,2025-02-03,1
w3Ycq4y8,2025-01-27,1
w4FfFmJi,2025-03-28,1
w4FfFmJi,2025-03-29,1
w4FfFmJi,2025-03-30,1
w4FfFmJi,2025-03-31,2
w4FfFmJi,2025-04-02,1
w4VrhLUX,2025-10-12,1
w4ZtGMtL,2025-04-06,2
w5Cd6hYW,2025-05-02,1
w5Cd6hYW,2025-05-07,1
w5Cd6hYW,2025-05-11,1
w5Cd6hYW,2025-05-12,1
w6068NqE,2026-07-16,1
w6068NqE,2026-07-19,1
w6068NqE,2026-07-20,1
w6068NqE,2026-07-23,1
w6V2DdtF,2024-12-27,2
w7AuEygi,2025-01-12,1
w7BdaRuw,2025-07-19,1
w7BdaRuw,2025-07-25,1
w7LUTMWs,2025-01-25,1
w7LUTMWs,2025-02-04,1
w7LUTMWs,2025-02-05,1
w8goflCC,2026-05-01,1
w9Iq07QR,2026-07-26,1
w9Iq07QR,2026-08-10,1
w9Za8auq,2026-05-16,2
w9Za8auq,2026-06-20,2
w9Za8auq,2026-06-21,1
w9Za8auq,2026-06-22,1
wB9zTx48,2025-01-03,2
wB9zTx48,2025-01-12,1
wB9zTx48,2025-01-13,3
wB9zTx48,2025-01-16,1
wB9zTx48,2025-01-17,1
wB9zTx48,2025-01-18,1
wB9zTx48,2025-01-20,1
wB9zTx48,2025-01-21,1
wB9zTx48,2025-01-24,2
wB9zTx48,2025-01-25,1
wB9zTx48,2025-01-26,1
wB9zTx48,2025-01-29,1
wB9zTx48,2025-01-30,1
wB9zTx48,2025-01-31,2
wBJSEfRe,2026-01-01,1
wBJSEfRe,2026-01-11,1
wBJSEfRe,2026-02-02,1
wCGy9GNx,2025-06-18,1
wCirP3Eh,2025-10-17,1
wCirP3Eh,2025-10-26,1
wCirP3Eh,2025-10-28,1
wCyV5RzA,2025-11-21,1
wCyV5RzA,2025-11-25,1
wDpgVURM,2025-02-26,1
wEGtWEHh,2026-03-25,1
wEGtWEHh,2026-03-29,1
wEGtWEHh,2026-04-04,1
wEGtWEHh,2026-04-07,1
wEGtWEHh,2026-04-09,9
wEGtWEHh,2026-04-10,2
wEGtWEHh,2026-04-13,1
wEGtWEHh,2026-04-14,1
wEGtWEHh,2026-04-15,2
wEdp6XoO,2025-03-15,1
wEqfmfyN,2026-07-17,1
wEqfmfyN,2026-07-19,1
wEqfmfyN,2026-07-20,1
wEqfmfyN,2026-07-22,1
wEqfmfyN,2026-07-30,1
wEqfmfyN,2026-08-04,1
wFoCDuCD,2025-11-02,1
wFoCDuCD,2025-11-13,1
wGLFpczF,2026-05-15,3
wGLFpczF,2026-05-16,4
wGLFpczF,2026-05-17,1
wGLFpczF,2026-05-18,2
wGLFpczF,2026-05-19,3
wGLFpczF,2026-05-20,1
wGLFpczF,2026-05-22,2
wGLFpczF,2026-05-23,8
wGLFpczF,2026-05-25,1
wGLFpczF,2026-05-27,3
wGLFpczF,2026-05-31,3
wGLFpczF,2026-06-07,3
wGLFpczF,2026-06-08,5
wGLFpczF,2026-06-09,2
wGLFpczF,2026-06-11,2
wGLFpczF,2026-06-12,1
wGLFpczF,2026-06-15,1
wGLFpczF,2026-06-16,1
wGLFpczF,2026-06-19,3
wGLFpczF,2026-06-21,1
wGlm69IO,2025-11-18,1
wGlm69IO,2025-11-19,5
wGlm69IO,2025-11-22,2
wGlm69IO,2025-11-23,3
wGlm69IO,2025-11-25,1
wGlm69IO,2025-11-26,1
wGlm69IO,2025-11-28,1
wGyeAAUJ,2025-02-10,1
wGyeAAUJ,2025-02-11,1
wGyeAAUJ,2025-02-12,1
wH4S16k9,2025-11-18,1
wH4S16k9,2025-11-23,2
wH4S16k9,2025-11-24,1
wH4S16k9,2025-11-25,1
wH4S16k9,2025-11-27,1
wHzJG3B6,2025-12-08,1
wITFc3sF,2026-07-17,1
wITFc3sF,2026-07-22,1
wITFc3sF,2026-07-28,1
wITFc3sF,2026-08-11,1
wITFc3sF,2026-08-13,1
wITFc3sF,2026-08-14,1
wIcTWr39,2026-03-23,3
wIcTWr39,2026-03-24,1
wIcTWr39,2026-03-25,3
wIcTWr39,2026-03-26,3
wIcTWr39,2026-03-28,2
wIcTWr39,2026-03-30,1
wIcTWr39,2026-04-01,4
wIcTWr39,2026-04-02,4
wIcTWr39,2026-04-03,1
wIcTWr39,2026-04-04,1
wIcTWr39,2026-04-05,1
wIcTWr39,2026-04-06,1
wIcTWr39,2026-04-07,2
wIcTWr39,2026-04-08,2
wIcTWr39,2026-04-09,7
wIcTWr39,2026-04-10,1
wIcTWr39,2026-04-11,3
wIcTWr39,2026-04-12,2
wIcTWr39,2026-04-13,3
wIcTWr39,2026-04-14,2
wIcTWr39,2026-04-15,2
wIpbhsJL,2026-05-05,1
wKM4T5Mc,2026-07-17,2
wKM4T5Mc,2026-07-20,1
wKM4T5Mc,2026-07-22,1
wKM4T5Mc,2026-07-24,1
wKM4T5Mc,2026-07-25,2
wKM4T5Mc,2026-07-28,1
wKM4T5Mc,2026-07-31,1
wKM4T5Mc,2026-08-02,1
wKM4T5Mc,2026-08-06,1
wKM4T5Mc,2026-08-08,1
wKM4T5Mc,2026-08-10,1
wKM4T5Mc,2026-08-11,1
wLeo9JWs,2025-05-28,1
wLeo9JWs,2025-05-30,1
wLeo9JWs,2025-06-12,1
wM9QHE0e,2024-12-28,1
wMFqfoz5,2026-08-18,1
wMFqfoz5,2026-08-19,2
wMFqfoz5,2026-08-21,4
wMFqfoz5,2026-08-22,3
wMFqfoz5,2026-08-23,3
wMFqfoz5,2026-08-25,3
wMFqfoz5,2026-08-26,3
wMFqfoz5,2026-08-27,3
wMFqfoz5,2026-08-28,1
wMFqfoz5,2026-08-29,1
wMFqfoz5,2026-08-30,5
wMFqfoz5,2026-08-31,1
wMFqfoz5,2026-09-02,1
wMFqfoz5,2026-09-03,1
wMFqfoz5,2026-09-04,2
wMFqfoz5,2026-09-05,4
wMFqfoz5,2026-09-06,2
wMFqfoz5,2026-09-07,1
wMFqfoz5,2026-09-08,1
wMFqfoz5,2026-09-10,3
wMFqfoz5,2026-09-11,3
wMFqfoz5,2026-09-12,4
wMFqfoz5,2026-09-13,4
wMFqfoz5,2026-09-15,4
wMFqfoz5,2026-09-16,2
wMFqfoz5,2026-09-17,8
wMFqfoz5,2026-09-18,1
wMFqfoz5,2026-09-19,4
wMSIxJuT,2026-08-19,5
wMSIxJuT,2026-08-20,4
wMSIxJuT,2026-08-22,2
wMSIxJuT,2026-08-23,5
wMSIxJuT,2026-08-24,1
wMSIxJuT,2026-08-25,1
wMSIxJuT,2026-08-26,1
wMSIxJuT,2026-08-28,3
wMSIxJuT,2026-08-29,1
wMSIxJuT,2026-08-30,3
wMSIxJuT,2026-08-31,2
wMSIxJuT,2026-09-01,1
wMSIxJuT,2026-09-02,1
wMSIxJuT,2026-09-03,1
wMSIxJuT,2026-09-04,5
wMSIxJuT,2026-09-05,1
wMSIxJuT,2026-09-08,4
wMSIxJuT,2026-09-10,2
wMSIxJuT,2026-09-11,1
wMSIxJuT,2026-09-12,1
wMSIxJuT,2026-09-13,11
wMSIxJuT,2026-09-14,2
wMSIxJuT,2026-09-15,3
wMSIxJuT,2026-09-16,3
wMSIxJuT,2026-09-17,7
wMSIxJuT,2026-09-18,8
wMSIxJuT,2026-09-19,11
wMSIxJuT,2026-09-20,11
wMSIxJuT,2026-09-21,2
wMwxaBqJ,2026-06-28,1
wMwxaBqJ,2026-07-12,3
wMzb90gG,2025-05-21,2
wMzb90gG,2025-05-27,2
wN4ZIkse,2026-02-05,1
wN4ZIkse,2026-02-22,1
wNphXOjU,2025-10-21,2
wNphXOjU,2025-10-22,1
wNphXOjU,2025-10-24,2
wNphXOjU,2025-10-26,2
wNphXOjU,2025-10-27,1
wNphXOjU,2025-10-28,1
wNphXOjU,2025-10-29,1
wNphXOjU,2025-10-31,1
wNqEe2HV,2026-05-27,2
wOR2Z0WC,2025-04-07,1
wOyNRDYr,2025-02-07,2
wOyNRDYr,2025-02-09,1
wP1ibRzq,2025-12-08,2
wP1ibRzq,2025-12-09,1
wP7E2UWx,2026-03-13,2
wP7E2UWx,2026-03-17,1
wP7E2UWx,2026-03-18,1
wP7E2UWx,2026-03-20,1
wQYgyDUr,2025-04-02,1
wQhnkHKP,2025-10-05,1
wQhnkHKP,2025-10-06,1
wQhnkHKP,2025-10-11,1
wR4YumQq,2025-10-01,1
wR4YumQq,2025-10-04,2
wR4YumQq,2025-10-10,1
wR4YumQq,2025-10-12,1
wREcUN2S,2026-07-17,1
wREcUN2S,2026-07-18,1
wREcUN2S,2026-07-21,1
wREcUN2S,2026-07-24,1
wREcUN2S,2026-07-25,2
wREcUN2S,2026-07-29,1
wREcUN2S,2026-07-30,2
wREcUN2S,2026-08-02,1
wREcUN2S,2026-08-04,2
wREcUN2S,2026-08-06,1
wREcUN2S,2026-08-10,1
wREcUN2S,2026-08-11,1
wREcUN2S,2026-08-13,2
wRPXqWQu,2025-09-11,1
wRZ2taIc,2025-03-22,1
wRZ2taIc,2025-03-23,1
wRZ2taIc,2025-03-24,1
wRZ2taIc,2025-03-26,3
wRZ2taIc,2025-03-27,1
wSgU15k4,2026-05-16,1
wSgU15k4,2026-05-24,1
wSgU15k4,2026-06-07,1
wSnqqXTn,2026-02-11,2
wSnqqXTn,2026-02-26,2
wTaI2pEN,2026-05-15,3
wTaI2pEN,2026-05-16,1
wTaI2pEN,2026-05-18,2
wTaI2pEN,2026-05-19,1
wTaI2pEN,2026-05-22,1
wTaI2pEN,2026-05-23,1
wTaI2pEN,2026-06-01,1
wTaI2pEN,2026-06-02,1
wTaI2pEN,2026-06-03,1
wTaI2pEN,2026-06-09,2
wTaI2pEN,2026-06-10,1
wTaI2pEN,2026-06-11,3
wTaI2pEN,2026-06-16,1
wTaI2pEN,2026-06-17,1
wUrjwm0S,2026-02-25,1
wV4N0pHo,2025-05-18,1
wVZ7at82,2025-11-21,1
wVZ7at82,2025-11-22,1
wVZ7at82,2025-11-24,1
wVogUJ35,2025-09-15,4
wVogUJ35,2025-09-16,3
wVogUJ35,2025-09-17,3
wVogUJ35,2025-09-18,2
wVogUJ35,2025-09-19,3
wVogUJ35,2025-09-20,3
wVogUJ35,2025-09-21,1
wVogUJ35,2025-09-22,3
wVogUJ35,2025-09-23,3
wVogUJ35,2025-09-24,1
wVogUJ35,2025-09-25,4
wVogUJ35,2025-09-26,4
wVogUJ35,2025-09-27,1
wVogUJ35,2025-09-28,3
wVogUJ35,2025-09-29,3
wVzN6cEB,2025-03-14,1
wVzN6cEB,2025-03-18,1
wWtZr2Cn,2025-08-01,1
wWyPMjcF,2025-10-19,2
wWyPMjcF,2025-10-28,3
wWyPMjcF,2025-10-30,1
wYEifU5R,2026-03-01,1
wYEifU5R,2026-03-22,1
wYn3lXOU,2026-03-07,1
wYn3lXOU,2026-03-16,1
wYn3lXOU,2026-03-18,1
wZ2fot1j,2025-10-17,3
wZ2fot1j,2025-10-21,1
wZ2fot1j,2025-10-23,1
wZ2fot1j,2025-10-24,1
wZ2fot1j,2025-10-30,1
wZNYpmHH,2025-06-06,1
waKRvWC8,2025-10-25,1
wapnEYzc,2026-07-24,1
wb5DgfES,2025-06-27,2
wb5DgfES,2025-07-02,1
wb5DgfES,2025-07-03,1
wb5DgfES,2025-07-06,1
wb5DgfES,2025-07-09,1
wb5DgfES,2025-07-13,2
wbLL9A04,2026-03-24,1
wbLL9A04,2026-03-31,1
wbLL9A04,2026-04-01,1
wbLL9A04,2026-04-06,1
wbLL9A04,2026-04-07,1
wc6dzeZc,2025-10-09,1
wcsfl8Yn,2025-11-29,1
weUnHVEX,2025-02-22,1
weUnHVEX,2025-02-23,5
weZUHMlE,2026-07-16,1
weZUHMlE,2026-07-17,1
weZUHMlE,2026-07-23,1
weZUHMlE,2026-07-28,1
weZUHMlE,2026-08-02,1
weZUHMlE,2026-08-04,1
weZUHMlE,2026-08-05,1
weZUHMlE,2026-08-09,1
weZUHMlE,2026-08-10,1
weZUHMlE,2026-08-11,1
weZUHMlE,2026-08-13,1
weZUHMlE,2026-08-15,2
weZUHMlE,2026-08-16,1
weZUHMlE,2026-08-17,2
wecal92r,2026-08-03,1
wecal92r,2026-08-06,1
wecal92r,2026-08-08,1
wewv6pCz,2026-07-17,1
wewv6pCz,2026-07-18,1
wewv6pCz,2026-07-19,2
wewv6pCz,2026-07-21,2
wewv6pCz,2026-07-22,1
wewv6pCz,2026-07-23,1
wewv6pCz,2026-07-25,1
wewv6pCz,2026-07-26,1
wewv6pCz,2026-07-27,1
wewv6pCz,2026-07-29,1
wewv6pCz,2026-08-01,1
wewv6pCz,2026-08-03,1
wewv6pCz,2026-08-04,1
wewv6pCz,2026-08-05,1
wewv6pCz,2026-08-08,2
wewv6pCz,2026-08-10,2
wewv6pCz,2026-08-11,1
wewv6pCz,2026-08-12,2
wewv6pCz,2026-08-13,1
wewv6pCz,2026-08-16,1
wf8jqT8s,2025-09-26,1
wfb5yI41,2026-01-02,1
wfb5yI41,2026-01-03,1
wfb5yI41,2026-01-08,1
wfb5yI41,2026-01-09,1
wfb5yI41,2026-01-14,1
wfb5yI41,2026-01-16,1
wfb5yI41,2026-01-22,1
wfpyuf35,2025-10-02,2
wfpyuf35,2025-10-05,1
wg2NCcNF,2025-05-30,1
wg2NCcNF,2025-05-31,1
wg2NCcNF,2025-06-04,1
wg2NCcNF,2025-06-06,1
wg2NCcNF,2025-06-07,1
wg2NCcNF,2025-06-09,1
wg2NCcNF,2025-06-11,1
wg2NCcNF,2025-06-12,1
wg2NCcNF,2025-06-13,1
wg2NCcNF,2025-06-15,1
wg2NCcNF,2025-06-17,2
wg2NCcNF,2025-06-22,1
wg9ckqxi,2026-07-11,1
wgK2mx7w,2025-04-11,1
wgMJKL8p,2026-03-13,1
wgWGOUlX,2025-06-20,1
wgWGOUlX,2025-06-21,1
wgWGOUlX,2025-06-24,1
whQ3M03q,2025-08-27,1
whm787fl,2026-02-28,1
whm787fl,2026-03-02,3
whm787fl,2026-03-03,4
whm787fl,2026-03-04,3
whm787fl,2026-03-06,2
whm787fl,2026-03-07,1
whm787fl,2026-03-10,2
whm787fl,2026-03-11,2
whm787fl,2026-03-13,1
whm787fl,2026-03-14,1
whm787fl,2026-03-15,3
whm787fl,2026-03-16,3
whm787fl,2026-03-18,1
whm787fl,2026-03-19,1
whm787fl,2026-03-20,5
whm787fl,2026-03-21,1
wiSwqXtz,2025-05-07,1
wjJtHSrT,2026-02-16,1
wjJtHSrT,2026-02-17,1
wjJtHSrT,2026-02-19,1
wjJtHSrT,2026-02-26,1
wjS7lhjE,2026-07-20,2
wjS7lhjE,2026-07-26,1
wjS7lhjE,2026-07-30,1
wjS7lhjE,2026-08-13,1
wjiZIAIU,2025-03-31,2
wkP2i94a,2025-09-09,2
wkP2i94a,2025-09-10,1
wkP2i94a,2025-09-12,3
wkP2i94a,2025-09-13,1
wkmnwm65,2025-09-06,2
wkmnwm65,2025-09-07,1
wlKuML2N,2026-02-12,1
wlKuML2N,2026-02-14,1
wlKuML2N,2026-02-18,1
wmJTNUR5,2026-02-23,2
wmxqfRxr,2025-02-22,1
wmxqfRxr,2025-02-26,1
wnA2IOmm,2026-08-19,1
wnA2IOmm,2026-08-30,2
wnA2IOmm,2026-09-05,1
wnA2IOmm,2026-09-08,1
wnA2IOmm,2026-09-11,1
wnA2IOmm,2026-09-12,2
wnA2IOmm,2026-09-13,1
wnA2IOmm,2026-09-18,1
wnA2IOmm,2026-09-19,2
wnA2IOmm,2026-09-20,1
wnekNEKi,2025-09-10,1
wnekNEKi,2025-09-11,1
wnekNEKi,2025-09-12,1
woFATwL6,2025-02-22,1
woFATwL6,2025-02-23,1
wp0QM46r,2025-06-30,1
wp0QM46r,2025-07-01,2
wp0QM46r,2025-07-06,1
wp0QM46r,2025-07-07,1
wp0QM46r,2025-07-09,1
wp0QM46r,2025-07-11,2
wpJUhPfz,2025-06-17,1
wpJUhPfz,2025-06-18,1
wpd3ZDG9,2026-07-19,1
wpd3ZDG9,2026-07-20,1
wpd3ZDG9,2026-07-22,1
wpd3ZDG9,2026-07-23,1
wpd3ZDG9,2026-07-24,1
wpd3ZDG9,2026-07-31,2
wpd3ZDG9,2026-08-04,1
wpd3ZDG9,2026-08-06,1
wpd3ZDG9,2026-08-07,1
wpd3ZDG9,2026-08-09,2
wpd3ZDG9,2026-08-13,3
wpd3ZDG9,2026-08-15,2
wqjEE6Ju,2025-06-01,2
wqjEE6Ju,2025-06-03,25
wqjEE6Ju,2025-06-04,14
wqjEE6Ju,2025-06-05,10
wqjEE6Ju,2025-06-06,19
wqjEE6Ju,2025-06-07,7
wqjEE6Ju,2025-06-09,10
wqjEE6Ju,2025-06-11,3
wrNvLiEZ,2026-06-02,1
wrNvLiEZ,2026-06-04,1
ws1BJ2H1,2025-11-03,1
wswHeiif,2025-10-26,1
wtYVmvFk,2025-07-08,1
wtYVmvFk,2025-07-13,1
wtaLXh9w,2025-03-18,1
wtppwY5e,2025-06-07,1
wuZ3noTE,2026-01-01,4
wuZ3noTE,2026-01-02,1
wuZ3noTE,2026-01-04,1
wuZ3noTE,2026-01-05,1
wuZ3noTE,2026-01-09,1
wuZ3noTE,2026-01-18,2
wuZ3noTE,2026-01-25,1
wuZ3noTE,2026-02-02,2
wvEgdgsw,2026-03-07,1
wvyF8EGF,2025-05-28,1
wvyF8EGF,2025-06-07,2
ww6hQwnd,2026-01-29,1
ww7qROql,2025-11-08,1
wwM2vAJQ,2025-05-18,1
wwM2vAJQ,2025-05-20,4
wwM2vAJQ,2025-05-22,6
wwM2vAJQ,2025-05-23,1
wwjXeseu,2026-08-07,1
wwjXeseu,2026-08-13,1
wxl9tGHJ,2026-02-28,1
wyVTJ9SW,2025-06-23,1
wyjokvCR,2025-11-19,1
wyqd8f70,2025-04-06,1
x00dv5aK,2025-11-18,2
x01wEj56,2025-03-06,1
x0IwiIkU,2026-05-04,7
x0IwiIkU,2026-05-10,8
x0tEocBN,2025-11-30,1
x0tEocBN,2025-12-14,1
x1CgDZIi,2026-06-08,1
x1b6wv31,2026-06-23,1
x1b6wv31,2026-06-26,2
x1b6wv31,2026-06-30,2
x1b6wv31,2026-07-01,3
x1b6wv31,2026-07-03,1
x1b6wv31,2026-07-04,1
x1b6wv31,2026-07-08,3
x1b6wv31,2026-07-10,2
x1b6wv31,2026-07-13,2
x1b6wv31,2026-07-14,1
x1yCeUqM,2025-09-25,1
x2iZRQ7b,2025-06-24,1
x2wolGsI,2026-04-17,7
x2wolGsI,2026-04-21,1
x2wolGsI,2026-04-22,1
x2wolGsI,2026-05-05,2
x2wolGsI,2026-05-09,1
x3HuSD8j,2026-08-19,1
x3LsEktn,2025-01-14,2
x3LsEktn,2025-01-26,1
x3S5eJDH,2026-01-08,2
x4F3FfZ8,2026-05-23,1
x4F3FfZ8,2026-05-27,1
x4F3FfZ8,2026-06-06,1
x4F3FfZ8,2026-06-07,1
x4F3FfZ8,2026-06-10,1
x4F3FfZ8,2026-06-13,1
x4F3FfZ8,2026-06-14,1
x4F3FfZ8,2026-06-15,1
x4F3FfZ8,2026-06-21,3
x4V1kGFC,2025-09-30,1
x4WZlueU,2024-12-26,1
x4WZlueU,2024-12-27,1
x4bTICXc,2026-03-06,2
x4bTICXc,2026-03-10,1
x4bTICXc,2026-03-15,1
x4bTICXc,2026-03-18,1
x4bTICXc,2026-03-19,1
x4bTICXc,2026-03-20,1
x5F7rTkK,2025-07-17,1
x5F7rTkK,2025-07-26,1
x5UoaBiu,2024-12-31,2
x6NXdvaK,2024-12-31,1
x6NXdvaK,2025-01-02,1
x6NXdvaK,2025-01-03,1
x6NXdvaK,2025-01-04,2
x6NXdvaK,2025-01-06,1
x6NXdvaK,2025-01-13,1
x6NXdvaK,2025-01-17,1
x6NXdvaK,2025-01-21,1
x6NXdvaK,2025-01-26,1
x6NXdvaK,2025-01-28,1
x6NXdvaK,2025-02-03,1
x6NXdvaK,2025-02-04,1
x7IkrVDg,2024-12-27,1
x84vE57t,2026-07-17,1
x8esnmIv,2025-08-26,1
x8esnmIv,2025-08-28,1
x8esnmIv,2025-09-01,1
x8esnmIv,2025-09-02,6
x8esnmIv,2025-09-03,1
x9CJ2k0v,2025-12-30,1
x9CJ2k0v,2026-01-01,3
x9CJ2k0v,2026-01-05,1
x9CJ2k0v,2026-01-06,1
x9CJ2k0v,2026-01-08,1
x9CJ2k0v,2026-01-09,3
x9CJ2k0v,2026-01-10,2
x9CJ2k0v,2026-01-11,3
x9CJ2k0v,2026-01-14,1
x9CJ2k0v,2026-01-15,1
x9CJ2k0v,2026-01-19,2
x9CJ2k0v,2026-01-21,1
x9CJ2k0v,2026-01-22,2
x9CJ2k0v,2026-01-23,1
x9CJ2k0v,2026-01-25,1
x9CJ2k0v,2026-01-26,1
x9CJ2k0v,2026-01-28,1
x9CJ2k0v,2026-01-30,1
x9CJ2k0v,2026-01-31,2
x9CJ2k0v,2026-02-01,5
x9CJ2k0v,2026-02-02,1
x9PJfneG,2026-06-01,1
x9PJfneG,2026-06-20,1
xA0D8WFQ,2026-06-28,1
xA0D8WFQ,2026-06-29,1
xA0D8WFQ,2026-07-03,2
xA0D8WFQ,2026-07-08,1
xA0D8WFQ,2026-07-13,2
xA7dCbiU,2024-12-30,1
xA7dCbiU,2024-12-31,1
xA7dCbiU,2025-01-01,1
xA7dCbiU,2025-01-03,1
xA7dCbiU,2025-01-05,1
xA7dCbiU,2025-01-10,1
xA7dCbiU,2025-01-20,1
xA7dCbiU,2025-01-31,1
xAHA7ioM,2025-11-10,1
xAdaTBnO,2026-02-01,1
xBDDVMQh,2025-03-23,1
xBhj2pWE,2026-03-06,1
xBwRHFN4,2026-08-14,1
xC4VZcoN,2024-12-27,1
xC4VZcoN,2024-12-28,1
xC9dZnjT,2025-01-22,1
xC9dZnjT,2025-01-24,1
xC9dZnjT,2025-01-29,1
xCaxyipb,2026-03-29,1
xCpdJvME,2026-02-08,1
xCpdJvME,2026-02-09,1
xCpdJvME,2026-02-13,1
xCpdJvME,2026-02-17,2
xCpdJvME,2026-02-20,1
xCpdJvME,2026-02-21,1
xCpdJvME,2026-02-22,2
xD4kF8EB,2025-11-19,1
xD8eD8ZV,2026-02-03,1
xD8eD8ZV,2026-02-15,1
xD8eD8ZV,2026-02-16,2
xD8eD8ZV,2026-02-18,1
xD8eD8ZV,2026-02-20,1
xD8eD8ZV,2026-02-24,1
xE0KU5Z8,2025-06-03,1
xE0KU5Z8,2025-06-20,1
xF29wXbu,2026-09-19,1
xF29wXbu,2026-09-20,2
xF9Sb8xd,2025-10-11,1
xFKDht0W,2025-06-18,1
xG7EtkKP,2025-01-03,1
xG7EtkKP,2025-01-18,1
xGFpxEog,2025-12-31,1
xGS2lmfl,2025-10-16,2
xGS2lmfl,2025-10-23,1
xGf5vh0Z,2026-05-16,1
xGf5vh0Z,2026-05-28,1
xGf5vh0Z,2026-06-06,1
xGf5vh0Z,2026-06-07,1
xH0uylE9,2025-08-11,1
xH0uylE9,2025-08-18,2
xH0uylE9,2025-08-19,2
xH0uylE9,2025-08-22,1
xH0uylE9,2025-08-23,2
xH0uylE9,2025-08-24,1
xI8hT5oh,2026-06-02,2
xIDyml0X,2026-02-09,1
xIDyml0X,2026-02-11,1
xIDyml0X,2026-02-12,1
xIDyml0X,2026-02-13,1
xIDyml0X,2026-02-14,1
xIDyml0X,2026-02-15,1
xIDyml0X,2026-02-16,1
xIDyml0X,2026-02-18,2
xIDyml0X,2026-02-20,1
xIDyml0X,2026-02-21,1
xIDyml0X,2026-02-22,1
xIDyml0X,2026-02-26,3
xIhcsW3V,2026-06-24,1
xIhcsW3V,2026-06-26,1
xIhcsW3V,2026-06-27,1
xIhcsW3V,2026-07-11,1
xIhcsW3V,2026-07-13,1
xJG6d9gp,2026-06-07,1
xJfd4GYl,2025-04-11,1
xK7JYzoq,2025-09-15,1
xK7JYzoq,2025-09-27,2
xKI4mo47,2025-04-10,2
xL3dVktX,2025-07-31,1
xLhfvY9t,2026-04-21,3
xLhfvY9t,2026-05-09,1
xM09z6A0,2026-02-03,2
xM09z6A0,2026-02-06,4
xM09z6A0,2026-02-07,1
xM09z6A0,2026-02-11,2
xM09z6A0,2026-02-12,1
xM09z6A0,2026-02-13,1
xM09z6A0,2026-02-14,1
xM09z6A0,2026-02-16,1
xM09z6A0,2026-02-17,3
xM09z6A0,2026-02-19,1
xM09z6A0,2026-02-21,2
xM09z6A0,2026-02-22,1
xM09z6A0,2026-02-24,2
xM09z6A0,2026-02-26,3
xMCBD8Pz,2025-08-12,1
xMKzMC0Y,2025-08-11,2
xMKzMC0Y,2025-08-17,1
xMKzMC0Y,2025-08-18,1
xMKzMC0Y,2025-08-21,2
xO2cwkln,2026-07-18,2
xO2cwkln,2026-07-19,4
xO2cwkln,2026-07-20,1
xO2cwkln,2026-07-25,1
xO2cwkln,2026-07-31,1
xO2cwkln,2026-08-07,1
xO2cwkln,2026-08-14,2
xOAu7Z10,2026-08-20,1
xOAu7Z10,2026-08-22,1
xOAu7Z10,2026-08-30,1
xOAu7Z10,2026-09-01,1
xOAu7Z10,2026-09-03,1
xOAu7Z10,2026-09-04,1
xOrjzOMh,2025-07-18,1
xP7RvVwS,2025-02-02,1
xPXV8hd7,2026-08-19,1
xPXV8hd7,2026-08-22,2
xPXV8hd7,2026-08-23,1
xPXV8hd7,2026-08-29,2
xPXV8hd7,2026-08-30,2
xPXV8hd7,2026-09-05,1
xPXV8hd7,2026-09-09,2
xPXV8hd7,2026-09-11,1
xPXV8hd7,2026-09-16,2
xPXV8hd7,2026-09-18,1
xPXV8hd7,2026-09-19,11
xPXV8hd7,2026-09-20,18
xPXV8hd7,2026-09-21,4
xRg9cHCO,2025-10-01,1
xRg9cHCO,2025-10-04,1
xRg9cHCO,2025-10-05,1
xRg9cHCO,2025-10-06,1
xRg9cHCO,2025-10-07,1
xRg9cHCO,2025-10-10,3
xRg9cHCO,2025-10-11,1
xRg9cHCO,2025-10-14,2
xTVxCfui,2026-06-14,2
xTk0Sov0,2025-08-23,1
xU0QLBWx,2026-04-19,1
xU0QLBWx,2026-04-24,1
xU0QLBWx,2026-04-29,1
xU0QLBWx,2026-05-01,1
xU0QLBWx,2026-05-04,2
xU0QLBWx,2026-05-05,1
xU0QLBWx,2026-05-06,1
xUQFKPTh,2026-04-13,1
xUYvh3j3,2026-02-08,1
xUYvh3j3,2026-02-09,1
xUYvh3j3,2026-02-15,1
xUYvh3j3,2026-02-16,1
xUYvh3j3,2026-02-19,1
xUYvh3j3,2026-02-22,1
xUYvh3j3,2026-02-23,1
xVBxju80,2026-03-01,1
xVBxju80,2026-03-18,1
xVBxju80,2026-03-20,1
xVbCwwHO,2025-11-20,1
xVbCwwHO,2025-11-25,1
xVbCwwHO,2025-11-28,1
xVuIXPev,2026-08-19,3
xVuIXPev,2026-08-21,2
xVuIXPev,2026-08-22,1
xVuIXPev,2026-08-23,2
xVuIXPev,2026-08-24,1
xVuIXPev,2026-08-29,2
xVuIXPev,2026-08-30,1
xVuIXPev,2026-09-03,1
xVuIXPev,2026-09-04,2
xVuIXPev,2026-09-08,1
xVuIXPev,2026-09-09,1
xVuIXPev,2026-09-10,2
xVuIXPev,2026-09-11,1
xVuIXPev,2026-09-12,1
xVuIXPev,2026-09-13,1
xVuIXPev,2026-09-16,2
xVuIXPev,2026-09-17,2
xVuIXPev,2026-09-18,1
xVuIXPev,2026-09-19,3
xVuIXPev,2026-09-20,2
xVuIXPev,2026-09-21,2
xWmGKcwr,2025-09-09,1
xWmGKcwr,2025-09-11,1
xWmoWgYd,2025-05-05,1
xWmoWgYd,2025-05-11,1
xWmoWgYd,2025-05-14,1
xX48nusk,2025-04-29,1
xXKa5vyE,2026-07-22,1
xY9j4str,2026-08-17,1
xYeSyAsf,2026-01-05,1
xYeSyAsf,2026-01-18,1
xYeSyAsf,2026-01-24,1
xYktnEcb,2025-07-14,1
xYktnEcb,2025-07-15,2
xYktnEcb,2025-07-16,2
xYktnEcb,2025-07-17,1
xYktnEcb,2025-07-18,2
xYktnEcb,2025-07-19,2
xYktnEcb,2025-07-20,1
xYktnEcb,2025-07-21,1
xYktnEcb,2025-07-22,1
xYktnEcb,2025-07-24,1
xYktnEcb,2025-07-25,5
xYktnEcb,2025-07-29,5
xZLGNwwu,2025-05-02,2
xZLGNwwu,2025-05-09,1
xaidOjtF,2025-03-14,1
xboqy4Ip,2026-03-06,1
xboqy4Ip,2026-03-07,1
xboqy4Ip,2026-03-08,75
xboqy4Ip,2026-03-09,1
xboqy4Ip,2026-03-17,22
xboqy4Ip,2026-03-18,29
xboqy4Ip,2026-03-19,13
xboqy4Ip,2026-03-20,16
xboqy4Ip,2026-03-21,11
xbt0g6KE,2026-05-17,1
xcC1ZmXb,2025-11-04,1
xcSpgGBZ,2026-01-06,1
xcSpgGBZ,2026-01-15,1
xcSpgGBZ,2026-01-17,1
xcSpgGBZ,2026-01-19,1
xcSpgGBZ,2026-01-20,1
xcSpgGBZ,2026-01-24,1
xcSpgGBZ,2026-01-28,1
xdAS8uG8,2025-04-14,1
xdCnrOGc,2025-05-02,1
xdCnrOGc,2025-05-05,1
xdD8gUQP,2026-05-21,1
xdD8gUQP,2026-06-16,1
xdD8gUQP,2026-06-20,1
xdPb2Nzz,2026-03-02,1
xdPb2Nzz,2026-03-10,1
xdPb2Nzz,2026-03-17,1
xdPb2Nzz,2026-03-22,1
xdpKSxlP,2025-11-08,1
xee3UTKp,2025-03-22,1
xekZdcKi,2025-02-24,1
xfbIxCUQ,2026-08-09,1
xhVJkOt3,2025-11-29,2
xhVJkOt3,2025-12-04,1
xi8prgma,2025-08-01,1
xi8prgma,2025-08-02,1
xj36ez1W,2026-04-27,1
xj36ez1W,2026-04-28,1
xj36ez1W,2026-05-01,1
xjkAOPep,2026-08-15,1
xlh4B79P,2026-04-17,1
xlmiNalu,2025-12-01,1
xlmiNalu,2025-12-05,2
xlmiNalu,2025-12-08,5
xlmiNalu,2025-12-16,1
xm2lJRzO,2025-04-15,1
xmvAJF2F,2025-03-09,1
xmxCRPMu,2026-09-05,1
xmz2WPjx,2025-08-26,3
xmz2WPjx,2025-08-27,4
xmz2WPjx,2025-08-28,2
xmz2WPjx,2025-08-29,2
xmz2WPjx,2025-08-30,4
xmz2WPjx,2025-09-01,1
xmz2WPjx,2025-09-02,1
xmz2WPjx,2025-09-04,3
xmz2WPjx,2025-09-05,3
xn2RRMRv,2025-09-14,1
xn2RRMRv,2025-09-15,1
xn2RRMRv,2025-09-17,2
xoRHEx95,2025-04-14,1
xolSpCar,2025-03-01,1
xolSpCar,2025-03-03,1
xolSpCar,2025-03-04,2
xolSpCar,2025-03-08,1
xp1W76TP,2026-08-28,1
xp1W76TP,2026-09-04,1
xp1W76TP,2026-09-05,1
xp1W76TP,2026-09-15,1
xp1W76TP,2026-09-16,1
xp1W76TP,2026-09-18,1
xp1W76TP,2026-09-19,5
xp1W76TP,2026-09-20,6
xp1W76TP,2026-09-21,2
xp983EbZ,2026-03-24,1
xp983EbZ,2026-03-27,1
xp983EbZ,2026-03-31,1
xp983EbZ,2026-04-05,1
xp983EbZ,2026-04-09,3
xp983EbZ,2026-04-10,1
xp983EbZ,2026-04-11,2
xp983EbZ,2026-04-12,2
xqZOMdRe,2025-11-29,1
xqcoFwZB,2025-06-16,1
xqo7gxVP,2025-04-06,1
xqzeQ2Pi,2026-02-27,4
xqzeQ2Pi,2026-02-28,1
xqzeQ2Pi,2026-03-08,1
xqzeQ2Pi,2026-03-09,5
xqzeQ2Pi,2026-03-11,1
xqzeQ2Pi,2026-03-12,1
xqzeQ2Pi,2026-03-13,3
xqzeQ2Pi,2026-03-14,1
xqzeQ2Pi,2026-03-17,1
xqzeQ2Pi,2026-03-18,1
xqzeQ2Pi,2026-03-19,1
xqzeQ2Pi,2026-03-20,1
xrXRiSaG,2025-10-04,2
xrXRiSaG,2025-10-10,1
xrXRiSaG,2025-10-11,1
xredOV7Z,2025-04-03,1
xsfRXD2Y,2026-05-27,1
xsfRXD2Y,2026-05-31,1
xsiI2UCs,2026-04-04,1
xt4Cm0kE,2026-03-13,1
xt4Cm0kE,2026-03-14,1
xtcKAMNT,2025-07-29,1
xtvjebX8,2026-09-08,1
xtvjebX8,2026-09-11,1
xtvjebX8,2026-09-19,2
xtvjebX8,2026-09-21,2
xuyleMrp,2025-11-24,2
xv2nqM9e,2026-03-06,1
xv2nqM9e,2026-03-19,1
xvglPeOJ,2026-02-05,1
xvglPeOJ,2026-02-07,2
xvglPeOJ,2026-02-08,1
xvglPeOJ,2026-02-15,1
xvglPeOJ,2026-02-19,2
xvglPeOJ,2026-02-22,1
xw2MELOs,2026-07-12,1
xy4v9qtD,2026-04-01,1
y0motwH5,2026-06-24,2
y0motwH5,2026-06-25,1
y0motwH5,2026-06-27,2
y0motwH5,2026-06-28,1
y0motwH5,2026-07-05,1
y0motwH5,2026-07-13,1
y0motwH5,2026-07-14,1
y0s1DA5g,2025-12-09,1
y14cmzef,2025-04-13,1
y1jxU4XM,2026-04-12,1
y1jxU4XM,2026-04-13,1
y1jxU4XM,2026-04-14,1
y1jxU4XM,2026-04-15,1
y1y6bIZf,2025-11-19,3
y1y6bIZf,2025-11-23,1
y1y6bIZf,2025-11-26,1
y28Pun6V,2025-05-02,1
y2L6cmPx,2025-01-31,1
y2huR3PI,2025-03-21,1
y3BtI4Zh,2025-05-18,2
y3BtI4Zh,2025-05-20,1
y3BtI4Zh,2025-05-21,1
y3BtI4Zh,2025-05-22,1
y3BtI4Zh,2025-05-24,1
y3BtI4Zh,2025-05-26,1
y3BtI4Zh,2025-05-27,5
y3BtI4Zh,2025-05-28,1
y3MZEaub,2024-12-27,1
y3MZEaub,2024-12-30,1
y4HCOf1W,2025-08-29,1
y4R45HRr,2026-05-19,1
y4R45HRr,2026-06-04,1
y4xNTjI2,2025-02-14,1
y4xNTjI2,2025-02-15,1
y4xNTjI2,2025-02-16,2
y4xNTjI2,2025-02-17,1
y4xNTjI2,2025-02-18,3
y4xNTjI2,2025-02-19,1
y4xNTjI2,2025-02-20,3
y4xNTjI2,2025-02-21,1
y5B9RLgd,2025-01-24,1
y5LjVvU2,2025-02-26,1
y5LjVvU2,2025-02-28,1
y5LlXQHY,2025-10-22,1
y5LlXQHY,2025-11-01,1
y5SNg82X,2025-01-26,13
y5cR5VUv,2025-08-28,1
y5ujhJhv,2025-10-06,1
y5ujhJhv,2025-10-10,1
y67G0fyY,2026-07-16,1
y67G0fyY,2026-07-19,1
y67G0fyY,2026-07-21,1
y67G0fyY,2026-07-27,1
y67G0fyY,2026-08-02,1
y67G0fyY,2026-08-07,1
y67G0fyY,2026-08-09,1
y67G0fyY,2026-08-10,2
y67G0fyY,2026-08-11,1
y67G0fyY,2026-08-13,2
y67G0fyY,2026-08-15,2
y67G0fyY,2026-08-16,1
y69uzTOC,2025-08-03,1
y6KhTElB,2025-07-17,3
y6Yioj8m,2024-12-28,6
y6Yioj8m,2024-12-29,1
y6Yioj8m,2024-12-31,1
y6Yioj8m,2025-01-03,1
y6Yioj8m,2025-01-07,1
y6Yioj8m,2025-01-09,1
y6Yioj8m,2025-01-14,1
y6Yioj8m,2025-01-16,1
y6Yioj8m,2025-01-19,1
y6Yioj8m,2025-01-22,1
y6Yioj8m,2025-01-24,1
y6Yioj8m,2025-02-01,2
y8ET2Skp,2024-12-27,4
y8OPfkOB,2026-05-28,1
y9hHczrR,2025-08-27,2
y9hHczrR,2025-08-28,1
y9hHczrR,2025-08-29,2
y9hHczrR,2025-08-31,2
y9hHczrR,2025-09-02,1
y9hHczrR,2025-09-03,1
y9hHczrR,2025-09-05,1
y9oVpUgN,2025-04-08,1
y9oVpUgN,2025-04-10,1
y9xYxXKk,2025-03-04,1
y9xYxXKk,2025-03-05,1
y9xYxXKk,2025-03-06,1
yA0kbbjM,2025-10-18,1
yA1gv5QM,2025-09-15,1
yA1gv5QM,2025-09-18,1
yA1gv5QM,2025-09-20,1
yA1gv5QM,2025-09-22,1
yA1gv5QM,2025-09-24,2
yA1gv5QM,2025-09-25,2
yA1gv5QM,2025-09-26,1
yA1gv5QM,2025-09-27,1
yA1gv5QM,2025-09-28,1
yA1gv5QM,2025-09-29,1
yA1gv5QM,2025-09-30,1
yA7NxDXA,2026-09-20,1
yB1EtTlY,2025-02-19,1
yBVyS89A,2025-10-06,3
yBVyS89A,2025-10-10,2
yBi4Duts,2025-12-11,1
yBi4Duts,2025-12-14,1
yBndutqA,2026-07-26,1
yBndutqA,2026-07-29,2
yBndutqA,2026-08-01,1
yBndutqA,2026-08-04,1
yBndutqA,2026-08-08,2
yBndutqA,2026-08-10,1
yBndutqA,2026-08-14,1
yBndutqA,2026-08-16,1
yBndutqA,2026-08-17,1
yD3BKa4h,2024-12-31,2
yD3BKa4h,2025-01-01,2
yD3BKa4h,2025-01-02,1
yD3BKa4h,2025-01-03,2
yD3BKa4h,2025-01-04,2
yD3BKa4h,2025-01-05,1
yD3BKa4h,2025-01-06,1
yD3BKa4h,2025-01-07,1
yD3BKa4h,2025-01-08,1
yD3BKa4h,2025-01-09,1
yD3BKa4h,2025-01-10,1
yD3BKa4h,2025-01-11,2
yD3BKa4h,2025-01-12,1
yD3BKa4h,2025-01-13,1
yD3BKa4h,2025-01-14,1
yD3BKa4h,2025-01-15,1
yD3BKa4h,2025-01-17,11
yD3BKa4h,2025-01-18,3
yD3BKa4h,2025-01-19,1
yD3BKa4h,2025-01-20,1
yD3BKa4h,2025-01-21,1
yD3BKa4h,2025-01-22,1
yD3BKa4h,2025-01-23,3
yD3BKa4h,2025-01-24,2
yD3BKa4h,2025-01-25,2
yD3BKa4h,2025-01-26,1
yD3BKa4h,2025-01-27,1
yD3BKa4h,2025-01-28,6
yD3BKa4h,2025-01-29,1
yD3BKa4h,2025-01-30,1
yD3BKa4h,2025-01-31,2
yD3BKa4h,2025-02-01,1
yD3BKa4h,2025-02-02,1
yD3BKa4h,2025-02-03,1
yD3BKa4h,2025-02-04,2
yDAri2iW,2026-08-18,1
yDgiOqkX,2026-04-27,1
yDjp2mRO,2025-02-23,1
yDjp2mRO,2025-02-24,1
yDlffBeB,2026-03-23,2
yDlffBeB,2026-03-24,1
yDlffBeB,2026-03-28,1
yDlffBeB,2026-04-06,1
yDlffBeB,2026-04-07,1
yDyTQFTn,2025-11-21,2
yDyTQFTn,2025-11-23,1
yDyTQFTn,2025-11-24,1
yDyTQFTn,2025-11-27,1
yDybW92C,2025-03-23,1
yE18lhOd,2025-12-31,1
yE82otZ5,2024-12-26,1
yEZmYfti,2025-10-06,1
yEZmYfti,2025-10-07,1
yEZmYfti,2025-10-08,1
yEZmYfti,2025-10-10,3
yEz99UrB,2025-10-03,1
yEz99UrB,2025-10-10,1
yF5L7X1p,2025-05-28,3
yF5L7X1p,2025-05-29,1
yF5L7X1p,2025-05-31,1
yF5L7X1p,2025-06-01,1
yF5L7X1p,2025-06-02,1
yF5L7X1p,2025-06-03,1
yF5L7X1p,2025-06-04,1
yF5L7X1p,2025-06-05,1
yF5L7X1p,2025-06-06,1
yF5L7X1p,2025-06-07,1
yF5L7X1p,2025-06-08,1
yF5L7X1p,2025-06-09,1
yF5L7X1p,2025-06-10,1
yF5L7X1p,2025-06-11,1
yF5L7X1p,2025-06-12,1
yF5L7X1p,2025-06-13,1
yF5L7X1p,2025-06-14,1
yF5L7X1p,2025-06-15,1
yF5L7X1p,2025-06-16,1
yF5L7X1p,2025-06-17,1
yF5L7X1p,2025-06-18,1
yF5L7X1p,2025-06-19,1
yF5L7X1p,2025-06-20,1
yF5L7X1p,2025-06-21,1
yF5L7X1p,2025-06-22,1
yF5L7X1p,2025-06-23,1
yF5L7X1p,2025-06-24,1
yF5L7X1p,2025-06-25,1
yF5L7X1p,2025-06-26,1
yFLWMPVp,2025-09-17,1
yFLWMPVp,2025-09-25,3
yFLWMPVp,2025-09-26,1
yFLWMPVp,2025-09-29,1
yG5st8hq,2026-06-24,2
yG5st8hq,2026-07-01,1
yG5st8hq,2026-07-09,2
yG5st8hq,2026-07-10,2
yG5st8hq,2026-07-11,1
yG5st8hq,2026-07-13,1
yG5st8hq,2026-07-14,2
yGY81QLu,2025-03-21,1
yGY81QLu,2025-03-23,1
yGuexMd8,2025-03-21,1
yI5owvi1,2025-08-29,1
yI5owvi1,2025-09-01,1
yI5owvi1,2025-09-04,1
yIOZtDpy,2025-09-15,2
yIOZtDpy,2025-09-16,9
yIOZtDpy,2025-09-17,2
yIOZtDpy,2025-09-18,1
yIOZtDpy,2025-09-21,1
yIOZtDpy,2025-09-23,1
yIOZtDpy,2025-09-26,2
yIOZtDpy,2025-09-27,1
yIOZtDpy,2025-09-28,1
yIOZtDpy,2025-09-29,1
yIOZtDpy,2025-09-30,1
yJNkgS4r,2025-09-15,1
yJNkgS4r,2025-09-28,1
yJVgh9Jo,2025-11-30,1
yJVgh9Jo,2025-12-01,1
yJVgh9Jo,2025-12-09,1
yJpzkOMN,2025-09-19,1
yJvs7E12,2026-08-28,1
yK5XPupP,2025-10-13,1
yKDe69Yx,2025-09-15,2
yKDe69Yx,2025-09-20,1
yKDe69Yx,2025-09-24,1
yKDe69Yx,2025-09-25,1
yKv6qRzX,2026-03-28,1
yKv6qRzX,2026-03-30,1
yKv6qRzX,2026-04-02,2
yLT3ABpb,2025-06-19,1
yLkWXxr3,2026-05-24,1
yN09z6DB,2024-12-27,1
yNGJdEah,2025-05-08,1
yNGJdEah,2025-05-11,1
yNGJdEah,2025-05-13,1
yNtyVyef,2025-03-01,1
yOOfNlpD,2026-05-04,1
yOOfNlpD,2026-05-07,1
yOOfNlpD,2026-05-11,2
yPllc3iQ,2025-11-08,1
yQ9p3oEo,2026-03-28,1
yQ9p3oEo,2026-04-07,1
yQhqwwKg,2025-11-18,1
yQhqwwKg,2025-11-19,2
yQhqwwKg,2025-11-22,1
yQhqwwKg,2025-11-23,1
yQtuOFmw,2025-11-08,1
yQyMDyxV,2025-04-09,1
yR8Tw6Pe,2026-02-19,1
yRRajAXw,2025-02-20,1
yRke9tMy,2025-06-29,2
yRke9tMy,2025-07-02,1
yRke9tMy,2025-07-11,1
ySSIaCqT,2026-09-20,2
ySSIaCqT,2026-09-21,4
yTnZNMJO,2025-05-15,1
yU354Z7A,2024-12-26,2
yU7XGCLd,2025-02-03,1
yU7rq1pX,2026-01-10,1
yUOnXzZr,2026-04-01,1
yUOnXzZr,2026-04-05,1
yUOnXzZr,2026-04-09,1
yUOnXzZr,2026-04-13,1
yV76ihgp,2025-12-15,2
yV9s60kX,2025-09-15,2
yVH4YJm9,2026-05-15,1
yVH4YJm9,2026-05-18,2
yVH4YJm9,2026-05-21,1
yVH4YJm9,2026-05-22,2
yVH4YJm9,2026-05-23,1
yVH4YJm9,2026-05-25,1
yVH4YJm9,2026-05-26,2
yVH4YJm9,2026-05-30,2
yVH4YJm9,2026-05-31,1
yVH4YJm9,2026-06-02,5
yVH4YJm9,2026-06-05,1
yVH4YJm9,2026-06-06,1
yVH4YJm9,2026-06-07,2
yVH4YJm9,2026-06-09,2
yVH4YJm9,2026-06-10,1
yVH4YJm9,2026-06-11,1
yVH4YJm9,2026-06-20,1
yVH4YJm9,2026-06-21,1
yVH4YJm9,2026-06-22,1
yVPdiIKb,2025-08-29,1
yVPdiIKb,2025-08-31,1
yVcgov2o,2025-11-25,1
yVcgov2o,2025-11-27,1
yVcgov2o,2025-11-28,1
yVf0hroA,2025-03-22,1
yWXKPMUC,2026-01-07,1
yWXKPMUC,2026-01-16,1
yWXKPMUC,2026-01-17,1
yWXKPMUC,2026-01-23,1
yWeOUjiV,2025-02-07,1
yWeOUjiV,2025-02-08,1
yXd5QiC6,2025-09-10,1
yYPsniJy,2026-06-23,1
yZJM4Aug,2026-08-14,1
yZM6yy1V,2025-03-26,1
yapesArl,2025-09-28,1
yas40paI,2025-03-23,1
yas40paI,2025-03-24,1
yaxH7rYE,2025-05-18,3
yaxH7rYE,2025-05-19,2
yaxH7rYE,2025-05-21,2
yaxH7rYE,2025-05-26,1
yaxH7rYE,2025-05-27,4
ybC7o9RI,2025-04-14,1
ybT7ctd4,2026-05-17,1
ybT7ctd4,2026-05-18,1
ybT7ctd4,2026-05-19,1
ybT7ctd4,2026-05-23,2
ybT7ctd4,2026-05-24,2
ybT7ctd4,2026-05-27,2
ybT7ctd4,2026-05-30,3
ybT7ctd4,2026-05-31,2
ybT7ctd4,2026-06-06,1
ybT7ctd4,2026-06-07,4
ybT7ctd4,2026-06-08,3
ybT7ctd4,2026-06-09,2
ybT7ctd4,2026-06-10,4
ybT7ctd4,2026-06-11,5
ybT7ctd4,2026-06-12,8
ybT7ctd4,2026-06-13,3
ybT7ctd4,2026-06-14,3
ybT7ctd4,2026-06-15,4
ybT7ctd4,2026-06-16,4
ybT7ctd4,2026-06-17,4
ybT7ctd4,2026-06-18,6
ybT7ctd4,2026-06-19,4
ybT7ctd4,2026-06-20,3
ybT7ctd4,2026-06-21,6
ybT7ctd4,2026-06-22,3
ybT7ctd4,2026-06-23,1
ycKhJhPJ,2025-08-27,1
ycYts6MP,2026-05-21,1
ycYts6MP,2026-06-07,1
yfaJldBI,2025-09-15,1
yfaJldBI,2025-09-18,1
yfaJldBI,2025-09-23,1
ygBoVwqo,2025-05-18,2
ygBoVwqo,2025-05-22,1
ygBoVwqo,2025-05-23,1
ygBoVwqo,2025-05-24,1
ygBoVwqo,2025-05-26,1
ygBoVwqo,2025-05-27,1
yhXQDo7Z,2025-08-30,1
yhYLEwaE,2025-04-08,1
yi5M80pG,2025-10-19,2
yi5M80pG,2025-10-20,1
yi5M80pG,2025-10-22,1
yi5M80pG,2025-10-23,1
yi5M80pG,2025-10-27,1
yi5M80pG,2025-10-28,2
yiCCIBgE,2025-12-31,1
yiCCIBgE,2026-01-01,1
yiCCIBgE,2026-01-07,1
yiCCIBgE,2026-01-11,1
yiCCIBgE,2026-01-13,1
yiCCIBgE,2026-01-19,1
yiCCIBgE,2026-01-23,2
yiCCIBgE,2026-01-25,2
yiCCIBgE,2026-01-26,1
yiCCIBgE,2026-02-03,1
yiw3ZHDT,2025-07-04,2
yiw3ZHDT,2025-07-12,1
yjGtkSxJ,2026-09-05,1
yjGtkSxJ,2026-09-07,1
yjGtkSxJ,2026-09-16,1
yjH5EHlU,2025-08-10,1
yjH5EHlU,2025-08-22,3
yjH5EHlU,2025-08-23,1
yjH5EHlU,2025-08-24,1
yjKExSsw,2025-03-20,1
yjRVtoqf,2026-04-09,1
yjRVtoqf,2026-04-10,1
yjWWpmAt,2025-05-09,2
yjWWpmAt,2025-05-11,1
ykWE0NC3,2026-03-05,1
ylhBSWNC,2026-09-10,1
ylhBSWNC,2026-09-20,4
ylhrPlNs,2025-04-26,1
ym2F0hgN,2025-12-23,1
ymXnbuCy,2025-10-28,1
ymeAYT7d,2025-11-06,1
ymeAYT7d,2025-11-07,1
ymeAYT7d,2025-11-16,1
ynPghLfH,2026-08-28,1
ynPghLfH,2026-09-19,1
ynPghLfH,2026-09-21,1
ynm3OrGD,2026-06-18,1
ynm3OrGD,2026-06-19,1
yoLn8Ost,2025-07-15,1
yoLn8Ost,2025-07-17,1
yoLn8Ost,2025-07-19,1
yoLn8Ost,2025-07-23,1
yoLn8Ost,2025-07-29,1
yp99kcM7,2025-09-13,2
ypj85Ruv,2026-07-17,1
ypj85Ruv,2026-07-18,1
ypj85Ruv,2026-07-25,1
ypj85Ruv,2026-08-13,1
ypj85Ruv,2026-08-14,1
ypj85Ruv,2026-08-15,1
ypj85Ruv,2026-08-16,3
ypj85Ruv,2026-08-17,1
ypjr1s4D,2025-09-18,1
ypjr1s4D,2025-09-22,1
ypqaPrO1,2025-11-07,1
ypqaPrO1,2025-11-09,2
ypt4CS8l,2026-02-08,1
ypt7VBnb,2025-10-03,2
yrSQr1uE,2026-09-21,1
ysFHFqRz,2025-06-15,1
ysFHFqRz,2025-06-16,1
ysFHFqRz,2025-06-18,1
ysFHFqRz,2025-06-19,1
ysFHFqRz,2025-06-24,1
yszOdtEE,2026-03-23,3
yszOdtEE,2026-03-24,4
yszOdtEE,2026-03-25,3
yszOdtEE,2026-03-26,3
yszOdtEE,2026-03-27,1
yszOdtEE,2026-03-28,2
yszOdtEE,2026-03-29,1
yszOdtEE,2026-03-30,2
yszOdtEE,2026-03-31,3
yszOdtEE,2026-04-01,4
yszOdtEE,2026-04-02,1
yszOdtEE,2026-04-05,2
yszOdtEE,2026-04-06,2
yszOdtEE,2026-04-07,2
yszOdtEE,2026-04-08,3
yszOdtEE,2026-04-09,1
yszOdtEE,2026-04-10,2
yszOdtEE,2026-04-11,3
yszOdtEE,2026-04-12,5
yszOdtEE,2026-04-13,4
yszOdtEE,2026-04-14,3
yszOdtEE,2026-04-15,2
yv1V14Bb,2025-10-01,2
yv1V14Bb,2025-10-05,1
ywGVXeXq,2025-10-04,1
yyVok7Ma,2025-11-19,1
yyxuirDU,2025-11-07,1
yyxuirDU,2025-11-09,1
yzAKgpaL,2026-07-14,1
yzMGD3gf,2025-03-30,1
yzSXMW3N,2026-03-13,1
yzSXMW3N,2026-03-18,2
z01JXFj8,2026-02-09,1
z01JXFj8,2026-02-11,2
z01JXFj8,2026-02-13,1
z01JXFj8,2026-02-14,1
z01JXFj8,2026-02-16,1
z01JXFj8,2026-02-17,1
z01JXFj8,2026-02-24,1
z01JXFj8,2026-02-26,2
z01OPgxh,2025-03-23,1
z01OPgxh,2025-03-25,1
z0FqiLEx,2025-02-26,1
z0ukXTu9,2025-07-06,2
z0ukXTu9,2025-07-09,1
z0ukXTu9,2025-07-14,1
z1BocI55,2025-08-09,1
z1BocI55,2025-08-18,1
z1BocI55,2025-08-22,2
z1BocI55,2025-08-25,1
z2MEuRVs,2026-08-23,1
z2MEuRVs,2026-09-06,1
z2MEuRVs,2026-09-07,1
z2MEuRVs,2026-09-08,2
z2MEuRVs,2026-09-11,1
z2MEuRVs,2026-09-13,2
z2MEuRVs,2026-09-14,1
z2MEuRVs,2026-09-15,2
z2MEuRVs,2026-09-16,1
z2MEuRVs,2026-09-17,1
z2MEuRVs,2026-09-18,4
z2MEuRVs,2026-09-19,4
z2MEuRVs,2026-09-20,3
z2MEuRVs,2026-09-21,2
z2YuGLfd,2026-04-13,1
z2xkdLhe,2025-12-02,3
z2xkdLhe,2025-12-03,1
z2xkdLhe,2025-12-06,1
z2xkdLhe,2025-12-18,1
z2xkdLhe,2025-12-20,2
z3AXokoP,2025-03-09,1
z3AXokoP,2025-03-18,1
z3ChcBfs,2025-05-31,1
z3SWsHey,2025-03-02,1
z3SWsHey,2025-03-04,4
z3SWsHey,2025-03-05,1
z3dfdQ3w,2026-03-26,1
z3dfdQ3w,2026-04-02,1
z3xImMOC,2025-04-29,1
z4AZ1nb8,2026-05-17,1
z4AZ1nb8,2026-05-27,1
z4AZ1nb8,2026-06-03,1
z4AZ1nb8,2026-06-13,1
z4AZ1nb8,2026-06-23,1
z5JhRgNc,2025-11-09,1
z5RZupXY,2025-01-31,1
z7oN393W,2026-02-22,1
z7skLWv6,2026-02-03,1
z7skLWv6,2026-02-05,2
z7skLWv6,2026-02-06,1
z7skLWv6,2026-02-07,1
z7skLWv6,2026-02-08,2
z7skLWv6,2026-02-09,1
z7skLWv6,2026-02-10,3
z7skLWv6,2026-02-11,1
z7skLWv6,2026-02-12,1
z7skLWv6,2026-02-13,2
z7skLWv6,2026-02-14,2
z7skLWv6,2026-02-15,1
z7skLWv6,2026-02-16,3
z7skLWv6,2026-02-17,2
z7skLWv6,2026-02-18,2
z7skLWv6,2026-02-19,2
z7skLWv6,2026-02-21,5
z7skLWv6,2026-02-23,2
z7skLWv6,2026-02-25,1
z7skLWv6,2026-02-26,3
z8Jc9qi1,2026-06-24,1
z8Jc9qi1,2026-07-03,3
z8Jc9qi1,2026-07-05,2
z8Jc9qi1,2026-07-13,1
z8Jc9qi1,2026-07-14,1
z8Jc9qi1,2026-07-15,1
z8MXpGpX,2026-01-08,1
z8MXpGpX,2026-01-25,1
z8MXpGpX,2026-02-02,1
z95Ta7cC,2026-02-08,4
z95Ta7cC,2026-02-13,3
z95Ta7cC,2026-02-16,1
z95Ta7cC,2026-02-18,1
z95Ta7cC,2026-02-21,3
z9XOqkJ4,2025-03-01,1
z9XOqkJ4,2025-03-02,2
z9XOqkJ4,2025-03-03,2
z9XOqkJ4,2025-03-04,1
z9YPEFnR,2025-09-15,1
zA1ZEJaM,2025-05-10,1
zAAF90Ti,2025-05-02,1
zAvuhCNu,2026-08-27,1
zB3fhlwX,2026-08-20,1
zB3fhlwX,2026-09-16,1
zB3fhlwX,2026-09-17,2
zB3fhlwX,2026-09-18,1
zB3fhlwX,2026-09-19,1
zB3fhlwX,2026-09-20,9
zBCa88eL,2025-10-03,1
zBEnyOga,2026-02-28,1
zBEnyOga,2026-03-09,2
zBZUpPWU,2026-06-23,1
zBZUpPWU,2026-07-09,1
zDC5xF8p,2025-05-14,1
zFtDNdgX,2025-04-26,1
zFtDNdgX,2025-04-29,3
zFtDNdgX,2025-04-30,3
zG2c5n5q,2025-07-30,1
zG2c5n5q,2025-08-01,1
zGMGPmUP,2026-02-27,1
zGMGPmUP,2026-03-02,1
zGMGPmUP,2026-03-04,1
zGMGPmUP,2026-03-06,1
zGMGPmUP,2026-03-07,1
zGMGPmUP,2026-03-10,1
zGMGPmUP,2026-03-15,1
zGMGPmUP,2026-03-20,1
zH1LJBCj,2025-06-13,1
zHkbdPuK,2025-05-24,3
zHmBeD93,2025-09-15,2
zHmBeD93,2025-09-16,1
zHmBeD93,2025-09-23,5
zHmBeD93,2025-09-26,2
zHmBeD93,2025-09-28,1
zHuZJTM2,2025-02-14,2
zHuZJTM2,2025-02-18,2
zIIYXTIr,2026-02-03,1
zIIYXTIr,2026-02-08,1
zIiTiHWL,2026-02-08,2
zIiTiHWL,2026-02-13,1
zIiTiHWL,2026-02-14,1
zIiTiHWL,2026-02-25,1
zIxsmoaj,2026-05-29,2
zIxsmoaj,2026-06-20,1
zJ4fy2o8,2025-05-05,1
zJ4fy2o8,2025-05-10,1
zKGlapKZ,2025-09-17,1
zKW5voX9,2025-10-04,1
zKW5voX9,2025-10-07,1
zL3gdrWQ,2026-08-23,1
zL3gdrWQ,2026-09-05,1
zL3gdrWQ,2026-09-11,1
zL3gdrWQ,2026-09-18,1
zL3gdrWQ,2026-09-21,1
zL7Jd53h,2025-01-22,1
zLPKE5uv,2025-12-07,1
zLPKE5uv,2025-12-15,1
zLPKE5uv,2025-12-19,2
zLVM1970,2026-08-31,1
zLVM1970,2026-09-06,2
zLVM1970,2026-09-13,1
zLVM1970,2026-09-14,1
zLVM1970,2026-09-15,1
zLVM1970,2026-09-16,1
zLVM1970,2026-09-17,3
zLVM1970,2026-09-18,1
zLVM1970,2026-09-19,4
zLVM1970,2026-09-20,2
zLnp3tGz,2026-07-17,1
zLnp3tGz,2026-07-19,1
zLnp3tGz,2026-07-22,1
zLnp3tGz,2026-07-27,1
zLnp3tGz,2026-08-03,1
zLnp3tGz,2026-08-10,1
zLnp3tGz,2026-08-13,1
zLnp3tGz,2026-08-16,1
zNZqcDz4,2026-08-27,1
zNZqcDz4,2026-08-29,1
zNZqcDz4,2026-09-04,1
zOEdzOPy,2025-08-15,1
zOHdB14i,2025-05-28,1
zOHdB14i,2025-05-29,1
zOHdB14i,2025-05-30,1
zOHdB14i,2025-05-31,1
zOHdB14i,2025-06-02,2
zOHdB14i,2025-06-04,2
zOHdB14i,2025-06-05,2
zOHdB14i,2025-06-07,2
zOHdB14i,2025-06-08,1
zOHdB14i,2025-06-09,2
zOHdB14i,2025-06-10,1
zOHdB14i,2025-06-11,1
zOHdB14i,2025-06-12,1
zOHdB14i,2025-06-13,1
zOHdB14i,2025-06-15,1
zOHdB14i,2025-06-16,2
zOHdB14i,2025-06-17,1
zOHdB14i,2025-06-18,1
zOHdB14i,2025-06-19,1
zOHdB14i,2025-06-20,1
zOHdB14i,2025-06-21,1
zOHdB14i,2025-06-22,1
zOHdB14i,2025-06-23,1
zOHdB14i,2025-06-24,1
zOHdB14i,2025-06-25,2
zOHdB14i,2025-06-26,1
zOUlzmeq,2025-12-10,2
zOUlzmeq,2025-12-11,1
zOUlzmeq,2025-12-15,1
zOUzkf56,2026-03-30,1
zOoH84u9,2025-09-19,1
zOoH84u9,2025-09-21,1
zPLpNgMT,2025-05-24,1
zQ2FaBS4,2026-06-26,3
zQ2FaBS4,2026-06-27,1
zQ2FaBS4,2026-06-29,1
zQ2FaBS4,2026-06-30,1
zQ2FaBS4,2026-07-04,3
zQ2FaBS4,2026-07-05,2
zQ2FaBS4,2026-07-06,2
zQ2FaBS4,2026-07-07,2
zQ2FaBS4,2026-07-12,3
zQ2FaBS4,2026-07-13,1
zQ2FaBS4,2026-07-14,1
zQ2FaBS4,2026-07-16,3
zQ3FaqxR,2026-08-31,1
zQ3FaqxR,2026-09-15,1
zQ3FaqxR,2026-09-16,2
zQ3FaqxR,2026-09-17,6
zQ3FaqxR,2026-09-18,2
zQ3FaqxR,2026-09-19,7
zQ3FaqxR,2026-09-20,2
zQN5JOLQ,2026-07-03,2
zRAtAzqE,2025-08-27,1
zRrjZQh1,2025-04-13,1
zSSRIL12,2025-09-09,1
zSSRIL12,2025-09-11,1
zSWrF6HY,2025-12-15,1
zTGrIwoh,2025-11-02,1
zTGrIwoh,2025-11-09,1
zTGrIwoh,2025-11-10,1
zTNnPtmF,2025-11-14,9
zTNnPtmF,2025-11-15,11
zTNnPtmF,2025-11-17,1
zTjjkkGP,2025-06-13,1
zTuoBscW,2025-11-29,1
zTuoBscW,2025-12-01,1
zTuoBscW,2025-12-02,2
zTuoBscW,2025-12-05,2
zTuoBscW,2025-12-07,1
zTuoBscW,2025-12-08,1
zTuoBscW,2025-12-21,1
zTuoBscW,2025-12-27,1
zUEa3NPe,2026-04-01,1
zUQ4d3lM,2025-03-06,1
zUQ4d3lM,2025-03-07,1
zUkjEg0H,2026-02-16,1
zUkjEg0H,2026-02-19,1
zUrrqhG8,2025-06-27,5
zYEjUeTO,2026-01-13,1
zYEjUeTO,2026-01-23,1
zZvxbUjq,2025-12-01,1
za8AdfVI,2025-03-01,2
za8AdfVI,2025-03-03,6
za8AdfVI,2025-03-06,8
za8AdfVI,2025-03-07,2
za8N3MgG,2025-12-05,1
za8N3MgG,2025-12-09,1
zayCvR6m,2026-01-01,1
zayCvR6m,2026-01-13,1
zayCvR6m,2026-01-18,1
zbWtkQXK,2026-05-25,1
zbWtkQXK,2026-05-27,2
zbWtkQXK,2026-05-29,1
zbWtkQXK,2026-06-06,1
zbWtkQXK,2026-06-12,1
zbWtkQXK,2026-06-13,1
zbWtkQXK,2026-06-16,1
zbWtkQXK,2026-06-19,1
zbWtkQXK,2026-06-21,1
zbblMEBi,2026-02-08,3
zbblMEBi,2026-02-15,4
zbblMEBi,2026-02-19,2
zbblMEBi,2026-02-23,1
zcKFt8nf,2025-06-24,1
zd1fMNj9,2026-05-26,1
zdNp93tF,2025-11-22,2
zdNp93tF,2025-11-24,1
zdNp93tF,2025-11-25,1
zdNp93tF,2025-11-26,14
zdNp93tF,2025-11-27,1
zdNp93tF,2025-11-28,2
zdNp93tF,2025-11-29,2
zdWl8g3R,2025-03-04,1
zdcGtwd3,2026-05-12,1
zeFYDHlz,2026-01-01,1
zeFYDHlz,2026-01-18,2
zeFYDHlz,2026-01-30,1
zgGM4DRv,2025-11-02,2
zgGM4DRv,2025-11-10,1
zgGM4DRv,2025-11-15,1
zgGM4DRv,2025-11-16,1
zgGM4DRv,2025-11-17,1
zgRc0Lj7,2025-09-16,1
zgexkY7x,2026-01-03,1
zh2WpxJE,2025-09-13,2
zh7rHi0l,2025-03-31,1
zi8cO9Ak,2025-02-21,1
zi8cO9Ak,2025-02-22,4
zi8cO9Ak,2025-02-23,2
zi8cO9Ak,2025-02-28,1
ziwhUee8,2025-03-21,1
ziwhUee8,2025-03-22,1
ziwhUee8,2025-03-27,1
zjROtzOL,2025-04-12,1
zkuBUI8E,2025-12-26,2
zm5AqItt,2025-02-19,2
zm7P4hVj,2026-03-23,1
zmK9Kpb6,2025-05-31,1
zmtb4rgo,2025-06-19,1
zn2xd77I,2026-09-01,1
znKK2ikB,2026-01-01,1
znKK2ikB,2026-01-22,1
znkbf2sO,2026-03-06,1
znkbf2sO,2026-03-07,2
znkbf2sO,2026-03-08,1
znkbf2sO,2026-03-09,1
znkbf2sO,2026-03-10,3
znkbf2sO,2026-03-11,2
znkbf2sO,2026-03-12,1
znkbf2sO,2026-03-13,1
znkbf2sO,2026-03-14,2
znkbf2sO,2026-03-16,2
znkbf2sO,2026-03-17,2
znkbf2sO,2026-03-19,1
znkbf2sO,2026-03-20,1
znkbf2sO,2026-03-21,1
znkbf2sO,2026-03-23,1
znmvDElH,2025-08-27,1
zoeO2oao,2025-11-22,2
zoeO2oao,2025-11-25,2
zoeO2oao,2025-11-28,1
zoh6e9qk,2026-05-01,1
zoh6e9qk,2026-05-02,1
zpjwgk3g,2025-11-25,1
zqdYb75Z,2026-09-05,1
zqdYb75Z,2026-09-06,1
zqdYb75Z,2026-09-07,1
zqdYb75Z,2026-09-14,1
zqdYb75Z,2026-09-20,1
zrm1p0qk,2025-05-11,1
zsLy5WIG,2025-03-11,1
zsLy5WIG,2025-03-14,1
zsLy5WIG,2025-03-16,1
zsLy5WIG,2025-03-17,1
zscew2qb,2025-11-29,1
zscew2qb,2025-12-08,1
ztUyzLOD,2026-01-01,1
ztUyzLOD,2026-01-02,1
ztUyzLOD,2026-01-05,1
ztUyzLOD,2026-01-07,1
ztUyzLOD,2026-01-09,1
ztUyzLOD,2026-01-18,2
ztUyzLOD,2026-01-23,1
ztUyzLOD,2026-01-27,2
ztUyzLOD,2026-01-31,1
ztnpOf1i,2026-08-14,1
ztzkm5cU,2025-03-25,2
zuTchjKR,2025-11-07,1
zuTchjKR,2025-11-09,1
zvmLX6fE,2025-05-02,1
zvmLX6fE,2025-05-09,1
zvmLX6fE,2025-05-12,1
zvyhpwyH,2026-06-23,1
zvyhpwyH,2026-06-28,1
zvyhpwyH,2026-07-12,3
zwaLcsR3,2026-06-01,1
zwlY7mwx,2026-03-09,1
zxlJv6SP,2026-07-22,1
zy9OddNN,2026-03-26,1
zy9OddNN,2026-03-29,1
zyYXWo9p,2025-11-15,1
zydnKc03,2026-09-04,1
zydnKc03,2026-09-06,1
zydnKc03,2026-09-19,1
zydnKc03,2026-09-20,1
zydnKc03,2026-09-21,3
zyhfeUCs,2026-08-29,1
zyhfeUCs,2026-08-30,1
zyhfeUCs,2026-09-11,1
zyhfeUCs,2026-09-15,2
zyhfeUCs,2026-09-17,2
zyhfeUCs,2026-09-18,1
zyhfeUCs,2026-09-20,1
zyhfeUCs,2026-09-21,2
zzn5ikoG,2026-07-11,1
zzn5ikoG,2026-07-12,1
